method,missing,chr,MAF_bin,Num_SNPs,Bin_Acc,Bin_R2,Bin_Precision,Bin_Recall,Bin_F1,Bin_Acc_sd,Bin_R2_sd,Bin_Precision_sd,Bin_Recall_sd,Bin_F1_sd,Overall Acc,Overall R2,Overall Precision,Overall Recall,Overall F1
biunet,5%,1, 0.1%~0.5%,357366.0,0.9994339800117729,0.9593464245732529,0.9667729962553185,0.9979845586012246,0.9820072737666719,1.8825526145045466e-06,0.00012015334100344576,0.00010514828935226973,1.623896505414419e-05,4.9418287100635997e-05,0.9961863784117991,0.9778313965847598,0.9935921425006814,0.9836780695016866,0.9885876901812009
biunet,5%,1, 0.5%~1%,238160.0,0.9993951675562497,0.978506339141273,0.9825301325179238,0.9975909323327,0.989965147807664,1.83769080825388e-06,3.8057689391985384e-05,6.040485101989019e-05,6.804296187843634e-06,2.945069492732092e-05,0.9961863784117991,0.9778313965847598,0.9935921425006814,0.9836780695016866,0.9885876901812009
biunet,5%,1, 1%~10%,485357.0,0.9968243359043362,0.9764294851746377,0.994120841947456,0.977365461213804,0.9856074154622826,2.642726239543412e-06,4.8924948319994154e-05,1.1513103387398165e-05,1.0121427271863537e-05,1.0734170094345438e-05,0.9961863784117991,0.9778313965847598,0.9935921425006814,0.9836780695016866,0.9885876901812009
biunet,5%,1, 10%~20%,104787.0,0.9887698557020911,0.9680838163751425,0.9930654829364008,0.977725637872008,0.985236527617548,4.268842380615641e-06,2.5937356952994102e-05,3.284819460777827e-06,7.636031813789697e-06,3.787006311749532e-06,0.9961863784117991,0.9778313965847598,0.9935921425006814,0.9836780695016866,0.9885876901812009
biunet,5%,1, 20%~30%,66311.0,0.9863627777386273,0.9634241943005161,0.9899576966474083,0.9822778679892378,0.9860369656440784,8.641127804759123e-06,2.758357952001778e-05,9.673012413360257e-06,1.2221945853890147e-05,9.193364190883519e-06,0.9961863784117991,0.9778313965847598,0.9935921425006814,0.9836780695016866,0.9885876901812009
biunet,5%,1, 30%~40%,52037.0,0.9874721342981241,0.9639828934750115,0.9890698170432394,0.9866146266034477,0.9878078886170488,1.6505303221360406e-05,4.274110894512126e-05,1.854554897913758e-05,1.6050833317040813e-05,1.705024002068342e-05,0.9961863784117991,0.9778313965847598,0.9935921425006814,0.9836780695016866,0.9885876901812009
biunet,5%,1, 40%~50%,46984.0,0.9886860872411977,0.9652922971964513,0.989208993804508,0.9885306348344082,0.9888477472747912,2.3565555340255212e-05,3.821255308992766e-05,2.44071872078206e-05,2.260400557125611e-05,2.3444756267901657e-05,0.9961863784117991,0.9778313965847598,0.9935921425006814,0.9836780695016866,0.9885876901812009
biunet,5%,1, Overall,1351002.0,0.9961863784117991,0.9778313965847598,0.9935921425006814,0.9836780695016866,0.9885876901812009,1.294684290298315e-06,1.4987891260225457e-05,1.561777487618044e-06,3.86776210376733e-06,2.7512123865231918e-06,0.9961863784117991,0.9778313965847598,0.9935921425006814,0.9836780695016866,0.9885876901812009
biunet,15%,1, 0.1%~0.5%,357366.0,0.9978839401116834,0.8666815288986482,0.9062685202144024,0.9646807427789046,0.9341850195190066,3.7825785025785986e-06,0.00016910988800352732,0.0002056231079157773,3.550385688997844e-05,0.00012608876919103333,0.9876746853706887,0.9297546832176818,0.9798794961937646,0.9462258341229196,0.9624792667266376
biunet,15%,1, 0.5%~1%,238160.0,0.9963732457927336,0.8980736599778293,0.9453095915190587,0.928451053848596,0.9366182821059206,3.0986276861632844e-06,8.637963149490622e-05,6.525393729662932e-05,4.29144410121685e-05,4.423822883505993e-05,0.9876746853706887,0.9297546832176818,0.9798794961937646,0.9462258341229196,0.9624792667266376
biunet,15%,1, 1%~10%,485357.0,0.9897057416137938,0.9248730894255076,0.9812987084795756,0.9252155220996788,0.9516340369211308,1.4984095303696106e-06,2.3699686033923542e-05,1.1845845440651536e-05,1.3933502864894156e-06,5.316535523952828e-06,0.9876746853706887,0.9297546832176818,0.9798794961937646,0.9462258341229196,0.9624792667266376
biunet,15%,1, 10%~20%,104787.0,0.9660166317470157,0.9051761454526837,0.9788520684448413,0.9325731503841626,0.9542244194543666,1.3353326672909258e-05,7.724714060638091e-05,1.9731267345458774e-05,2.0211436077361565e-05,2.0772134857004755e-05,0.9876746853706887,0.9297546832176818,0.9798794961937646,0.9462258341229196,0.9624792667266376
biunet,15%,1, 20%~30%,66311.0,0.9580378620319633,0.8906364318397607,0.9693780218507119,0.9453522593208681,0.9565947397947466,1.8646654141931195e-05,3.666108138959764e-05,1.6738537468998708e-05,1.4918595838297103e-05,1.542863134862466e-05,0.9876746853706887,0.9297546832176818,0.9798794961937646,0.9462258341229196,0.9624792667266376
biunet,15%,1, 30%~40%,52037.0,0.9609987463098122,0.8905999089892553,0.9664073675459504,0.9582820369826232,0.9620124254075336,5.1247249229024706e-05,4.143035933891413e-05,3.497358087751294e-05,6.571768052594569e-05,5.2737493300620946e-05,0.9876746853706887,0.9297546832176818,0.9798794961937646,0.9462258341229196,0.9624792667266376
biunet,15%,1, 40%~50%,46984.0,0.9646240437377814,0.8938174637027186,0.9666823554600054,0.9641335028280104,0.9651927035039011,2.5037288312633385e-05,2.6559531931622635e-05,2.0128729892389338e-05,2.8705629918019815e-05,2.509741158761843e-05,0.9876746853706887,0.9297546832176818,0.9798794961937646,0.9462258341229196,0.9624792667266376
biunet,15%,1, Overall,1351002.0,0.9876746853706887,0.9297546832176818,0.9798794961937646,0.9462258341229196,0.9624792667266376,3.6376811371634384e-06,1.8005309991991455e-05,8.509508780952425e-06,1.3495904712153543e-05,1.0127283118324017e-05,0.9876746853706887,0.9297546832176818,0.9798794961937646,0.9462258341229196,0.9624792667266376
biunet,25%,1, 0.1%~0.5%,357366.0,0.9950812729671648,0.7266557077349036,0.8326402640002267,0.8468166037495024,0.8390327638560953,3.685289189029637e-06,0.00011460077643199992,0.00017573613792111576,2.7385404645273983e-05,9.232932749112289e-05,0.9780967434002686,0.8766763376250996,0.9642701997084019,0.9032569396824291,0.9317807258309339
biunet,25%,1, 0.5%~1%,238160.0,0.9930928521282515,0.8133977225269948,0.9023357836148307,0.8494475674631868,0.8735965775792169,9.57930760829304e-06,0.00021765274963960246,0.00026548393852745454,8.22527780252655e-05,0.00015066806849797486,0.9780967434002686,0.8766763376250996,0.9642701997084019,0.9032569396824291,0.9317807258309339
biunet,25%,1, 1%~10%,485357.0,0.9820940682255254,0.8701599389864744,0.9664304046953877,0.8687608777667272,0.9123321893626514,1.5942568485740837e-06,4.2886172394287765e-05,1.1465666858921757e-05,6.676898330441226e-06,7.053722500626361e-06,0.9780967434002686,0.8766763376250996,0.9642701997084019,0.9032569396824291,0.9317807258309339
biunet,25%,1, 10%~20%,104787.0,0.9415842818474794,0.8403848272985144,0.9632942332043832,0.8839200738475906,0.9190831278986323,1.8907182967465967e-05,4.032796532025904e-05,3.012502125979344e-05,2.386454598067052e-05,2.7136164585029523e-05,0.9780967434002686,0.8766763376250996,0.9642701997084019,0.9032569396824291,0.9317807258309339
biunet,25%,1, 20%~30%,66311.0,0.926967864048998,0.8149885892436938,0.947076132242706,0.9047388640663178,0.923563556863102,1.8235363439825606e-05,0.00012620125717418236,1.681222409168548e-05,3.294128476987004e-05,2.7335960473810404e-05,0.9780967434002686,0.8766763376250996,0.9642701997084019,0.9032569396824291,0.9317807258309339
biunet,25%,1, 30%~40%,52037.0,0.931174569094385,0.8125309862875061,0.9415094189965648,0.9263008275268475,0.9328743827574025,2.7292184699015026e-05,0.00015974370864747748,2.2100119251053658e-05,2.4573457528215997e-05,2.3390021047217962e-05,0.9780967434002686,0.8766763376250996,0.9642701997084019,0.9032569396824291,0.9317807258309339
biunet,25%,1, 40%~50%,46984.0,0.9371643276561317,0.8165712449223396,0.9416427486232042,0.936273456505836,0.9382861936678498,3.057015403794488e-05,4.830257953285999e-05,3.286083694141406e-05,3.101325486219877e-05,3.144256990026471e-05,0.9780967434002686,0.8766763376250996,0.9642701997084019,0.9032569396824291,0.9317807258309339
biunet,25%,1, Overall,1351002.0,0.9780967434002686,0.8766763376250996,0.9642701997084019,0.9032569396824291,0.9317807258309339,2.951065386730467e-06,3.8433378787993264e-05,6.505476593862814e-06,1.0836822567697686e-05,8.247172135038857e-06,0.9780967434002686,0.8766763376250996,0.9642701997084019,0.9032569396824291,0.9317807258309339
biunet,5%,2, 0.1%~0.5%,392587.0,0.9994633046438831,0.9584807435947452,0.9675536977301104,0.9978950455480432,0.9823796070356717,1.871123389082748e-06,0.00015426744773053681,0.00011024412259724873,2.917183062725604e-06,5.612342113738512e-05,0.9962659700386604,0.9776317765920526,0.9936992660756436,0.9834186180616528,0.9885083814613336
biunet,5%,2, 0.5%~1%,254390.0,0.9994147584636845,0.9792533928016386,0.9831394548880409,0.9975085882107476,0.9902354150949705,2.9715803688984656e-06,0.00015244257590937114,7.973545423763138e-05,1.752704784763669e-05,3.1911278296261334e-05,0.9962659700386604,0.9776317765920526,0.9936992660756436,0.9834186180616528,0.9885083814613336
biunet,5%,2, 1%~10%,523727.0,0.9968325078892546,0.9761775938377815,0.9943999517379357,0.9772047429622814,0.9856593907623293,7.573100021386117e-07,1.2358308662513398e-05,5.6801586727861155e-06,3.880052430866593e-06,1.7621756932567986e-06,0.9962659700386604,0.9776317765920526,0.9936992660756436,0.9834186180616528,0.9885083814613336
biunet,5%,2, 10%~20%,108435.0,0.9887439006494226,0.9678329090133633,0.9931641892203739,0.9776025516566387,0.9852205737617669,1.2906662820164888e-05,9.049899460905995e-06,2.3385125220903447e-05,1.9213533628890534e-05,2.1166575385126575e-05,0.9962659700386604,0.9776317765920526,0.9936992660756436,0.9834186180616528,0.9885083814613336
biunet,5%,2, 20%~30%,69984.0,0.986477897826945,0.963727335895598,0.9900307503610271,0.9825471217537479,0.9862096245368294,1.003266501405572e-05,7.24664140533584e-05,1.7766906355261492e-05,1.0939305111697456e-05,1.4132126409346122e-05,0.9962659700386604,0.9776317765920526,0.9936992660756436,0.9834186180616528,0.9885083814613336
biunet,5%,2, 30%~40%,52968.0,0.9874844203707948,0.9639865981825285,0.9890953288248818,0.9866314395251982,0.987826802687101,1.985569290732441e-05,6.743319281974189e-05,1.9208636251556764e-05,2.1893273636711128e-05,2.0484999991131766e-05,0.9962659700386604,0.9776317765920526,0.9936992660756436,0.9834186180616528,0.9885083814613336
biunet,5%,2, 40%~50%,46163.0,0.9878792037044466,0.9628858756329706,0.9884997373605856,0.9876939648937291,0.9880696406005155,3.30366389182901e-05,0.00022320616048386284,3.244060114870794e-05,3.0350120892641454e-05,3.131451407578891e-05,0.9962659700386604,0.9776317765920526,0.9936992660756436,0.9834186180616528,0.9885083814613336
biunet,5%,2, Overall,1448254.0,0.9962659700386604,0.9776317765920526,0.9936992660756436,0.9834186180616528,0.9885083814613336,7.746084665630718e-07,2.833441679810557e-05,4.878281788398536e-06,2.1693732333990073e-06,2.8182076559632585e-06,0.9962659700386604,0.9776317765920526,0.9936992660756436,0.9834186180616528,0.9885083814613336
biunet,15%,2, 0.1%~0.5%,392587.0,0.9979792713791534,0.8633049247497994,0.9082228586428935,0.9647436238073431,0.9352941105582744,2.7929823332162597e-06,0.0004098382390240953,0.00015482120808178192,4.414018345361805e-05,8.621218687275182e-05,0.9879231187105432,0.9290951023836103,0.9801931011991831,0.9453705283248753,0.9621723893348628
biunet,15%,2, 0.5%~1%,254390.0,0.9964275385074592,0.9000106366918609,0.9466894318517717,0.9282733958304843,0.9372007014535462,1.656114440841328e-06,0.00021697231403401717,7.440107057170107e-05,3.2420356331093455e-05,3.284060783459658e-05,0.9879231187105432,0.9290951023836103,0.9801931011991831,0.9453705283248753,0.9621723893348628
biunet,15%,2, 1%~10%,523727.0,0.9897366516354462,0.9240941788455065,0.9821654665780769,0.9248441718978356,0.9518100991609687,1.4219003202375597e-06,4.474525810051974e-05,2.7028195241005772e-05,1.1655594736356306e-05,1.673468919740617e-05,0.9879231187105432,0.9290951023836103,0.9801931011991831,0.9453705283248753,0.9621723893348628
biunet,15%,2, 10%~20%,108435.0,0.9659230124078352,0.9043650602557394,0.9791100755857314,0.9321911324565368,0.9541321183866707,8.186649917999449e-06,9.278787920411673e-05,2.0795598524169035e-05,8.927139024142018e-06,1.2790326464417985e-05,0.9879231187105432,0.9290951023836103,0.9801931011991831,0.9453705283248753,0.9621723893348628
biunet,15%,2, 20%~30%,69984.0,0.958413290048408,0.8915366243193762,0.969670516080248,0.9462125669809972,0.9571845587954074,3.1636642487989385e-05,0.0001443086866123374,2.7273285543945573e-05,4.395332962434593e-05,3.578865152456191e-05,0.9879231187105432,0.9290951023836103,0.9801931011991831,0.9453705283248753,0.9621723893348628
biunet,15%,2, 30%~40%,52968.0,0.9610521473232326,0.8908715724175575,0.9665354136223544,0.9583503813212012,0.9620896614324036,2.0144773641511065e-05,0.00016901654892535065,1.7853235319625077e-05,2.222069736935075e-05,1.8187163099383026e-05,0.9879231187105432,0.9290951023836103,0.9801931011991831,0.9453705283248753,0.9621723893348628
biunet,15%,2, 40%~50%,46163.0,0.9622087732489879,0.8871353582774081,0.9646442189873805,0.9616194744259349,0.9628694235223761,2.907538761376774e-05,0.0001347163144969439,3.073211359840371e-05,3.0326877934512717e-05,3.0238856589592925e-05,0.9879231187105432,0.9290951023836103,0.9801931011991831,0.9453705283248753,0.9621723893348628
biunet,15%,2, Overall,1448254.0,0.9879231187105432,0.9290951023836103,0.9801931011991831,0.9453705283248753,0.9621723893348628,4.945772758293176e-07,3.484223897407433e-05,4.670677916676346e-06,3.7143913861295374e-06,3.9504445972031e-06,0.9879231187105432,0.9290951023836103,0.9801931011991831,0.9453705283248753,0.9621723893348628
biunet,25%,2, 0.1%~0.5%,392587.0,0.9952351394551594,0.7168264996292981,0.8356714376831328,0.8463179805914393,0.840148553103551,2.4203169393154555e-06,0.00012407752799506572,0.0001322714483903179,3.028309918324737e-05,5.471706897852574e-05,0.9785256449082399,0.8754304360748559,0.9648211247222213,0.9016818351916595,0.9311416686132543
biunet,25%,2, 0.5%~1%,254390.0,0.9931919897250667,0.8163719393371597,0.9048630081195208,0.849107775348648,0.8745588867887979,3.462370964094509e-06,0.00014164103178775152,0.00011936776352157437,2.1533603795698968e-05,5.653897197959847e-05,0.9785256449082399,0.8754304360748559,0.9648211247222213,0.9016818351916595,0.9311416686132543
biunet,25%,2, 1%~10%,523727.0,0.9821516208377442,0.8688259368286455,0.9679913099363651,0.8681835284185633,0.912592170011863,9.965672911786117e-07,2.865284213893536e-05,1.5425650036984833e-06,1.1475786970471756e-05,8.265403185030477e-06,0.9785256449082399,0.8754304360748559,0.9648211247222213,0.9016818351916595,0.9311416686132543
biunet,25%,2, 10%~20%,108435.0,0.9414250785296957,0.838899870676196,0.9638494080631966,0.8832481836454699,0.9189227799607381,1.4791574602616138e-05,7.938418416343224e-05,5.783983570880488e-05,1.2290481747295641e-05,2.3021220187865013e-05,0.9785256449082399,0.8754304360748559,0.9648211247222213,0.9016818351916595,0.9311416686132543
biunet,25%,2, 20%~30%,69984.0,0.9275515917308349,0.8165904285814896,0.9476090552729879,0.9061386764610689,0.9245621818547365,6.261578391745494e-05,0.00025568146463371833,7.252525776000725e-05,5.684607166563538e-05,6.194995217726986e-05,0.9785256449082399,0.8754304360748559,0.9648211247222213,0.9016818351916595,0.9311416686132543
biunet,25%,2, 30%~40%,52968.0,0.931324415401393,0.8132631651228156,0.9418104602471163,0.9265054612633459,0.9330734162867965,1.827842551953783e-05,0.0001269971723350543,1.6439289527416246e-05,1.9454194816936973e-05,1.6988134902605113e-05,0.9785256449082399,0.8754304360748559,0.9648211247222213,0.9016818351916595,0.9311416686132543
biunet,25%,2, 40%~50%,46163.0,0.9330476536179851,0.8055054630739731,0.9382977640301516,0.9320028928835683,0.9343481819224891,1.5364448220672214e-05,6.582572749361641e-05,1.2164761409876327e-05,1.904819549465535e-05,1.6639775422581825e-05,0.9785256449082399,0.8754304360748559,0.9648211247222213,0.9016818351916595,0.9311416686132543
biunet,25%,2, Overall,1448254.0,0.9785256449082399,0.8754304360748559,0.9648211247222213,0.9016818351916595,0.9311416686132543,3.018029345792008e-06,2.5179012832696752e-05,3.123616941251396e-06,1.2966705238803358e-05,8.361108306414935e-06,0.9785256449082399,0.8754304360748559,0.9648211247222213,0.9016818351916595,0.9311416686132543
biunet,5%,3, 0.1%~0.5%,327569.0,0.9994370249283598,0.9524161740124549,0.9645442237664721,0.9976131409678234,0.9806809760426924,1.977595866892876e-06,0.00012304024379949878,9.218826379018999e-05,4.958014371104119e-05,4.8106456109863925e-05,0.9961602439608823,0.9778625994971087,0.993657521059891,0.9837283402749374,0.9886449733689328
biunet,5%,3, 0.5%~1%,217095.0,0.9993972080523701,0.9765198368478624,0.9819563997856862,0.9974353055933278,0.9895989897162362,1.375965006316822e-06,5.080850955884323e-05,3.357890645351978e-05,1.85859877339933e-05,2.6177407503895035e-05,0.9961602439608823,0.9778625994971087,0.993657521059891,0.9837283402749374,0.9886449733689328
biunet,5%,3, 1%~10%,442087.0,0.9967559677468643,0.9754865470744924,0.9941648084276906,0.9771006025783796,0.985491117470771,6.185969101461407e-07,1.9319228757216822e-05,1.3357069814213958e-05,6.687935423549033e-06,3.0561902780386617e-06,0.9961602439608823,0.9778625994971087,0.993657521059891,0.9837283402749374,0.9886449733689328
biunet,5%,3, 10%~20%,97918.0,0.9887170017922707,0.9682477278118097,0.9930802380287066,0.9777688721413677,0.9852643468973487,3.6082458652053905e-06,6.269175454786637e-05,8.07320830914421e-06,9.592076880023888e-07,4.138292566719519e-06,0.9961602439608823,0.9778625994971087,0.993657521059891,0.9837283402749374,0.9886449733689328
biunet,5%,3, 20%~30%,60497.0,0.9866240211808678,0.964717020131729,0.9900658315682275,0.9829518565469032,0.9864318470826025,4.097045741655894e-06,5.3972855464086665e-05,8.004754705423967e-06,2.2535044881922907e-06,2.734824921142976e-06,0.9961602439608823,0.9778625994971087,0.993657521059891,0.9837283402749374,0.9886449733689328
biunet,5%,3, 30%~40%,48858.0,0.9876728198284562,0.9648464247426874,0.9891890623850216,0.9868794655084447,0.9880009398507394,1.9029460454892524e-05,0.00010373370611926484,1.4514296649368066e-05,2.104277902481868e-05,1.7963545842514885e-05,0.9961602439608823,0.9778625994971087,0.993657521059891,0.9837283402749374,0.9886449733689328
biunet,5%,3, 40%~50%,42874.0,0.9887188225609714,0.9653929248101522,0.989242371387227,0.9885698053677432,0.9888829680412559,4.411408778414954e-05,6.623481748080405e-05,4.355913942552095e-05,4.547142838841166e-05,4.4581649125801626e-05,0.9961602439608823,0.9778625994971087,0.993657521059891,0.9837283402749374,0.9886449733689328
biunet,5%,3, Overall,1236898.0,0.9961602439608823,0.9778625994971087,0.993657521059891,0.9837283402749374,0.9886449733689328,2.2131964284458134e-06,2.26021253890341e-05,1.144740953225767e-05,5.876389382128558e-06,8.3312105470087e-06,0.9961602439608823,0.9778625994971087,0.993657521059891,0.9837283402749374,0.9886449733689328
biunet,15%,3, 0.1%~0.5%,327569.0,0.9978970790550186,0.8454583994947463,0.9004141075315855,0.9634526252244608,0.9304607056782833,3.047491097261406e-06,0.00015428428456842866,0.0001714427803215468,1.9218214882961195e-05,8.646371855014629e-05,0.9876266942704522,0.9300651101086523,0.980102174024355,0.9466239830969426,0.9627921137095923
biunet,15%,3, 0.5%~1%,217095.0,0.9963799731277078,0.888681987370093,0.943471841532276,0.9277239624306417,0.9353236303958857,1.4364983921156156e-06,0.0001357526243937105,6.352291822394171e-05,4.1907241416515106e-05,4.0281424275710806e-05,0.9876266942704522,0.9300651101086523,0.980102174024355,0.9466239830969426,0.9627921137095923
biunet,15%,3, 1%~10%,442087.0,0.9895517127522139,0.9223196911153234,0.9814697684532444,0.9249937148298187,0.9515786975966449,4.279255967803942e-06,4.4651249839191825e-05,4.591664334399297e-05,7.38753645049369e-06,2.0847851353077112e-05,0.9876266942704522,0.9300651101086523,0.980102174024355,0.9466239830969426,0.9627921137095923
biunet,15%,3, 10%~20%,97918.0,0.9658588647064067,0.9056485725556068,0.9788370436250288,0.9327595661639488,0.9543075433391678,7.668989565030321e-06,1.8852753487229816e-05,9.945945907868496e-06,1.782595717253322e-05,9.605072014726124e-06,0.9876266942704522,0.9300651101086523,0.980102174024355,0.9466239830969426,0.9627921137095923
biunet,15%,3, 20%~30%,60497.0,0.9588690494933464,0.8944375550598519,0.9697877099013956,0.9474791112504931,0.9579019191922868,3.2253292162671834e-05,0.00024223697687067198,3.616865088803634e-05,3.790231872626445e-05,3.665631739962356e-05,0.9876266942704522,0.9300651101086523,0.980102174024355,0.9466239830969426,0.9627921137095923
biunet,15%,3, 30%~40%,48858.0,0.9617421605282135,0.893760509371124,0.9668875568173995,0.9592304744888226,0.9627373068094736,2.1588163586937057e-05,0.00011012652974652617,2.9681461618321312e-05,2.2735924310751786e-05,2.576424542409946e-05,0.9876266942704522,0.9300651101086523,0.980102174024355,0.9466239830969426,0.9627921137095923
biunet,15%,3, 40%~50%,42874.0,0.9647760558498025,0.8946099801106587,0.9668359769322864,0.9643099793658663,0.9653514837031419,2.444110338487056e-05,0.0001253162384494827,2.4317204047849975e-05,2.2692894643945608e-05,2.321867054610216e-05,0.9876266942704522,0.9300651101086523,0.980102174024355,0.9466239830969426,0.9627921137095923
biunet,15%,3, Overall,1236898.0,0.9876266942704522,0.9300651101086523,0.980102174024355,0.9466239830969426,0.9627921137095923,2.218892750140953e-06,1.9635315767788295e-05,1.6832502239769546e-05,7.22241021488274e-06,8.978137001158076e-06,0.9876266942704522,0.9300651101086523,0.980102174024355,0.9466239830969426,0.9627921137095923
biunet,25%,3, 0.1%~0.5%,327569.0,0.9950970613913865,0.6846181741958741,0.8236010142207163,0.8438664233529146,0.8326318000124777,2.3303583799913035e-06,0.000276232443599259,0.0001043565688959456,0.00010906492350992218,4.0729018709696514e-05,0.9780278677477612,0.8772604613791911,0.9647142123615593,0.9040633109232447,0.932419507115439
biunet,25%,3, 0.5%~1%,217095.0,0.99312883967819,0.7974735607770788,0.8996073102508255,0.8486525685450261,0.8718117866213692,2.641845412064068e-06,9.093589554329292e-05,0.0001288291500886289,1.9168860808146506e-06,5.8575867356161734e-05,0.9780278677477612,0.8772604613791911,0.9647142123615593,0.9040633109232447,0.932419507115439
biunet,25%,3, 1%~10%,442087.0,0.9818380265194663,0.8657080506935797,0.9667449223693692,0.8685186481832007,0.9122866283047567,5.754529807870379e-06,8.282023494349003e-05,4.5952040063289745e-05,1.701716589849884e-05,2.5139428229031422e-05,0.9780278677477612,0.8772604613791911,0.9647142123615593,0.9040633109232447,0.932419507115439
biunet,25%,3, 10%~20%,97918.0,0.9413259991916364,0.8410943009268635,0.9633304174844181,0.8842411183363308,0.9192522562806408,1.863797663322534e-05,5.719081491582984e-05,1.53309208751453e-05,3.5835849942561514e-05,2.876297166005339e-05,0.9780278677477612,0.8772604613791911,0.9647142123615593,0.9040633109232447,0.932419507115439
biunet,25%,3, 20%~30%,60497.0,0.9284034090829337,0.8214764700859298,0.9479342453065079,0.9084039610458182,0.9259360844961377,4.582945532349685e-05,0.00012022399160630517,5.255658159135155e-05,5.237925862803456e-05,5.281802188379963e-05,0.9780278677477612,0.8772604613791911,0.9647142123615593,0.9040633109232447,0.932419507115439
biunet,25%,3, 30%~40%,48858.0,0.9324088155732961,0.8174886742635253,0.9422554163472515,0.9279152412878339,0.9340921590094083,6.087062233947079e-05,0.0002111091737424706,5.3602614613800933e-05,5.841228812304604e-05,5.573641814377672e-05,0.9780278677477612,0.8772604613791911,0.9647142123615593,0.9040633109232447,0.932419507115439
biunet,25%,3, 40%~50%,42874.0,0.9376923319328787,0.8184496240241935,0.9421671497456406,0.9368544905473644,0.9388280607685565,5.630348508758229e-05,0.00017363506968197433,6.0631994438542305e-05,5.5072463477092944e-05,5.690925887684338e-05,0.9780278677477612,0.8772604613791911,0.9647142123615593,0.9040633109232447,0.932419507115439
biunet,25%,3, Overall,1236898.0,0.9780278677477612,0.8772604613791911,0.9647142123615593,0.9040633109232447,0.932419507115439,2.715105499346863e-06,2.8333166062491633e-05,1.396845702554456e-05,1.314991246535143e-05,1.167317307627809e-05,0.9780278677477612,0.8772604613791911,0.9647142123615593,0.9040633109232447,0.932419507115439
biunet,5%,4, 0.1%~0.5%,326690.0,0.9993295388499641,0.9569358360275267,0.9614370050985487,0.9981047014400647,0.9792344310648614,1.9793270783593864e-06,0.0001746514077500173,0.00010810934262980412,1.9818398022336555e-05,6.480812737702461e-05,0.9960613625853494,0.9784530543099513,0.9933932777853368,0.9842703610152274,0.9887909473998188
biunet,5%,4, 0.5%~1%,214523.0,0.9992714641042829,0.9767565735617686,0.9791535196555117,0.9975936062752139,0.9882258569534207,3.0377665751217275e-06,8.294567630544935e-05,9.804761532448892e-05,7.959564569501005e-06,5.4341837206822606e-05,0.9960613625853494,0.9784530543099513,0.9933932777853368,0.9842703610152274,0.9887909473998188
biunet,5%,4, 1%~10%,441846.0,0.9967078006355029,0.9769818029907585,0.9935727782998972,0.9776475406124198,0.985486453705159,2.313525998309136e-06,2.3248566350820962e-05,2.1102563533320254e-05,6.017156651100744e-06,1.0894588038985035e-05,0.9960613625853494,0.9784530543099513,0.9933932777853368,0.9842703610152274,0.9887909473998188
biunet,5%,4, 10%~20%,99906.0,0.9889801990550459,0.969614050803782,0.993102942341241,0.97849993068197,0.9856538027600866,9.26727287582942e-06,2.099358529192013e-05,1.7781568712176373e-05,9.257682764604322e-06,1.3395842409088244e-05,0.9960613625853494,0.9784530543099513,0.9933932777853368,0.9842703610152274,0.9887909473998188
biunet,5%,4, 20%~30%,69440.0,0.9872013223294961,0.9658595743786383,0.9905093318331047,0.983566877213864,0.9869684368974725,5.05847187999679e-06,6.497619621369851e-05,6.902795238107252e-06,2.084256278158618e-06,2.3012597080396948e-06,0.9960613625853494,0.9784530543099513,0.9933932777853368,0.9842703610152274,0.9887909473998188
biunet,5%,4, 30%~40%,49710.0,0.9880168092809014,0.9654475924863947,0.989456861059058,0.9872763140237875,0.9883354626058249,3.0945650991682e-05,3.4772200523408694e-05,3.0926204955186945e-05,3.49397880863081e-05,3.299705700746488e-05,0.9960613625853494,0.9784530543099513,0.9933932777853368,0.9842703610152274,0.9887909473998188
biunet,5%,4, 40%~50%,44556.0,0.9888937417272757,0.9659667526596464,0.9894040173710795,0.9887499171119476,0.9890576240891313,2.222460365366634e-05,0.00011004878122099466,2.0610440656272963e-05,2.3011424666272434e-05,2.1863471923535295e-05,0.9960613625853494,0.9784530543099513,0.9933932777853368,0.9842703610152274,0.9887909473998188
biunet,5%,4, Overall,1246671.0,0.9960613625853494,0.9784530543099513,0.9933932777853368,0.9842703610152274,0.9887909473998188,4.5248658101861803e-07,8.320280808917684e-06,2.0903745918282375e-06,2.0604228551712504e-06,2.0542219393559434e-06,0.9960613625853494,0.9784530543099513,0.9933932777853368,0.9842703610152274,0.9887909473998188
biunet,15%,4, 0.1%~0.5%,326690.0,0.9975902823112541,0.8622194588768467,0.893684178976275,0.9651051127366124,0.9273494856946414,3.528043014044032e-06,0.0004755774412438125,0.00015849056876596633,4.852476101833816e-05,0.00011057587548391874,0.9873283923916009,0.9319915043505086,0.9793420009626984,0.9483341143964568,0.9633432339530509
biunet,15%,4, 0.5%~1%,214523.0,0.996015736791279,0.896726843667332,0.9355753253733363,0.9283440613918845,0.9318653774938449,6.097726983803364e-06,0.00019257521209993024,0.00017898573000478575,3.1812097577206745e-05,8.698257175930679e-05,0.9873283923916009,0.9319915043505086,0.9793420009626984,0.9483341143964568,0.9633432339530509
biunet,15%,4, 1%~10%,441846.0,0.9894116971986988,0.9271317129309473,0.979690143268826,0.9266007905193262,0.9516788541904656,4.131931008796501e-06,4.546302509499522e-05,3.33035097443087e-05,1.0434523636915089e-05,2.0416968446278855e-05,0.9873283923916009,0.9319915043505086,0.9793420009626984,0.9483341143964568,0.9633432339530509
biunet,15%,4, 10%~20%,99906.0,0.9666327666130371,0.9096054385604934,0.9788993104763087,0.9349087424394239,0.9555280848767668,1.3624567253073576e-05,5.777414517766569e-05,2.371921719502064e-05,2.146619887623126e-05,2.2378635576864926e-05,0.9873283923916009,0.9319915043505086,0.9793420009626984,0.9483341143964568,0.9633432339530509
biunet,15%,4, 20%~30%,69440.0,0.9605784716989948,0.8974992151045743,0.9710618370529502,0.9492730978982302,0.9595003909002511,1.8672827343786095e-05,2.2034479469007252e-05,1.3874086969122604e-05,3.094252360219809e-05,2.3138918545089492e-05,0.9873283923916009,0.9319915043505086,0.9793420009626984,0.9483341143964568,0.9633432339530509
biunet,15%,4, 30%~40%,49710.0,0.9626245914517128,0.8950892050480007,0.967529653646948,0.9602606887938766,0.9635918056062803,1.675167295085143e-05,7.169554003082449e-05,1.848232646781546e-05,1.6966095122759916e-05,1.7612167805350216e-05,0.9873283923916009,0.9319915043505086,0.9793420009626984,0.9483341143964568,0.9633432339530509
biunet,15%,4, 40%~50%,44556.0,0.9652565217198368,0.8961381768243011,0.9672290925169014,0.9647953780880713,0.9658225494898449,1.3283020372454894e-05,0.00027316838446396957,1.2749458101677876e-05,1.6410867331471865e-05,1.4839789040136856e-05,0.9873283923916009,0.9319915043505086,0.9793420009626984,0.9483341143964568,0.9633432339530509
biunet,15%,4, Overall,1246671.0,0.9873283923916009,0.9319915043505086,0.9793420009626984,0.9483341143964568,0.9633432339530509,2.6219642064850712e-06,3.3165243836708954e-05,6.355909441241902e-06,1.1325002114978244e-05,9.026290546977385e-06,0.9873283923916009,0.9319915043505086,0.9793420009626984,0.9483341143964568,0.9633432339530509
biunet,25%,4, 0.1%~0.5%,326690.0,0.9946311974844972,0.7266993447175111,0.8141024750875797,0.8484473789908268,0.8305717614607598,3.3876988884591215e-06,0.00013190414316945694,0.00014662783313386155,4.7975918241316026e-05,7.13082487636712e-05,0.9775427683264626,0.8808935056652262,0.963527389705471,0.907165330434741,0.933628954758292
biunet,25%,4, 0.5%~1%,214523.0,0.9925740987401369,0.8150397244564425,0.8869373257223336,0.8512488577565681,0.8678704811465353,8.010329100634678e-06,0.00026251158922734876,0.00025365931854917997,1.6638561132704317e-05,0.00011667750892574846,0.9775427683264626,0.8808935056652262,0.963527389705471,0.907165330434741,0.933628954758292
biunet,25%,4, 1%~10%,441846.0,0.9816284854267394,0.8743188526924525,0.9637493553612958,0.8713430121509003,0.9127930492219921,2.952670950678987e-06,3.18035165362064e-05,1.2022619453053269e-05,2.784294341949372e-05,1.4252681174653763e-05,0.9775427683264626,0.8808935056652262,0.963527389705471,0.907165330434741,0.933628954758292
biunet,25%,4, 10%~20%,99906.0,0.9426303056939429,0.8477078140517967,0.9634744262516364,0.887863407284355,0.9214702841930528,3.9469606861170485e-05,5.618320107393305e-05,6.712850563615362e-05,5.9886243238360344e-05,6.315885130687824e-05,0.9775427683264626,0.8808935056652262,0.963527389705471,0.907165330434741,0.933628954758292
biunet,25%,4, 20%~30%,69440.0,0.931249507192795,0.826375258217405,0.9499766007386299,0.9113443308708171,0.9286111209082452,2.4452069898793268e-05,4.4800515971906e-05,1.4674644169705577e-05,3.366171178670555e-05,2.3439239530916573e-05,0.9775427683264626,0.8808935056652262,0.963527389705471,0.907165330434741,0.933628954758292
biunet,25%,4, 30%~40%,49710.0,0.9339622025746798,0.819721300674212,0.9433888840002081,0.9297228662968485,0.9356141750648747,4.589109434828693e-05,0.00016043153872895296,4.420409028809783e-05,4.4226816511999404e-05,4.4265701106270497e-05,0.9775427683264626,0.8808935056652262,0.963527389705471,0.907165330434741,0.933628954758292
biunet,25%,4, 40%~50%,44556.0,0.9384125882058846,0.8204543189464024,0.9426370652467423,0.9375836625282066,0.9395200477998982,1.870895445235906e-05,0.00018313888709641863,1.8496764759911835e-05,2.0071179065067927e-05,1.9538968721558165e-05,0.9775427683264626,0.8808935056652262,0.963527389705471,0.907165330434741,0.933628954758292
biunet,25%,4, Overall,1246671.0,0.9775427683264626,0.8808935056652262,0.963527389705471,0.907165330434741,0.933628954758292,1.3419769949452043e-06,2.742873241217325e-05,1.445034112833419e-06,4.846472831647276e-06,2.6090308785188694e-06,0.9775427683264626,0.8808935056652262,0.963527389705471,0.907165330434741,0.933628954758292
biunet,5%,5, 0.1%~0.5%,305740.0,0.9994490087131366,0.9493244070192159,0.963313686722485,0.9976578862017599,0.9800678976849285,9.744079238707283e-07,0.00020624731532212687,6.30232441524648e-05,1.5004982023384486e-05,3.452913076306255e-05,0.9962362632142624,0.9773411848897613,0.9936038295355946,0.983895580443041,0.9887049484629662
biunet,5%,5, 0.5%~1%,200027.0,0.9994129056202254,0.9721055617090064,0.9804590180054052,0.9972669350669294,0.988757435241578,4.578816349816113e-06,0.00026216274255502135,0.00014404429871734827,4.2401580332676984e-05,9.279357765452307e-05,0.9962362632142624,0.9773411848897613,0.9936038295355946,0.983895580443041,0.9887049484629662
biunet,5%,5, 1%~10%,399038.0,0.9968873270761174,0.9731391982680684,0.9938308392154056,0.977146709054208,0.9853546836336804,7.701891649038222e-08,1.699371054006025e-05,4.98451518403956e-06,1.2960997306336608e-05,4.364313460697194e-06,0.9962362632142624,0.9773411848897613,0.9936038295355946,0.983895580443041,0.9887049484629662
biunet,5%,5, 10%~20%,86447.0,0.9887314121403618,0.9677374179858118,0.9931160158263718,0.9776491344201818,0.9852231820326617,3.1448787539569927e-06,9.19719111707259e-06,1.673385473684248e-05,4.790443658070754e-06,9.364956013717315e-06,0.9962362632142624,0.9773411848897613,0.9936038295355946,0.983895580443041,0.9887049484629662
biunet,5%,5, 20%~30%,57340.0,0.9867543034831479,0.9647811679004968,0.9902261434890932,0.9829707248183747,0.9865231057348649,6.372889112454477e-06,3.555086579217373e-05,3.5642316617980614e-06,9.873223495168678e-06,3.6520479589938903e-06,0.9962362632142624,0.9773411848897613,0.9936038295355946,0.983895580443041,0.9887049484629662
biunet,5%,5, 30%~40%,44679.0,0.9877511263205769,0.964728550024278,0.9892970663137709,0.9869561099318603,0.9880937760988141,1.1662521447899565e-05,5.202276715381262e-05,1.1080664307898196e-05,9.19769958278173e-06,9.665516430745813e-06,0.9962362632142624,0.9773411848897613,0.9936038295355946,0.983895580443041,0.9887049484629662
biunet,5%,5, 40%~50%,41359.0,0.9888399669394551,0.9655849952855103,0.989349739412538,0.9886994777519561,0.9890002039671567,1.556757213082682e-05,0.00010868472776024662,1.4294700752032133e-05,1.4722913208899079e-05,1.458493570435753e-05,0.9962362632142624,0.9773411848897613,0.9936038295355946,0.983895580443041,0.9887049484629662
biunet,5%,5, Overall,1134630.0,0.9962362632142624,0.9773411848897613,0.9936038295355946,0.983895580443041,0.9887049484629662,1.5588004372550662e-06,2.3151665528973595e-05,5.5632498630079304e-06,1.5619637318616308e-06,3.302801727303417e-06,0.9962362632142624,0.9773411848897613,0.9936038295355946,0.983895580443041,0.9887049484629662
biunet,15%,5, 0.1%~0.5%,305740.0,0.9979327473503793,0.8357493376142434,0.8967388560656047,0.9638147874560534,0.9286083668681946,2.5030397781805486e-06,0.00015204964893809051,0.0001050387012520053,2.991677301021536e-05,4.974838968734898e-05,0.9878124499182087,0.9281514115647796,0.9799193923301109,0.9468581216923271,0.9628432767745121
biunet,15%,5, 0.5%~1%,200027.0,0.9964219279066527,0.8648075193713959,0.939331513465176,0.9263889108576328,0.9325461183246598,2.1540463945627767e-06,0.00019297498291517782,8.456948604760571e-05,8.180322394438724e-06,4.7950775702403386e-05,0.9878124499182087,0.9281514115647796,0.9799193923301109,0.9468581216923271,0.9628432767745121
biunet,15%,5, 1%~10%,399038.0,0.9898429201316619,0.9140247826469864,0.9803614393905535,0.9239864666544723,0.9505363231042626,1.6740024971968209e-06,0.0001195865703984759,2.135899384750193e-05,1.6714948472075737e-05,1.6587724523404666e-05,0.9878124499182087,0.9281514115647796,0.9799193923301109,0.9468581216923271,0.9628432767745121
biunet,15%,5, 10%~20%,86447.0,0.9659216091772121,0.9042053781591611,0.9790080697272003,0.9323850286825132,0.9542093115122845,7.416787741447905e-06,2.6095024468916236e-05,1.7178208559114742e-05,1.0906189333111974e-05,1.4070201856979707e-05,0.9878124499182087,0.9281514115647796,0.9799193923301109,0.9468581216923271,0.9628432767745121
biunet,15%,5, 20%~30%,57340.0,0.9592256935372708,0.894588686380466,0.9702363568527991,0.9474670373347923,0.958131440536451,1.8941131386905676e-05,7.36627844091855e-05,7.700792761614834e-06,2.771805924693833e-05,1.994627253672907e-05,0.9878124499182087,0.9281514115647796,0.9799193923301109,0.9468581216923271,0.9628432767745121
biunet,15%,5, 30%~40%,44679.0,0.9618688512062002,0.8929692383605031,0.9671041094136236,0.9593445647898687,0.9629069274659839,1.9878424838796512e-05,0.0001517360825906347,2.112208584251104e-05,1.5702027179376825e-05,1.7856174545426096e-05,0.9878124499182087,0.9281514115647796,0.9799193923301109,0.9468581216923271,0.9628432767745121
biunet,15%,5, 40%~50%,41359.0,0.9651850557290699,0.895330227569171,0.9672381579625663,0.9647399244834834,0.9657541561888608,7.714939251057167e-06,0.00012809445384894222,1.3169827214814658e-05,5.96231909809383e-06,6.989372869840882e-06,0.9878124499182087,0.9281514115647796,0.9799193923301109,0.9468581216923271,0.9628432767745121
biunet,15%,5, Overall,1134630.0,0.9878124499182087,0.9281514115647796,0.9799193923301109,0.9468581216923271,0.9628432767745121,1.6574747385221753e-06,5.342910219997229e-06,1.2550208273560738e-05,7.004379016022341e-06,4.3210672170892874e-06,0.9878124499182087,0.9281514115647796,0.9799193923301109,0.9468581216923271,0.9628432767745121
biunet,25%,5, 0.1%~0.5%,305740.0,0.995181865884538,0.6656219925233526,0.8183964683110366,0.8450117100789782,0.8301776406219793,4.844843034350888e-06,0.00039991040182318243,0.00025563978755620075,5.4642610660428247e-05,0.00014700067474466118,0.9783414920261159,0.8738644831099824,0.9644253633869831,0.9043943421141846,0.9325188673966784
biunet,25%,5, 0.5%~1%,200027.0,0.9931912233673548,0.7540344621799303,0.8927411273793177,0.8458519485096896,0.8668642119875404,3.709062738645407e-06,5.662393991090217e-05,0.00011130052054142338,3.178551433831906e-05,5.230748720720562e-05,0.9783414920261159,0.8738644831099824,0.9644253633869831,0.9043943421141846,0.9325188673966784
biunet,25%,5, 1%~10%,399038.0,0.9823314615376216,0.8515713239718788,0.9648563051016903,0.8664948209672065,0.9103403367454721,4.533821014389077e-06,4.1165037663165396e-05,3.230923363636206e-05,1.7692205024275046e-05,2.4149314785687634e-05,0.9783414920261159,0.8738644831099824,0.9644253633869831,0.9043943421141846,0.9325188673966784
biunet,25%,5, 10%~20%,86447.0,0.941452555316317,0.8387336844715989,0.963594533020073,0.8836592338160315,0.9191083312567301,1.136855612308893e-05,7.793415107113877e-05,2.1078343549638838e-05,2.448915789622058e-05,1.7527982619209643e-05,0.9783414920261159,0.8738644831099824,0.9644253633869831,0.9043943421141846,0.9325188673966784
biunet,25%,5, 20%~30%,57340.0,0.9289430709931598,0.8214290562712457,0.94857734590767,0.908286730015587,0.9262313126227747,2.7934734694621957e-05,0.0001905676001989195,3.697043158428184e-05,3.219880473381129e-05,3.2923619367300865e-05,0.9783414920261159,0.8738644831099824,0.9644253633869831,0.9043943421141846,0.9325188673966784
biunet,25%,5, 30%~40%,44679.0,0.9327651739995405,0.8163786886575811,0.9427684694799988,0.9282523382759994,0.9345309345798736,1.1452176735792755e-05,8.292088881580183e-05,8.797354433566361e-06,9.329745392768706e-06,7.498481509816893e-06,0.9783414920261159,0.8738644831099824,0.9644253633869831,0.9043943421141846,0.9325188673966784
biunet,25%,5, 40%~50%,41359.0,0.9383616839671894,0.8195855244474024,0.9428856889032792,0.937566485822125,0.9395041377780998,7.253568057109667e-05,0.0002357541091321565,6.465619084290784e-05,7.562706930753783e-05,7.241484000465882e-05,0.9783414920261159,0.8738644831099824,0.9644253633869831,0.9043943421141846,0.9325188673966784
biunet,25%,5, Overall,1134630.0,0.9783414920261159,0.8738644831099824,0.9644253633869831,0.9043943421141846,0.9325188673966784,3.2512088445916307e-06,3.2873663660948938e-06,1.3880078301786805e-05,1.3308226841370214e-05,1.2606540775180485e-05,0.9783414920261159,0.8738644831099824,0.9644253633869831,0.9043943421141846,0.9325188673966784
biunet,5%,6, 0.1%~0.5%,283847.0,0.999365476008887,0.9438036732314509,0.9587156015505894,0.9975853304157565,0.9776091802842206,3.240786654271626e-06,0.00014628078815551878,0.00016933623190763127,1.8409063191432853e-05,8.491504770598338e-05,0.9959951590796822,0.9777672981124642,0.9933675540958619,0.9841589452347407,0.9887220008887273
biunet,5%,6, 0.5%~1%,189041.0,0.9993275645456677,0.9738788841953746,0.9795884631923645,0.9974299882829687,0.9883807525248756,4.975852576934689e-06,0.0002581932626617069,0.0001550041378837029,1.3772764356074826e-05,8.526735847312633e-05,0.9959951590796822,0.9777672981124642,0.9933675540958619,0.9841589452347407,0.9887220008887273
biunet,5%,6, 1%~10%,403807.0,0.9966758957176404,0.973800944647543,0.9932523992725563,0.9772165766477973,0.9851103936429624,2.0047198327811283e-06,2.3049646973718318e-05,2.0809776150525198e-05,9.762716149549443e-06,1.1742772149539566e-05,0.9959951590796822,0.9777672981124642,0.9933675540958619,0.9841589452347407,0.9887220008887273
biunet,5%,6, 10%~20%,91320.0,0.9888699024641826,0.9686950886377653,0.9929970364227314,0.9782870369940726,0.9854949221889923,4.813760649695272e-06,8.032449015891623e-05,1.1813288641023289e-05,9.906207090564377e-06,5.720011626671669e-06,0.9959951590796822,0.9777672981124642,0.9933675540958619,0.9841589452347407,0.9887220008887273
biunet,5%,6, 20%~30%,60752.0,0.9868394491615521,0.9650842612472105,0.9902109926997184,0.9831478188543636,0.9866078625487155,1.4922663975735705e-05,7.581523797618615e-05,1.1552449416433385e-05,1.3100657716949702e-05,1.2218866402695939e-05,0.9959951590796822,0.9777672981124642,0.9933675540958619,0.9841589452347407,0.9887220008887273
biunet,5%,6, 30%~40%,48948.0,0.988595589867336,0.9675652723872682,0.9899076625193347,0.987931774392529,0.9888920664904238,1.688666569783265e-05,7.226580049191536e-05,1.539801242789948e-05,1.667428371973491e-05,1.602781542126885e-05,0.9959951590796822,0.9777672981124642,0.9933675540958619,0.9841589452347407,0.9887220008887273
biunet,5%,6, 40%~50%,41091.0,0.9888792068326261,0.9662076339428026,0.989384728429109,0.9887333202182935,0.9890390170288826,1.7043280901693076e-05,7.052031765844447e-05,1.7322265517380073e-05,1.87159190505811e-05,1.804716651321799e-05,0.9959951590796822,0.9777672981124642,0.9933675540958619,0.9841589452347407,0.9887220008887273
biunet,5%,6, Overall,1118806.0,0.9959951590796822,0.9777672981124642,0.9933675540958619,0.9841589452347407,0.9887220008887273,5.241250974994247e-07,1.7611192047476708e-05,6.009351288243275e-06,3.876945331908858e-06,2.173491387076735e-06,0.9959951590796822,0.9777672981124642,0.9933675540958619,0.9841589452347407,0.9887220008887273
biunet,15%,6, 0.1%~0.5%,283847.0,0.9976811129746826,0.8222858725918619,0.88567563871157,0.9628233631621309,0.9220228785275569,1.919023820417519e-06,0.00045993062126239206,0.00016912460697264574,7.416371684263689e-05,7.057414152042905e-05,0.9871335584860003,0.9299394322994893,0.9792813602942392,0.9481140386318853,0.9632021548854577
biunet,15%,6, 0.5%~1%,189041.0,0.9961713699100381,0.8805736226798251,0.936927265347053,0.9275822078025152,0.9320810576092082,4.636724361015245e-06,0.0001537246743732682,0.00016294730466674014,4.7456960622864214e-05,0.00010248999829354959,0.9871335584860003,0.9299394322994893,0.9792813602942392,0.9481140386318853,0.9632021548854577
biunet,15%,6, 1%~10%,403807.0,0.9893106522173314,0.9171288799684412,0.978700407307424,0.9252667991694589,0.9505127994992867,1.869253126608868e-06,1.0267823501768221e-05,1.0303810998313987e-05,2.490649516023594e-05,1.596254420741177e-05,0.9871335584860003,0.9299394322994893,0.9792813602942392,0.9481140386318853,0.9632021548854577
biunet,15%,6, 10%~20%,91320.0,0.9663402333997858,0.9070321974816019,0.9786461667560307,0.9342959379996337,0.9550966935785419,4.086571753696509e-06,0.00010085152873501034,3.3767602572933333e-05,9.44703382561944e-06,1.3148203760773906e-05,0.9871335584860003,0.9299394322994893,0.9792813602942392,0.9481140386318853,0.9632021548854577
biunet,15%,6, 20%~30%,60752.0,0.9595004961892069,0.8952496079349669,0.9701829138829346,0.9480102638124372,0.9584114502996858,1.8329638865326618e-05,5.6375419404922665e-05,1.91359658526437e-05,1.036024682489611e-05,1.3300446934018586e-05,0.9871335584860003,0.9299394322994893,0.9792813602942392,0.9481140386318853,0.9632021548854577
biunet,15%,6, 30%~40%,48948.0,0.96453982410966,0.9015446317317269,0.9689854470975142,0.9624460414699302,0.9654498023584638,1.33651018431984e-05,0.00016178632851868258,9.012784495857447e-06,1.1610862391188032e-05,1.0184996594100919e-05,0.9871335584860003,0.9299394322994893,0.9792813602942392,0.9481140386318853,0.9632021548854577
biunet,15%,6, 40%~50%,41091.0,0.9652794800029451,0.8972382325636116,0.9672408821989883,0.9648115996997872,0.9658309911409448,1.3001599417899742e-05,0.00010986610186376748,1.268116951119667e-05,1.8341759434748234e-05,1.5921553116051325e-05,0.9871335584860003,0.9299394322994893,0.9792813602942392,0.9481140386318853,0.9632021548854577
biunet,15%,6, Overall,1118806.0,0.9871335584860003,0.9299394322994893,0.9792813602942392,0.9481140386318853,0.9632021548854577,9.341801815111424e-07,1.654072385114038e-05,6.4010209511415685e-06,1.0941509360201811e-05,8.31582975274501e-06,0.9871335584860003,0.9299394322994893,0.9792813602942392,0.9481140386318853,0.9632021548854577
biunet,25%,6, 0.1%~0.5%,283847.0,0.9947873924456606,0.6496375259466753,0.8022511471395569,0.8449823205535286,0.8218501374452533,4.1468275414817675e-06,0.0004400392246820763,0.000175768873324831,7.586593947313402e-05,0.00012162761657949553,0.9772143869371769,0.8773806056526009,0.9634587853950163,0.9068845753550333,0.9334573564032463
biunet,25%,6, 0.5%~1%,189041.0,0.9928041441429518,0.7848563285482304,0.8892467424353585,0.8489553297325364,0.8673868712074883,4.123420325122362e-06,0.00010530510211993444,0.0001489139934563747,4.4869606368680866e-05,7.919817422515567e-05,0.9772143869371769,0.8773806056526009,0.9634587853950163,0.9068845753550333,0.9334573564032463
biunet,25%,6, 1%~10%,403807.0,0.9814644287756802,0.8574260021659339,0.962122130641691,0.8689433234719152,0.9107390154801359,1.1445314616481548e-05,6.498907823132933e-05,0.00011824656838820001,2.4597931807205172e-05,5.8944326694000015e-05,0.9772143869371769,0.8773806056526009,0.9634587853950163,0.9068845753550333,0.9334573564032463
biunet,25%,6, 10%~20%,91320.0,0.942122091038241,0.8433144544508782,0.9630314100533396,0.8867431044694927,0.9206904462356199,2.098586314545348e-05,0.00017553048549531007,3.5265982621737066e-05,2.186516481575174e-05,2.5555535502076752e-05,0.9772143869371769,0.8773806056526009,0.9634587853950163,0.9068845753550333,0.9334573564032463
biunet,25%,6, 20%~30%,60752.0,0.9294468141248192,0.8227278432145511,0.9485251569760466,0.9092395214425123,0.9267796301287211,8.418040240965646e-05,0.00023525061249405198,8.896306454022663e-05,0.00010100033782300461,9.584099389988186e-05,0.9772143869371769,0.8773806056526009,0.9634587853950163,0.9068845753550333,0.9334573564032463
biunet,25%,6, 30%~40%,48948.0,0.9373723782088708,0.8304907836991994,0.9459256435962532,0.9336154851778637,0.9389440580690557,2.9509443839840398e-05,0.00010666366604000797,3.3056808526582535e-05,2.954711654665413e-05,3.098324581683228e-05,0.9772143869371769,0.8773806056526009,0.9634587853950163,0.9068845753550333,0.9334573564032463
biunet,25%,6, 40%~50%,41091.0,0.9384089516115873,0.822127680825982,0.9426258740577387,0.9375746270977613,0.9394953365384012,9.271494859387499e-05,0.00029036546612143003,7.850706249276916e-05,9.575707735320854e-05,9.042772828813196e-05,0.9772143869371769,0.8773806056526009,0.9634587853950163,0.9068845753550333,0.9334573564032463
biunet,25%,6, Overall,1118806.0,0.9772143869371769,0.8773806056526009,0.9634587853950163,0.9068845753550333,0.9334573564032463,6.092001945735733e-06,4.656952526951039e-05,2.089820824615656e-05,3.584135407072626e-05,2.5548323586086603e-05,0.9772143869371769,0.8773806056526009,0.9634587853950163,0.9068845753550333,0.9334573564032463
biunet,5%,7, 0.1%~0.5%,268202.0,0.9994103955979153,0.9490422119197217,0.9621135047750066,0.9978224245101742,0.9795137173709461,1.4153520183127924e-06,0.00020745012954246386,8.977607443944903e-05,4.050980331458243e-05,3.9027248637100625e-05,0.9960726688860132,0.9773282261771697,0.993492652783512,0.9836873022489439,0.988543591408786
biunet,5%,7, 0.5%~1%,178023.0,0.9993768766310632,0.9739438564356607,0.9804761633959812,0.997427977074152,0.9888402133067151,5.891246485027809e-06,0.0001288332372638578,0.00019070928458851406,3.0235292976266373e-05,0.0001080556137647266,0.9960726688860132,0.9773282261771697,0.993492652783512,0.9836873022489439,0.988543591408786
biunet,5%,7, 1%~10%,368386.0,0.9967506530060906,0.9741410115581864,0.9939584579547481,0.9768795418482773,0.9852788676611804,2.7954266494110362e-06,3.130259917538958e-05,1.9398647165363155e-05,8.386196415612672e-06,1.3626841754253248e-05,0.9960726688860132,0.9773282261771697,0.993492652783512,0.9836873022489439,0.988543591408786
biunet,5%,7, 10%~20%,80361.0,0.9886690807099252,0.9679607179838158,0.9929723029474496,0.9776892933235292,0.9851725693827101,6.191279251420512e-06,8.363381138981439e-05,2.475250935765776e-05,1.0893453833908407e-05,1.2961656382895512e-05,0.9960726688860132,0.9773282261771697,0.993492652783512,0.9836873022489439,0.988543591408786
biunet,5%,7, 20%~30%,54503.0,0.9866935151091205,0.964593583889983,0.9901607736011767,0.9829019352111974,0.9864554664690744,1.2793057831799187e-05,5.6335155338143026e-05,1.4204546884296322e-05,8.478490535258388e-06,1.1317115515102461e-05,0.9960726688860132,0.9773282261771697,0.993492652783512,0.9836873022489439,0.988543591408786
biunet,5%,7, 30%~40%,42095.0,0.9876153446749921,0.9643031622832131,0.9891817602733965,0.986792470982229,0.9879533169232085,1.4035579237100935e-05,3.998772038522736e-05,1.5455339777991767e-05,1.668346852407083e-05,1.600512711477023e-05,0.9960726688860132,0.9773282261771697,0.993492652783512,0.9836873022489439,0.988543591408786
biunet,5%,7, 40%~50%,36391.0,0.9886255807967116,0.9652606364283254,0.9891095133244873,0.9884853621831512,0.9887762596361656,2.2531129536996027e-05,6.0591859456138334e-05,2.5207407240320406e-05,2.0989683602869266e-05,2.2950671826767238e-05,0.9960726688860132,0.9773282261771697,0.993492652783512,0.9836873022489439,0.988543591408786
biunet,5%,7, Overall,1027961.0,0.9960726688860132,0.9773282261771697,0.993492652783512,0.9836873022489439,0.988543591408786,1.722533539527275e-06,2.2760104621996947e-05,5.310423209091351e-06,6.065681196146555e-06,3.671190675133669e-06,0.9960726688860132,0.9773282261771697,0.993492652783512,0.9836873022489439,0.988543591408786
biunet,15%,7, 0.1%~0.5%,268202.0,0.9978145976630802,0.8367682529912249,0.8942793854852279,0.9636298364158692,0.9271692956385648,2.5650845131879323e-06,0.00018310155022958926,0.0001041452884382008,6.175828552449973e-05,3.596932665374999e-05,0.98736721885642,0.9284572553998983,0.9796166782192133,0.9465759043686695,0.9625437619256988
biunet,15%,7, 0.5%~1%,178023.0,0.9963646058265908,0.8780383780204838,0.9393941057895215,0.9285445998283505,0.9337321830072248,5.545997726464234e-06,8.953533587654359e-06,0.00025244950505220575,6.171985152761068e-05,9.653423301841296e-05,0.98736721885642,0.9284572553998983,0.9796166782192133,0.9465759043686695,0.9625437619256988
biunet,15%,7, 1%~10%,368386.0,0.9895335303534907,0.9181163863667824,0.9808435116688674,0.9242381530881203,0.9508962693744989,1.5327397081534148e-06,3.228655096539922e-05,1.8993026900342518e-05,8.838225875952208e-06,8.32144653026822e-06,0.98736721885642,0.9284572553998983,0.9796166782192133,0.9465759043686695,0.9625437619256988
biunet,15%,7, 10%~20%,80361.0,0.9657204658654627,0.9048044308263234,0.9785864884904351,0.9324809445109136,0.954053575894168,1.686639018176628e-05,8.79125470464145e-05,1.7968211410789535e-05,2.060724942313578e-05,2.05004906326638e-05,0.98736721885642,0.9284572553998983,0.9796166782192133,0.9465759043686695,0.9625437619256988
biunet,15%,7, 20%~30%,54503.0,0.9590949366236442,0.893912624519956,0.9700663297450425,0.9473415771969451,0.957983474094668,1.1740271377236185e-05,3.337217795244788e-05,1.466085732411035e-05,2.7726378163348148e-05,9.218177671982963e-06,0.98736721885642,0.9284572553998983,0.9796166782192133,0.9465759043686695,0.9625437619256988
biunet,15%,7, 30%~40%,42095.0,0.9615558748084897,0.8920934009902969,0.9668384166163649,0.9589648888820307,0.9625782278777351,5.6194536616871704e-05,0.00017120409970874766,5.932369161497924e-05,5.5991620170230064e-05,5.7479840624838364e-05,0.98736721885642,0.9284572553998983,0.9796166782192133,0.9465759043686695,0.9625437619256988
biunet,15%,7, 40%~50%,36391.0,0.9644280005024989,0.893965779808482,0.9663515244209891,0.9639768375976753,0.9649568838789054,4.5379115614311785e-05,0.00011518609436156749,3.800467430318019e-05,5.3592844445107174e-05,4.7734718364048863e-05,0.98736721885642,0.9284572553998983,0.9796166782192133,0.9465759043686695,0.9625437619256988
biunet,15%,7, Overall,1027961.0,0.98736721885642,0.9284572553998983,0.9796166782192133,0.9465759043686695,0.9625437619256988,3.385888139016927e-06,2.1409742526788442e-05,1.0415908662847428e-05,1.3910046371240087e-05,1.060414598093649e-05,0.98736721885642,0.9284572553998983,0.9796166782192133,0.9465759043686695,0.9625437619256988
biunet,25%,7, 0.1%~0.5%,268202.0,0.9949656960317134,0.6701165559040492,0.8140029670263861,0.8450672932514257,0.8280294985051956,6.935987949233443e-06,0.0005192184179202565,0.00034904887805758955,6.961579928720404e-05,0.00020898464851943737,0.9775717352160598,0.87452313541629,0.9638501352440633,0.9040033981261413,0.9320204247378717
biunet,25%,7, 0.5%~1%,178023.0,0.9930577674819036,0.7776654843533951,0.8929649558167702,0.8476635692053978,0.8681315069312285,3.2602372349206735e-06,0.00041043663105167,0.00012113390008855017,9.093295231700758e-05,6.242609843076637e-05,0.9775717352160598,0.87452313541629,0.9638501352440633,0.9040033981261413,0.9320204247378717
biunet,25%,7, 1%~10%,368386.0,0.9818172446921668,0.858698569365601,0.9656912029694711,0.8672274068838236,0.9111336661231548,3.847210285645516e-06,6.934144920815139e-05,4.410686405785622e-05,1.0716175259400238e-05,1.7796634214754858e-05,0.9775717352160598,0.87452313541629,0.9638501352440633,0.9040033981261413,0.9320204247378717
biunet,25%,7, 10%~20%,80361.0,0.9410582749146755,0.8397316178312454,0.9628311929570877,0.8837019373082642,0.9187626715145956,1.7553868018424512e-05,0.0002080191811803738,2.9679431191460905e-05,1.9223857525275834e-05,1.9581637396415933e-05,0.9775717352160598,0.87452313541629,0.9638501352440633,0.9040033981261413,0.9320204247378717
biunet,25%,7, 20%~30%,54503.0,0.9287085905225808,0.820314061144611,0.9482842670965331,0.9080803626993831,0.9259824970262738,5.738731978618141e-05,0.00016361259365725808,7.237757195281286e-05,5.8268098963017934e-05,6.316013987637796e-05,0.9775717352160598,0.87452313541629,0.9638501352440633,0.9040033981261413,0.9320204247378717
biunet,25%,7, 30%~40%,42095.0,0.932156322736113,0.8150629538628343,0.9422193324480613,0.9275136897771135,0.9338688584146713,2.7473472479106725e-05,3.7810846464742116e-05,3.21093311425276e-05,3.895607391120403e-05,3.3287247591134527e-05,0.9775717352160598,0.87452313541629,0.9638501352440633,0.9040033981261413,0.9320204247378717
biunet,25%,7, 40%~50%,36391.0,0.9369918306309737,0.8170804065399677,0.9411842292703047,0.9361861242792021,0.9380449394906291,5.936650262325946e-05,0.00010184837171546381,5.988229679104842e-05,6.48609295227174e-05,6.39341142922339e-05,0.9775717352160598,0.87452313541629,0.9638501352440633,0.9040033981261413,0.9320204247378717
biunet,25%,7, Overall,1027961.0,0.9775717352160598,0.87452313541629,0.9638501352440633,0.9040033981261413,0.9320204247378717,2.721570902743646e-06,4.98383233313632e-05,1.818989716113043e-05,1.9885604006652823e-05,1.850166178423927e-05,0.9775717352160598,0.87452313541629,0.9638501352440633,0.9040033981261413,0.9320204247378717
biunet,5%,8, 0.1%~0.5%,260991.0,0.9994166283402427,0.9525844131714635,0.9637269792442841,0.9976095443739577,0.9802414932828779,2.003226386940551e-06,7.746051386686569e-05,0.00010564581209156924,1.9918305869453695e-05,5.876204518721233e-05,0.9962097450595936,0.9771488215740046,0.9935127515079564,0.983602303340672,0.9885106956260303
biunet,5%,8, 0.5%~1%,166668.0,0.9993892900567821,0.9739619251434485,0.9807174425201648,0.9973468434359894,0.9889255804575758,2.69250918323962e-06,0.00022025390127097341,9.891891998879871e-05,4.466221227844767e-05,4.4670727789731303e-05,0.9962097450595936,0.9771488215740046,0.9935127515079564,0.983602303340672,0.9885106956260303
biunet,5%,8, 1%~10%,348205.0,0.9968317324833903,0.9730675090377255,0.9938929151953749,0.9768358160023665,0.9852239545019189,8.984921233190634e-07,7.121992990132176e-06,4.980535083953044e-06,1.1153746408175139e-05,7.841831258934123e-06,0.9962097450595936,0.9771488215740046,0.9935127515079564,0.983602303340672,0.9885106956260303
biunet,5%,8, 10%~20%,73289.0,0.9889439901803062,0.9686714323663742,0.9932152358548332,0.9780730362477463,0.9854897169034453,1.542813581005913e-06,4.118054441639846e-05,3.5735048973346683e-06,2.2228578231907246e-06,1.5416423686237078e-06,0.9962097450595936,0.9771488215740046,0.9935127515079564,0.983602303340672,0.9885106956260303
biunet,5%,8, 20%~30%,47533.0,0.9864945804978339,0.963790982643391,0.9900498486459822,0.982624444612684,0.98625841947281,1.939884382886601e-05,9.30735544002882e-06,1.979425192429706e-05,2.4090878283880144e-05,2.172460843383008e-05,0.9962097450595936,0.9771488215740046,0.9935127515079564,0.983602303340672,0.9885106956260303
biunet,5%,8, 30%~40%,37876.0,0.9876356588057807,0.9643093326451492,0.9892274693739685,0.9867930605776234,0.9879746283714833,3.567236914736675e-05,0.00013515297219678234,3.613381230297806e-05,3.3252094398087416e-05,3.4634974140935344e-05,0.9962097450595936,0.9771488215740046,0.9935127515079564,0.983602303340672,0.9885106956260303
biunet,5%,8, 40%~50%,33416.0,0.9882964013505062,0.964001707999642,0.9888721119689384,0.9881311294589404,0.9884754928733969,2.5187403387514833e-05,8.58382758023465e-05,2.270545399426262e-05,2.5809836759771108e-05,2.4349071584340154e-05,0.9962097450595936,0.9771488215740046,0.9935127515079564,0.983602303340672,0.9885106956260303
biunet,5%,8, Overall,967978.0,0.9962097450595936,0.9771488215740046,0.9935127515079564,0.983602303340672,0.9885106956260303,1.143642966746679e-06,6.3759525356020235e-06,5.370139072312054e-06,7.377450395274164e-06,6.392471065879675e-06,0.9962097450595936,0.9771488215740046,0.9935127515079564,0.983602303340672,0.9885106956260303
biunet,15%,8, 0.1%~0.5%,260991.0,0.9978432114206561,0.8468993192698723,0.8985683754757972,0.963552325805891,0.9294739596741769,2.656821834571157e-06,0.00043641662520108206,0.00012191258675923264,5.700895519008663e-05,4.685254446700771e-05,0.9877791480355557,0.9278260138076279,0.9796369365461808,0.946173532161529,0.9623445231853166
biunet,15%,8, 0.5%~1%,166668.0,0.9963748578984752,0.8764734553253136,0.9401527966204039,0.9279523173139593,0.9337968092553778,2.8683693286040027e-06,0.00017996293086980608,9.057785927464646e-05,3.5287259718905646e-05,4.338783062170113e-05,0.9877791480355557,0.9278260138076279,0.9796369365461808,0.946173532161529,0.9623445231853166
biunet,15%,8, 1%~10%,348205.0,0.9897748636593587,0.9145997772440294,0.9805719544631688,0.9239955385369033,0.9506359807194258,3.5939850821718754e-06,4.240855851539617e-05,3.2946627238082165e-05,1.076105847378508e-05,2.0729827971919187e-05,0.9877791480355557,0.9278260138076279,0.9796369365461808,0.946173532161529,0.9623445231853166
biunet,15%,8, 10%~20%,73289.0,0.9665522819265383,0.9069434637954098,0.9792659379774568,0.9336861891025457,0.9550394335873281,2.0329208330396467e-05,5.302781491502194e-05,3.7945159669367094e-05,2.994596507755976e-05,3.346620640403438e-05,0.9877791480355557,0.9278260138076279,0.9796369365461808,0.946173532161529,0.9623445231853166
biunet,15%,8, 20%~30%,47533.0,0.9584580515699094,0.8916452554276578,0.9696897996226365,0.9464638426311881,0.9573305066418034,2.137615335173958e-05,7.058301444212165e-05,3.0240140193106275e-05,2.3709632601551196e-05,2.7117329088504675e-05,0.9877791480355557,0.9278260138076279,0.9796369365461808,0.946173532161529,0.9623445231853166
biunet,15%,8, 30%~40%,37876.0,0.9615383920393423,0.8921170406747416,0.9669198585080349,0.9588864098257264,0.9625624259690335,1.6694856039989697e-05,0.00014083606664771464,1.999843612910988e-05,1.510232054928082e-05,1.6372126543079365e-05,0.9877791480355557,0.9278260138076279,0.9796369365461808,0.946173532161529,0.9623445231853166
biunet,15%,8, 40%~50%,33416.0,0.9635133007024708,0.8904986680667252,0.9657925682008462,0.9629911595195683,0.9641415765385553,4.769639517837679e-05,0.00014049839787446284,4.818006092960571e-05,4.6353200981082046e-05,4.6907476588529556e-05,0.9877791480355557,0.9278260138076279,0.9796369365461808,0.946173532161529,0.9623445231853166
biunet,15%,8, Overall,967978.0,0.9877791480355557,0.9278260138076279,0.9796369365461808,0.946173532161529,0.9623445231853166,2.829127480465954e-06,3.855850689615906e-06,1.3332045467357044e-05,1.0639246841201837e-05,9.134708968846473e-06,0.9877791480355557,0.9278260138076279,0.9796369365461808,0.946173532161529,0.9623445231853166
biunet,25%,8, 0.1%~0.5%,260991.0,0.9950231810944984,0.6886877115097366,0.820630935271874,0.8449268207182631,0.8318637223751453,1.750116395740618e-06,0.0002635954430881687,0.00010087299489021262,5.42073361208299e-05,7.229954966922509e-05,0.9783112417728984,0.8734650940942806,0.9639687861944609,0.9032557152945011,0.9316711789082751
biunet,25%,8, 0.5%~1%,166668.0,0.9931104049266466,0.7752038992648371,0.8941496817568092,0.8484501804895445,0.8691161152357245,5.324710025810444e-06,0.0003209817842362767,0.00011512264517080682,0.00010876063881321353,9.116947598362364e-05,0.9783112417728984,0.8734650940942806,0.9639687861944609,0.9032557152945011,0.9316711789082751
biunet,25%,8, 1%~10%,348205.0,0.9822526825017436,0.8528461379341407,0.965246397040581,0.8668737347509969,0.9107318313266134,4.4196631928574105e-06,6.772001018295415e-05,3.15976362516212e-05,2.7795884424760998e-05,2.458037345705492e-05,0.9783112417728984,0.8734650940942806,0.9639687861944609,0.9032557152945011,0.9316711789082751
biunet,25%,8, 10%~20%,73289.0,0.9425112184567991,0.8432004024125063,0.9640961986034425,0.8858263242697239,0.920590628606088,1.993664534192522e-05,0.00013345973076225306,4.277765234950333e-06,5.611410937789564e-05,3.526848758305792e-05,0.9783112417728984,0.8734650940942806,0.9639687861944609,0.9032557152945011,0.9316711789082751
biunet,25%,8, 20%~30%,47533.0,0.9277567873131539,0.8169151186732261,0.9477949977623745,0.9067077838917426,0.9249719323126775,2.6777088522182356e-05,0.000204830770256521,3.4470740669334574e-05,3.0135233403980634e-05,2.8813055941958663e-05,0.9783112417728984,0.8734650940942806,0.9639687861944609,0.9032557152945011,0.9316711789082751
biunet,25%,8, 30%~40%,37876.0,0.9322266468621976,0.8152723599948608,0.9425262978405171,0.9274800085544094,0.9339528086317266,3.354093344386164e-05,7.051640214989405e-05,4.2744010331357815e-05,3.653097212514282e-05,3.943831057334223e-05,0.9783112417728984,0.8734650940942806,0.9639687861944609,0.9032557152945011,0.9316711789082751
biunet,25%,8, 40%~50%,33416.0,0.9355655768371246,0.8120935642944357,0.9405069746859609,0.9346283098271391,0.9368002947512689,1.7514213973498447e-05,0.00018637599104119178,3.7609901910473774e-05,1.6197490225694935e-05,2.251701997311009e-05,0.9783112417728984,0.8734650940942806,0.9639687861944609,0.9032557152945011,0.9316711789082751
biunet,25%,8, Overall,967978.0,0.9783112417728984,0.8734650940942806,0.9639687861944609,0.9032557152945011,0.9316711789082751,4.519830576761792e-06,5.110095359119024e-05,1.7957499541004473e-05,1.5456256050201684e-05,1.2108237588779081e-05,0.9783112417728984,0.8734650940942806,0.9639687861944609,0.9032557152945011,0.9316711789082751
biunet,5%,9, 0.1%~0.5%,201227.0,0.9994537315848637,0.955822127964198,0.9663660269725675,0.9977461371074298,0.9816938487852411,3.5416305485726806e-06,0.00016465358388507864,0.0002074250125023294,2.469324645815897e-05,0.00011411531422232295,0.9960609118590994,0.9770938969421493,0.9934637179519683,0.9831714551426057,0.9882662028091153
biunet,5%,9, 0.5%~1%,129024.0,0.9994036734954332,0.9753347251823516,0.9818902437545933,0.9972158845753771,0.9894592922942973,1.14451743837151e-06,0.00019911639008166515,3.94852684417809e-05,1.7662720501099952e-05,1.6540262997671415e-05,0.9960609118590994,0.9770938969421493,0.9934637179519683,0.9831714551426057,0.9882662028091153
biunet,5%,9, 1%~10%,275205.0,0.9967350252026667,0.9742905106932574,0.9942152522594633,0.9768608083238274,0.9853925233004256,1.8120450365677495e-06,3.7932612738675556e-05,1.2028377271227428e-05,9.264746846223494e-06,1.0585413626198066e-05,0.9960609118590994,0.9770938969421493,0.9934637179519683,0.9831714551426057,0.9882662028091153
biunet,5%,9, 10%~20%,59808.0,0.9886911670365871,0.9685195738505664,0.9930064383565629,0.9777102677839808,0.985198082089286,6.7456223423292885e-06,3.8124295759143416e-05,6.485129385165633e-06,1.0742322798089299e-05,8.187690262931469e-06,0.9960609118590994,0.9770938969421493,0.9934637179519683,0.9831714551426057,0.9882662028091153
biunet,5%,9, 20%~30%,38318.0,0.9863643920123845,0.9639578538827398,0.9898806466859397,0.9824774301908832,0.986099171744624,1.2014711335029542e-05,0.00013185442978953191,1.7069670244821065e-05,1.0161587350464716e-05,1.3365465112871755e-05,0.9960609118590994,0.9770938969421493,0.9934637179519683,0.9831714551426057,0.9882662028091153
biunet,5%,9, 30%~40%,29405.0,0.9868597052353728,0.9626548225455314,0.9884890032984824,0.9859823311556672,0.9871966994175029,4.250127472950478e-06,2.8363088772615912e-05,5.461622035569114e-06,1.2863724985262337e-06,3.20562128060433e-06,0.9960609118590994,0.9770938969421493,0.9934637179519683,0.9831714551426057,0.9882662028091153
biunet,5%,9, 40%~50%,25412.0,0.9875350048688114,0.9620758976811241,0.9880805477131913,0.9873790828312453,0.987704434888005,3.349872406670996e-05,3.17678552782335e-05,3.3364072008633574e-05,3.390953100891871e-05,3.360019965572945e-05,0.9960609118590994,0.9770938969421493,0.9934637179519683,0.9831714551426057,0.9882662028091153
biunet,5%,9, Overall,758399.0,0.9960609118590994,0.9770938969421493,0.9934637179519683,0.9831714551426057,0.9882662028091153,1.2130060499825287e-06,3.6550325839000036e-05,3.727731507919313e-06,8.490831328111286e-07,2.270724872204372e-06,0.9960609118590994,0.9770938969421493,0.9934637179519683,0.9831714551426057,0.9882662028091153
biunet,15%,9, 0.1%~0.5%,201227.0,0.9979376147109346,0.8545653188836816,0.9048410619837289,0.9636983136107853,0.9329868070447561,4.552164624152929e-06,0.00030671930805826613,0.0002679860104468451,4.2886274333930276e-05,0.00015168619181751418,0.9873252558244608,0.9277043060847682,0.97947665614357,0.9449387060667842,0.9616011964255091
biunet,15%,9, 0.5%~1%,129024.0,0.9964061372297918,0.8831626722343252,0.9436115958467514,0.9269847597846875,0.9350030616233039,4.4499370926902444e-06,0.00025790669203564864,0.0001328732724771073,3.773196847180144e-05,7.614206207635761e-05,0.9873252558244608,0.9277043060847682,0.97947665614357,0.9449387060667842,0.9616011964255091
biunet,15%,9, 1%~10%,275205.0,0.9894711049481745,0.9184641204986873,0.9815690251270578,0.9242045506624105,0.9511898105634158,4.196139644585451e-06,6.309644458132951e-05,3.91647056052233e-05,1.6468678793646666e-05,1.9803763470482937e-05,0.9873252558244608,0.9277043060847682,0.97947665614357,0.9449387060667842,0.9616011964255091
biunet,15%,9, 10%~20%,59808.0,0.9658457338091102,0.9066335049832478,0.9786745369056273,0.9327358215587814,0.9542201710775893,1.2653194511112794e-05,8.413914333966387e-05,2.8113348626024384e-05,1.4708263667779706e-05,2.1289833483269286e-05,0.9873252558244608,0.9277043060847682,0.97947665614357,0.9449387060667842,0.9616011964255091
biunet,15%,9, 20%~30%,38318.0,0.9580945620106202,0.8923024948925681,0.9692559385361635,0.9460386827967749,0.9568860139728814,5.695516291350206e-05,0.00023218275865477653,5.765197302156663e-05,7.171017546429804e-05,6.443573827293133e-05,0.9873252558244608,0.9277043060847682,0.97947665614357,0.9449387060667842,0.9616011964255091
biunet,15%,9, 30%~40%,29405.0,0.9592328111257732,0.8870312375549472,0.964770369806096,0.9564847570111507,0.9602568232412872,4.796940929244985e-05,0.00014201903165239054,4.2675431542629255e-05,5.281423774986053e-05,4.8018369582405404e-05,0.9873252558244608,0.9277043060847682,0.97947665614357,0.9449387060667842,0.9616011964255091
biunet,15%,9, 40%~50%,25412.0,0.9610807304992681,0.8847357107129565,0.963255811091616,0.9605875753282046,0.9616777764624297,2.958058503762769e-05,0.00014481204039743485,3.1429569908235635e-05,3.099026495464708e-05,3.1409566835633495e-05,0.9873252558244608,0.9277043060847682,0.97947665614357,0.9449387060667842,0.9616011964255091
biunet,15%,9, Overall,758399.0,0.9873252558244608,0.9277043060847682,0.97947665614357,0.9449387060667842,0.9616011964255091,1.8974002239645013e-06,1.2003717030547142e-05,1.160939962480292e-05,1.3122740405806372e-05,9.16629638108766e-06,0.9873252558244608,0.9277043060847682,0.97947665614357,0.9449387060667842,0.9616011964255091
biunet,25%,9, 0.1%~0.5%,201227.0,0.9951551540550939,0.7005545992772763,0.8302917471391655,0.8446100804201714,0.8364541605692003,7.209916499513661e-06,0.0005852179075152595,0.00037958763476030695,0.00016153414316266596,0.00017871294829494754,0.9775099690485834,0.8732732924493328,0.9635397419112128,0.9011723322408072,0.9302731070591967
biunet,25%,9, 0.5%~1%,129024.0,0.9931673729146548,0.7867934155305122,0.8998704964087022,0.8471596299622152,0.871061251033928,5.097667186299137e-06,0.0007940275195309529,0.00016373649116579263,2.2771264547761724e-05,6.714901014923935e-05,0.9775099690485834,0.8732732924493328,0.9635397419112128,0.9011723322408072,0.9302731070591967
biunet,25%,9, 1%~10%,275205.0,0.9817141958170185,0.8593655223375235,0.9670048208527736,0.8672257009657174,0.9116318493320068,2.3714106158401435e-06,4.462354687990316e-05,6.037773448041176e-05,2.3472304568002337e-05,2.046169650923114e-05,0.9775099690485834,0.8732732924493328,0.9635397419112128,0.9011723322408072,0.9302731070591967
biunet,25%,9, 10%~20%,59808.0,0.94129242727552,0.8428016540590685,0.963028787728733,0.8841678979004959,0.9190746530069359,2.030306656970947e-05,9.973766442146604e-05,1.961354904064258e-05,5.824997401724919e-05,4.358784197735674e-05,0.9775099690485834,0.8732732924493328,0.9635397419112128,0.9011723322408072,0.9302731070591967
biunet,25%,9, 20%~30%,38318.0,0.9270146478164749,0.8180218782187993,0.9468136288828232,0.9059004004558328,0.9240460918923644,3.942019504786011e-05,0.00018180049156379518,5.1281575470962555e-05,4.459530167642998e-05,4.6845357697103744e-05,0.9775099690485834,0.8732732924493328,0.9635397419112128,0.9011723322408072,0.9302731070591967
biunet,25%,9, 30%~40%,29405.0,0.9282274618979857,0.8069231412110316,0.9388135273528176,0.9233418695053297,0.9299455744729824,1.6354179701036986e-05,0.00030639621208039677,1.5982244029545185e-05,1.598192720289251e-05,1.6145689736760144e-05,0.9775099690485834,0.8732732924493328,0.9635397419112128,0.9011723322408072,0.9302731070591967
biunet,25%,9, 40%~50%,25412.0,0.9311632758552241,0.8018618533110509,0.9359174416034546,0.9302783755563627,0.9323475392937531,2.3641922380604343e-05,0.00014997159278589924,1.857693722104819e-05,2.2819956293919987e-05,2.0544795311212512e-05,0.9775099690485834,0.8732732924493328,0.9635397419112128,0.9011723322408072,0.9302731070591967
biunet,25%,9, Overall,758399.0,0.9775099690485834,0.8732732924493328,0.9635397419112128,0.9011723322408072,0.9302731070591967,4.739751580536786e-06,4.8801935048221566e-05,2.9982945085538087e-05,3.097496140358611e-05,1.930836624508297e-05,0.9775099690485834,0.8732732924493328,0.9635397419112128,0.9011723322408072,0.9302731070591967
biunet,5%,10, 0.1%~0.5%,229048.0,0.9994001954593873,0.9582257353628375,0.9650364934594583,0.998061249090191,0.9811268839611088,2.8478706311262746e-06,0.0003160803163711071,0.00017562529880902153,1.531749992362424e-05,8.547087002998152e-05,0.9960509632274973,0.9777411916969138,0.9934884226035047,0.9836769255466001,0.9885355958358787
biunet,5%,10, 0.5%~1%,147682.0,0.9993450713964265,0.9795443479640665,0.9815690979813728,0.9976121439945569,0.9894767007715782,4.498873644970144e-07,1.5614275298694374e-05,2.9752379565411713e-05,9.785071592492877e-06,1.8399418766681194e-05,0.9960509632274973,0.9777411916969138,0.9934884226035047,0.9836769255466001,0.9885355958358787
biunet,5%,10, 1%~10%,319186.0,0.9967138286978209,0.9757041142936836,0.9940394530626881,0.9771816220332329,0.985471366537027,9.801791113258263e-07,1.4942788970832688e-05,9.909608994948592e-06,2.245512468117394e-06,6.012300350004855e-06,0.9960509632274973,0.9777411916969138,0.9934884226035047,0.9836769255466001,0.9885355958358787
biunet,5%,10, 10%~20%,70909.0,0.9888012806932022,0.9679579031952464,0.9930736997543542,0.977820666019629,0.9852903590025107,2.0357319196035365e-05,8.58306358632756e-05,3.4721450412282756e-05,2.8400205226139172e-05,3.152217752394786e-05,0.9960509632274973,0.9777411916969138,0.9934884226035047,0.9836769255466001,0.9885355958358787
biunet,5%,10, 20%~30%,44346.0,0.9864493960586578,0.9641478447790588,0.9898696852967493,0.9826310231568534,0.9861740652874058,1.7412089158692302e-05,1.2739236419842661e-05,1.8919746126851316e-05,2.6583725121509474e-05,2.262032801598818e-05,0.9960509632274973,0.9777411916969138,0.9934884226035047,0.9836769255466001,0.9885355958358787
biunet,5%,10, 30%~40%,34042.0,0.9876385087265271,0.9645302484098156,0.9891827050304111,0.986817405356073,0.9879660330427592,2.497824686098768e-05,0.00012350329589923617,2.191009312084053e-05,2.7472058573266673e-05,2.480035397927254e-05,0.9960509632274973,0.9777411916969138,0.9934884226035047,0.9836769255466001,0.9885355958358787
biunet,5%,10, 40%~50%,32272.0,0.9886464890006553,0.9654264366753154,0.9892187503634892,0.9884794177843362,0.9888280760309044,4.602615010441258e-05,0.00012537613136457174,4.459199693948727e-05,4.632674711345027e-05,4.553380754780301e-05,0.9960509632274973,0.9777411916969138,0.9934884226035047,0.9836769255466001,0.9885355958358787
biunet,5%,10, Overall,877485.0,0.9960509632274973,0.9777411916969138,0.9934884226035047,0.9836769255466001,0.9885355958358787,1.5715272393448647e-06,1.0220043864225652e-05,6.598466224573562e-06,3.5726897537306063e-06,4.91362137265951e-06,0.9960509632274973,0.9777411916969138,0.9934884226035047,0.9836769255466001,0.9885355958358787
biunet,15%,10, 0.1%~0.5%,229048.0,0.9977686558380023,0.8634096165179472,0.9018936179726237,0.9639243197791935,0.9314300687896863,9.056461217350601e-06,0.0006105493389470227,0.00045223366797020326,4.06054410646444e-05,0.00026626473007569575,0.9873005458992207,0.929807704281611,0.9795897169152338,0.9465549293521657,0.9625123193333852
biunet,15%,10, 0.5%~1%,147682.0,0.9962376942242682,0.9052475545533074,0.9428975802204276,0.9293848713730192,0.935971400919712,3.392506834189061e-06,0.00016599370847301522,0.00014102108760655365,1.4996057385777465e-05,7.184942008316528e-05,0.9873005458992207,0.929807704281611,0.9795897169152338,0.9465549293521657,0.9625123193333852
biunet,15%,10, 1%~10%,319186.0,0.9894387519037356,0.9232651119183757,0.9810409893773565,0.9254432738350161,0.9516282230601619,1.668647780577815e-06,6.591374301552949e-05,1.7802644533734395e-05,1.8371528456831836e-05,1.8322136606845663e-05,0.9873005458992207,0.929807704281611,0.9795897169152338,0.9465549293521657,0.9625123193333852
biunet,15%,10, 10%~20%,70909.0,0.9660423405274555,0.9046698227974742,0.978821181607087,0.9327460756092075,0.9543102081227333,8.703681333056439e-06,1.5334655056634985e-05,7.64415624336611e-06,1.7335346751909984e-05,8.966030667688597e-06,0.9873005458992207,0.929807704281611,0.9795897169152338,0.9465549293521657,0.9625123193333852
biunet,15%,10, 20%~30%,44346.0,0.9583738817983735,0.8926996357034409,0.9691815069476184,0.9465366902208152,0.9571345137203973,1.488650133192181e-05,2.2468374977702903e-05,1.245432071535107e-05,2.832405796962364e-05,1.8292578572016252e-05,0.9873005458992207,0.929807704281611,0.9795897169152338,0.9465549293521657,0.9625123193333852
biunet,15%,10, 30%~40%,34042.0,0.9616144419824643,0.8927008897109366,0.9668301590187731,0.9590293305799286,0.9626039736979277,2.927195336709014e-05,0.00011245671766049484,2.9965762248877314e-05,2.8116859126338467e-05,2.7632016376073114e-05,0.9873005458992207,0.929807704281611,0.9795897169152338,0.9465549293521657,0.9625123193333852
biunet,15%,10, 40%~50%,32272.0,0.9645112943654476,0.8945684016829462,0.9666982851009528,0.9639704011455471,0.9651280685122966,9.208222919556631e-05,0.0002435753147296305,9.10739151576826e-05,9.233770178738132e-05,9.182328997486718e-05,0.9873005458992207,0.929807704281611,0.9795897169152338,0.9465549293521657,0.9625123193333852
biunet,15%,10, Overall,877485.0,0.9873005458992207,0.929807704281611,0.9795897169152338,0.9465549293521657,0.9625123193333852,4.643660601578618e-06,4.492216837780525e-05,2.8978212937408733e-05,8.519627720528735e-06,1.616387261731023e-05,0.9873005458992207,0.929807704281611,0.9795897169152338,0.9465549293521657,0.9625123193333852
biunet,25%,10, 0.1%~0.5%,229048.0,0.9949471408829954,0.7260672825368722,0.8272781660536328,0.8486668315150595,0.8373283154389662,4.606694681515938e-06,0.00028924784875320966,0.00016918233155295993,9.200589040767021e-05,0.00012500546018006072,0.9774899650735168,0.8770458925792847,0.9638678459823917,0.9040793747633463,0.9320452441030694
biunet,25%,10, 0.5%~1%,147682.0,0.9928676092633456,0.8269063068544668,0.8988364784188603,0.8507464701561426,0.8729400319412234,4.1798354218176145e-06,0.00024275684068182418,8.153247303439493e-05,2.718382018270758e-05,2.0803175927345622e-05,0.9774899650735168,0.8770458925792847,0.9638678459823917,0.9040793747633463,0.9320452441030694
biunet,25%,10, 1%~10%,319186.0,0.9816780727801439,0.867782076084988,0.9661828385857877,0.8694362451329374,0.9125798495124241,2.38245652381584e-06,3.4803435069276746e-05,3.578664794768851e-05,3.26350039841209e-05,7.130450635423239e-06,0.9774899650735168,0.8770458925792847,0.9638678459823917,0.9040793747633463,0.9320452441030694
biunet,25%,10, 10%~20%,70909.0,0.9416127716559046,0.8393892409400241,0.963281268153923,0.8841338889506697,0.9192155369229554,1.963445961661466e-05,0.00010256481034408902,3.245742959067189e-05,4.41854571281359e-05,3.8099901029050364e-05,0.9774899650735168,0.8770458925792847,0.9638678459823917,0.9040793747633463,0.9320452441030694
biunet,25%,10, 20%~30%,44346.0,0.9274949717045308,0.8184310134553093,0.9467336853034912,0.9066837636857331,0.9244923991709014,2.0748850473490354e-05,8.834961946095775e-05,3.581427228140334e-05,1.7805224733370486e-05,2.580004863830661e-05,0.9774899650735168,0.8770458925792847,0.9638678459823917,0.9040793747633463,0.9320452441030694
biunet,25%,10, 30%~40%,34042.0,0.9322808125860181,0.8160561918732961,0.9422005354070514,0.9276707231776546,0.9339371627356767,2.8978468634047268e-05,0.00017345728546552306,1.9676127026053327e-05,3.281618870576468e-05,2.658321711080846e-05,0.9774899650735168,0.8770458925792847,0.9638678459823917,0.9040793747633463,0.9320452441030694
biunet,25%,10, 40%~50%,32272.0,0.9370148179636587,0.8176657275116984,0.9416523663139037,0.9360480098892955,0.9382107614359164,7.105424369800768e-06,0.00013884077668779114,1.0028058961859566e-05,9.598229221593922e-06,5.148157946066665e-06,0.9774899650735168,0.8770458925792847,0.9638678459823917,0.9040793747633463,0.9320452441030694
biunet,25%,10, Overall,877485.0,0.9774899650735168,0.8770458925792847,0.9638678459823917,0.9040793747633463,0.9320452441030694,4.102991408682093e-06,5.077272659911843e-05,9.331831631484542e-06,1.5211225652271612e-05,1.2569540227066382e-05,0.9774899650735168,0.8770458925792847,0.9638678459823917,0.9040793747633463,0.9320452441030694
biunet,5%,11, 0.1%~0.5%,223465.0,0.9993989923141902,0.9597900178131372,0.965415866494023,0.9979528401206387,0.9812651868694094,3.4407142444595335e-06,0.0003514783271431944,0.00017064638357740038,1.704903225486803e-05,9.762016944190462e-05,0.9961057361967702,0.9783891618132833,0.9935620229761275,0.9839430737372409,0.9887070626020589
biunet,5%,11, 0.5%~1%,149989.0,0.9993424781864654,0.980204843604303,0.9821195892418212,0.9975941437571393,0.9897483438511075,4.396839387218947e-06,0.00023255688375451678,9.978680070177157e-05,3.655855736517156e-05,6.221105177105159e-05,0.9961057361967702,0.9783891618132833,0.9935620229761275,0.9839430737372409,0.9887070626020589
biunet,5%,11, 1%~10%,309842.0,0.9968471931182327,0.9781896311802843,0.9941474364556018,0.9778182987472469,0.9858514850190949,1.0933048478636942e-06,2.8069699246923827e-05,3.795348463442424e-06,1.204222250010649e-05,5.011682172791699e-06,0.9961057361967702,0.9783891618132833,0.9935620229761275,0.9839430737372409,0.9887070626020589
biunet,5%,11, 10%~20%,67234.0,0.9886992680878878,0.9675645161157798,0.9929805727280225,0.977607762101591,0.9851338977715604,2.064247410567239e-06,5.4706368615336566e-05,5.952987389662034e-06,1.1013216276905378e-06,2.537794076890644e-06,0.9961057361967702,0.9783891618132833,0.9935620229761275,0.9839430737372409,0.9887070626020589
biunet,5%,11, 20%~30%,43944.0,0.9864835750166648,0.9642764710834539,0.9899980255946175,0.98263472463668,0.9862365607781212,1.258969913460475e-05,4.5988175802476114e-05,5.588119960199054e-06,2.3942539634511178e-05,1.442570340771011e-05,0.9961057361967702,0.9783891618132833,0.9935620229761275,0.9839430737372409,0.9887070626020589
biunet,5%,11, 30%~40%,34708.0,0.9875531192481383,0.9641779802233857,0.9890912170330216,0.986747030763745,0.9878833624203293,2.7252416715869896e-05,2.2438852941138872e-05,2.876853968016812e-05,3.067594590773409e-05,2.9501300758696916e-05,0.9961057361967702,0.9783891618132833,0.9935620229761275,0.9839430737372409,0.9887070626020589
biunet,5%,11, 40%~50%,31276.0,0.9886402447257671,0.9653799133147265,0.9891593901843482,0.9884916654989758,0.9888061554450975,9.324120179171869e-06,0.00010607532733124451,7.316533581308518e-06,8.523446967722047e-06,7.653400668651707e-06,0.9961057361967702,0.9783891618132833,0.9935620229761275,0.9839430737372409,0.9887070626020589
biunet,5%,11, Overall,860458.0,0.9961057361967702,0.9783891618132833,0.9935620229761275,0.9839430737372409,0.9887070626020589,1.7893524416134155e-06,2.0261999438390932e-05,7.640765565798897e-06,6.938611406454873e-06,6.954482134869551e-06,0.9961057361967702,0.9783891618132833,0.9935620229761275,0.9839430737372409,0.9887070626020589
biunet,15%,11, 0.1%~0.5%,223465.0,0.9977917054008537,0.869098987754899,0.9030487660342312,0.9649090235946652,0.9324735214436691,2.2691632652359824e-06,0.00012520832043100462,0.00011594975862791388,3.558502960323442e-05,7.655264536900466e-05,0.9874305540132354,0.9316308573216231,0.9797897514454882,0.9471665978478381,0.9629290752603142
biunet,15%,11, 0.5%~1%,149989.0,0.9961462657662913,0.9069531420772204,0.9438478705936107,0.9278505154313966,0.9356484616635751,4.311754791707949e-06,9.077610124067879e-05,0.00013592097277270658,9.177414603474435e-06,7.026154780060498e-05,0.9874305540132354,0.9316308573216231,0.9797897514454882,0.9471665978478381,0.9629290752603142
biunet,15%,11, 1%~10%,309842.0,0.9897893991008248,0.9306419363719455,0.9813565200563278,0.9267547478331938,0.9524870441863161,3.0499750049567444e-06,8.515126742337986e-06,2.1790011517384966e-05,2.3933236367531216e-05,1.5281439037472764e-05,0.9874305540132354,0.9316308573216231,0.9797897514454882,0.9471665978478381,0.9629290752603142
biunet,15%,11, 10%~20%,67234.0,0.9658273303314271,0.9038035443084595,0.9785836671573103,0.9322779267707886,0.953934299836383,8.459787754944768e-06,7.405339675179323e-05,2.421060164706776e-05,1.752397772439609e-05,9.87768055741564e-06,0.9874305540132354,0.9316308573216231,0.9797897514454882,0.9471665978478381,0.9629290752603142
biunet,15%,11, 20%~30%,43944.0,0.9584403655118613,0.8930840590143686,0.9695844633130809,0.9464875012702585,0.9572755575062315,2.719011338757311e-05,4.53956536246243e-05,3.955301866383842e-05,2.7747880740473127e-05,3.2834282177125644e-05,0.9874305540132354,0.9316308573216231,0.9797897514454882,0.9471665978478381,0.9629290752603142
biunet,15%,11, 30%~40%,34708.0,0.9612219811622674,0.8913778953175097,0.9664784673740602,0.9586639979994023,0.9622251430792957,3.447143083066449e-05,0.00012811238334711034,3.463487019132694e-05,3.455021050863912e-05,3.424789109757013e-05,0.9874305540132354,0.9316308573216231,0.9797897514454882,0.9471665978478381,0.9629290752603142
biunet,15%,11, 40%~50%,31276.0,0.9644921432972331,0.8943486509514535,0.9664893579625374,0.9640158006909009,0.9650625907317356,3.8178789247445454e-05,6.443393957332898e-05,3.562328616445168e-05,4.030705948034309e-05,3.862682845283977e-05,0.9874305540132354,0.9316308573216231,0.9797897514454882,0.9471665978478381,0.9629290752603142
biunet,15%,11, Overall,860458.0,0.9874305540132354,0.9316308573216231,0.9797897514454882,0.9471665978478381,0.9629290752603142,5.6691462475574944e-06,1.5766023181097932e-05,1.6287189160137378e-05,2.204653069449187e-05,1.958055938475242e-05,0.9874305540132354,0.9316308573216231,0.9797897514454882,0.9471665978478381,0.9629290752603142
biunet,25%,11, 0.1%~0.5%,223465.0,0.9949577595661282,0.7346505610234889,0.8282027582449215,0.8473189154935591,0.8372512093046621,2.8181972802915007e-06,7.762447054988141e-05,9.317759289744755e-05,3.1817616303810236e-05,6.434612015295155e-05,0.9777016105028818,0.8800995019620309,0.9642124966408968,0.9050966135686488,0.9327603193825865
biunet,25%,11, 0.5%~1%,149989.0,0.9927930498595668,0.8319061225741299,0.9008048494441278,0.8513462489363831,0.8742269896812237,9.823414142513342e-06,0.0001308198457420424,0.00028863008724761783,5.631695404296459e-05,0.00015166821961323185,0.9777016105028818,0.8800995019620309,0.9642124966408968,0.9050966135686488,0.9327603193825865
biunet,25%,11, 1%~10%,309842.0,0.9822335303829454,0.8800388081032695,0.9665423937270181,0.8713774783571426,0.9138657917150305,4.593592634422948e-06,7.929389125118978e-05,4.6086627091017635e-05,1.690511872219626e-05,2.709135284989966e-05,0.9777016105028818,0.8800995019620309,0.9642124966408968,0.9050966135686488,0.9327603193825865
biunet,25%,11, 10%~20%,67234.0,0.9412891163121985,0.8380198755937656,0.9628853833958604,0.8834555518460522,0.9186150532642765,2.3395728006465938e-05,0.00013189337807819246,5.350675496296119e-05,4.676423706650885e-05,3.927028912184612e-05,0.9777016105028818,0.8800995019620309,0.9642124966408968,0.9050966135686488,0.9327603193825865
biunet,25%,11, 20%~30%,43944.0,0.92762983629124,0.8194950386470783,0.9474961131991582,0.9066543932416931,0.9247542235684026,2.8452763951259904e-06,5.843528217432342e-05,1.6299007734982537e-05,2.0714348793448532e-05,1.5101427780058118e-05,0.9777016105028818,0.8800995019620309,0.9642124966408968,0.9050966135686488,0.9327603193825865
biunet,25%,11, 30%~40%,34708.0,0.9314819578236128,0.8135536747677241,0.9416422355813007,0.9269002402987733,0.9331975635835111,7.730555972642387e-05,0.00016355605282855203,8.11346310617305e-05,6.385369990154385e-05,6.966450551543573e-05,0.9777016105028818,0.8800995019620309,0.9642124966408968,0.9050966135686488,0.9327603193825865
biunet,25%,11, 40%~50%,31276.0,0.9370579546005304,0.8174689203337214,0.9413278497368226,0.9362028596586548,0.9381728490959103,2.680330894566198e-05,2.3204179851116652e-05,2.3961993249229832e-05,2.763871153589464e-05,2.6339066443783726e-05,0.9777016105028818,0.8800995019620309,0.9642124966408968,0.9050966135686488,0.9327603193825865
biunet,25%,11, Overall,860458.0,0.9777016105028818,0.8800995019620309,0.9642124966408968,0.9050966135686488,0.9327603193825865,4.741066743769182e-06,2.620293531188715e-05,2.914609083911963e-05,1.0089381644314585e-05,7.582309922857153e-06,0.9777016105028818,0.8800995019620309,0.9642124966408968,0.9050966135686488,0.9327603193825865
biunet,5%,12, 0.1%~0.5%,216817.0,0.9994290945703757,0.9586337605829355,0.9664141111157171,0.9978507004771829,0.9817533703938511,5.325922870130167e-07,7.362502511291877e-05,4.355660459844687e-05,9.303755278773616e-06,1.882395788285976e-05,0.9961043360472125,0.9775890813819365,0.9935554925278473,0.9835031070096152,0.9884802882376057
biunet,5%,12, 0.5%~1%,145381.0,0.9994040744772995,0.9760337352793528,0.9818395063417472,0.997491664358491,0.9895683372006799,2.0319976750562844e-06,2.7035491512058194e-05,7.710370996808729e-05,2.371797162440442e-05,4.304718603275725e-05,0.9961043360472125,0.9775890813819365,0.9935554925278473,0.9835031070096152,0.9884802882376057
biunet,5%,12, 1%~10%,305300.0,0.9967678532657317,0.9759898527008201,0.9941700169517965,0.9770871885528862,0.9854869352217214,1.7462760013736845e-06,4.478391673853896e-05,2.7913219837378114e-05,2.7742154335959965e-06,1.196194942500083e-05,0.9961043360472125,0.9775890813819365,0.9935554925278473,0.9835031070096152,0.9884802882376057
biunet,5%,12, 10%~20%,65546.0,0.9886131304490848,0.9677850759834721,0.9930053152395827,0.9774764931761001,0.9850773386167472,3.251285215671722e-06,1.1640250193877138e-05,1.1424926415931845e-06,1.0721023880834457e-05,4.937790170210037e-06,0.9961043360472125,0.9775890813819365,0.9935554925278473,0.9835031070096152,0.9884802882376057
biunet,5%,12, 20%~30%,40859.0,0.9864776857417876,0.9640687432265843,0.9899334863022418,0.982727366820883,0.9862535299855305,2.1061349604799026e-05,9.251236561345285e-05,1.8965223637197694e-05,2.6886130612543408e-05,2.296811325731931e-05,0.9961043360472125,0.9775890813819365,0.9935554925278473,0.9835031070096152,0.9884802882376057
biunet,5%,12, 30%~40%,33818.0,0.9873987356910371,0.9638623453669792,0.988953685593899,0.986581632101707,0.9877338448042624,7.4802892187944515e-06,9.537391634560897e-06,4.627821462399102e-06,7.196935363716179e-06,5.97805547371552e-06,0.9961043360472125,0.9775890813819365,0.9935554925278473,0.9835031070096152,0.9884802882376057
biunet,5%,12, 40%~50%,28204.0,0.9881481813022953,0.9637679372004063,0.9886884581658378,0.9879959665529155,0.9883172431707345,2.3161396890185133e-05,8.990113050469285e-05,2.222166251886674e-05,2.4076207360487018e-05,2.326928340886053e-05,0.9961043360472125,0.9775890813819365,0.9935554925278473,0.9835031070096152,0.9884802882376057
biunet,5%,12, Overall,835925.0,0.9961043360472125,0.9775890813819365,0.9935554925278473,0.9835031070096152,0.9884802882376057,1.903660273863485e-06,2.283287399530197e-05,6.53168394970902e-06,8.988507977360113e-06,6.6780619325010836e-06,0.9961043360472125,0.9775890813819365,0.9935554925278473,0.9835031070096152,0.9884802882376057
biunet,15%,12, 0.1%~0.5%,216817.0,0.9978810899694383,0.8644745172535807,0.9061059370143992,0.9639614163369581,0.9337667863149858,7.722583184182847e-06,0.00034659649100983735,0.00040037177958442686,6.774340717401622e-05,0.0002279432643662372,0.987449921997341,0.9291885669376216,0.9797784593451757,0.9458872177524403,0.962248219304857
biunet,15%,12, 0.5%~1%,145381.0,0.9964097222133227,0.8860579825085503,0.943239932752011,0.9277320637252376,0.9352005976159625,6.007206060922429e-06,0.00015658782833184113,0.00017361794021331046,3.008186105578228e-05,9.875405276020599e-05,0.987449921997341,0.9291885669376216,0.9797784593451757,0.9458872177524403,0.962248219304857
biunet,15%,12, 1%~10%,305300.0,0.989568086741334,0.9238780413936243,0.9814489334574503,0.9247378917870507,0.9514272686033053,3.1924438444270663e-06,2.0367667270533915e-05,3.5188758884248976e-05,3.3604350745011936e-06,1.8028285968882903e-05,0.987449921997341,0.9291885669376216,0.9797784593451757,0.9458872177524403,0.962248219304857
biunet,15%,12, 10%~20%,65546.0,0.9655823132097711,0.904387912629582,0.9786257119455043,0.931943291648615,0.9537647401465028,3.7529155435262595e-05,0.00011814347743933938,5.1615151292051444e-05,5.4272335218117084e-05,5.288216832107491e-05,0.987449921997341,0.9291885669376216,0.9797784593451757,0.9458872177524403,0.962248219304857
biunet,15%,12, 20%~30%,40859.0,0.9583515611867591,0.892248864672719,0.9693110264124069,0.9466975451003817,0.9572709703117231,3.4460886946078735e-05,7.7534526418278e-05,3.756677946316094e-05,5.3413553455243635e-05,4.6657795440376934e-05,0.987449921997341,0.9291885669376216,0.9797784593451757,0.9458872177524403,0.962248219304857
biunet,15%,12, 30%~40%,33818.0,0.9608373339101929,0.8905606973119257,0.9660905435858429,0.9582542800394616,0.9618470752279215,5.186592688887051e-06,0.0001963572977787487,1.0539927992075424e-05,6.395434097924397e-06,9.607160265359074e-07,0.987449921997341,0.9291885669376216,0.9797784593451757,0.9458872177524403,0.962248219304857
biunet,15%,12, 40%~50%,28204.0,0.9630325966581698,0.8898172267387129,0.9651873713836586,0.9625519411210393,0.9636294425422042,3.282822981232491e-05,0.0002320809989159006,3.2994444141419995e-05,2.9119964322742566e-05,3.058211541758411e-05,0.987449921997341,0.9291885669376216,0.9797784593451757,0.9458872177524403,0.962248219304857
biunet,15%,12, Overall,835925.0,0.987449921997341,0.9291885669376216,0.9797784593451757,0.9458872177524403,0.962248219304857,2.6007762852785057e-06,3.205907928868847e-05,1.9280750204170123e-05,1.2745139394003158e-05,1.3179376180704581e-05,0.987449921997341,0.9291885669376216,0.9797784593451757,0.9458872177524403,0.962248219304857
biunet,25%,12, 0.1%~0.5%,216817.0,0.9950897187668201,0.7222593734892135,0.8325199014037423,0.8461320426022758,0.8386368625132463,6.683033017391937e-06,0.00044791357383396703,0.00032177345114905623,0.00012666627804615684,0.00010783554438346241,0.9777448151458091,0.8759061362824182,0.9641282504445154,0.9028998021135277,0.931506526685583
biunet,25%,12, 0.5%~1%,145381.0,0.9931615898573888,0.7922585955701026,0.8987913898320029,0.8481446034971589,0.8711025862868557,8.210161367070684e-06,0.0003701044740649165,0.0002620230279497816,9.139773691493945e-05,0.00012829777976895886,0.9777448151458091,0.8759061362824182,0.9641282504445154,0.9028998021135277,0.931506526685583
biunet,25%,12, 1%~10%,305300.0,0.9819015765830281,0.8687987821637914,0.966756934807639,0.8682883718984739,0.9121537649362804,9.95405190356591e-07,5.634831582191371e-05,2.614836007720579e-05,1.894231004273191e-05,5.625826629290087e-06,0.9777448151458091,0.8759061362824182,0.9641282504445154,0.9028998021135277,0.931506526685583
biunet,25%,12, 10%~20%,65546.0,0.9408863180172773,0.8390892000077358,0.9630129573262464,0.8828901284844904,0.918328552275884,2.5486317456213497e-05,3.220724133927888e-05,6.321693991304102e-05,3.6932066318984326e-05,4.960285642825395e-05,0.9777448151458091,0.8759061362824182,0.9641282504445154,0.9028998021135277,0.931506526685583
biunet,25%,12, 20%~30%,40859.0,0.9274908476090656,0.8178316546754427,0.9470728655513899,0.9070102226068234,0.9247981678060384,6.342831722050754e-05,8.903953817866195e-05,6.565851768258381e-05,8.97514226979195e-05,8.184151375592407e-05,0.9777448151458091,0.8759061362824182,0.9641282504445154,0.9028998021135277,0.931506526685583
biunet,25%,12, 30%~40%,33818.0,0.931007710625153,0.8128709270966027,0.9410088046074953,0.9263910486878899,0.9326980136059104,1.7554178966114933e-05,3.8310188809808456e-05,4.256853332848571e-05,1.9950658952290564e-05,2.4214386486086386e-05,0.9777448151458091,0.8759061362824182,0.9641282504445154,0.9028998021135277,0.931506526685583
biunet,25%,12, 40%~50%,28204.0,0.9344450687809746,0.8099880585510816,0.9391496677654331,0.9335832403620664,0.9356294209159154,1.0582935244826583e-05,8.587977553776433e-05,7.246998370766596e-06,1.5801207580395113e-05,1.290573276120837e-05,0.9777448151458091,0.8759061362824182,0.9641282504445154,0.9028998021135277,0.931506526685583
biunet,25%,12, Overall,835925.0,0.9777448151458091,0.8759061362824182,0.9641282504445154,0.9028998021135277,0.931506526685583,4.627818025705683e-06,7.408430602202959e-06,1.5757067940857996e-05,1.6629940531764327e-05,1.3701780308936208e-05,0.9777448151458091,0.8759061362824182,0.9641282504445154,0.9028998021135277,0.931506526685583
biunet,5%,13, 0.1%~0.5%,163104.0,0.9993908184391375,0.9645649502215763,0.9667463310385783,0.9982503126364121,0.9820972248288612,1.5516645609904368e-06,0.00011468871462803207,0.00010286766062719149,8.351615591631698e-06,5.4755825581269825e-05,0.9960206432597674,0.9788751891483048,0.9935389841413529,0.9840557285508229,0.9887525720891847
biunet,5%,13, 0.5%~1%,108108.0,0.9993242217576818,0.9814706221335658,0.9822370778012459,0.9974058428441127,0.9897127816816313,3.7256512552773453e-06,0.00021564244295237893,8.06079971186928e-05,3.0314005416442412e-05,4.909831269805801e-05,0.9960206432597674,0.9788751891483048,0.9935389841413529,0.9840557285508229,0.9887525720891847
biunet,5%,13, 1%~10%,225326.0,0.9967205999583287,0.9796411706466085,0.9940575110125086,0.9777893910190145,0.9857934519497578,2.5183483478133878e-06,4.8148478351326656e-05,1.5100637243131482e-05,1.4127679709743612e-05,1.2589522466983339e-05,0.9960206432597674,0.9788751891483048,0.9935389841413529,0.9840557285508229,0.9887525720891847
biunet,5%,13, 10%~20%,50293.0,0.9888757331971277,0.9691438137518843,0.9930619322297404,0.9782502721963079,0.9855032179167429,4.933515946456882e-06,7.400060560239086e-05,1.644677163735203e-05,2.586658658561647e-06,7.533977706004429e-06,0.9960206432597674,0.9788751891483048,0.9935389841413529,0.9840557285508229,0.9887525720891847
biunet,5%,13, 20%~30%,32384.0,0.9864751546085754,0.9641801491186398,0.9898757631162057,0.982690977717286,0.986206275797822,2.115117479686725e-05,7.613164360357787e-05,1.9432001504567056e-05,3.171009446308864e-05,2.5378109200893394e-05,0.9960206432597674,0.9788751891483048,0.9935389841413529,0.9840557285508229,0.9887525720891847
biunet,5%,13, 30%~40%,26224.0,0.987719479867705,0.9646213308485913,0.9892766536434231,0.9868678862074765,0.9880415907375187,2.328125698775395e-05,6.235898504389219e-05,1.9817195524618537e-05,2.623394444247112e-05,2.307535124838896e-05,0.9960206432597674,0.9788751891483048,0.9935389841413529,0.9840557285508229,0.9887525720891847
biunet,5%,13, 40%~50%,23152.0,0.9883150029386442,0.964503989626151,0.9888790312992061,0.9881471669574227,0.9884924678641483,5.6865126598501036e-05,0.0001585778789571612,5.571172221671938e-05,5.792625385225832e-05,5.68052159366095e-05,0.9960206432597674,0.9788751891483048,0.9935389841413529,0.9840557285508229,0.9887525720891847
biunet,5%,13, Overall,628591.0,0.9960206432597674,0.9788751891483048,0.9935389841413529,0.9840557285508229,0.9887525720891847,3.560775821025397e-06,1.2449702042869548e-05,1.448891685015072e-05,1.0660312236935601e-05,1.2518065390715701e-05,0.9960206432597674,0.9788751891483048,0.9935389841413529,0.9840557285508229,0.9887525720891847
biunet,15%,13, 0.1%~0.5%,163104.0,0.9977616511539257,0.8843903945735779,0.9066091753232092,0.9657632402001344,0.934786055507543,7.1935954188437915e-06,0.0004755027131558076,0.00032449280963332534,1.2598340743338734e-05,0.0001849125590350084,0.9871996738177377,0.9333241748280189,0.9797517607728657,0.9477067968241237,0.9631936809590748
biunet,15%,13, 0.5%~1%,108108.0,0.9962261369105475,0.917469871671449,0.94462857987115,0.9295891681683736,0.936948345040793,9.53410340182516e-06,8.64733272163623e-05,0.00034617456460358864,4.8436711281251415e-05,0.00018798531823050341,0.9871996738177377,0.9333241748280189,0.9797517607728657,0.9477067968241237,0.9631936809590748
biunet,15%,13, 1%~10%,225326.0,0.9894326211957288,0.9355078812843525,0.9811354770660842,0.9269882125727972,0.952526298364341,2.5897027260892086e-06,1.8252683117871803e-05,2.5287400703849483e-05,2.0421233904883208e-05,1.5696690542790128e-05,0.9871996738177377,0.9333241748280189,0.9797517607728657,0.9477067968241237,0.9631936809590748
biunet,15%,13, 10%~20%,50293.0,0.9663204798587501,0.9084092172027681,0.9788483994300986,0.9341347523879642,0.9550588778066667,1.7418647835818226e-05,0.0001986473873249981,2.480601304106362e-05,4.239148731883265e-05,2.933119372223464e-05,0.9871996738177377,0.9333241748280189,0.9797517607728657,0.9477067968241237,0.9631936809590748
biunet,15%,13, 20%~30%,32384.0,0.9583840163287696,0.8927427055455418,0.9691919330035442,0.9465950324875299,0.957154343347464,3.39685094032504e-06,6.553792062395303e-05,1.3816443518716317e-05,8.386270156702414e-06,7.613476302772269e-07,0.9871996738177377,0.9333241748280189,0.9797517607728657,0.9477067968241237,0.9631936809590748
biunet,15%,13, 30%~40%,26224.0,0.9617176982007795,0.8923727288040156,0.9669513170279451,0.9589988821479607,0.9626754070021764,3.486376968161523e-05,0.00018993932226250103,2.3398615756543493e-05,3.672410169301169e-05,3.070224927470675e-05,0.9871996738177377,0.9333241748280189,0.9797517607728657,0.9477067968241237,0.9631936809590748
biunet,15%,13, 40%~50%,23152.0,0.963435340633083,0.8912427381627448,0.9655971285610745,0.9629008994370628,0.9640464495890505,7.199705438483055e-05,0.00023345621458469002,6.983180221155699e-05,7.006587146274005e-05,6.965760380382576e-05,0.9871996738177377,0.9333241748280189,0.9797517607728657,0.9477067968241237,0.9631936809590748
biunet,15%,13, Overall,628591.0,0.9871996738177377,0.9333241748280189,0.9797517607728657,0.9477067968241237,0.9631936809590748,4.022930977090836e-06,6.317868510787473e-05,3.51136635717645e-06,2.0614389797556506e-05,1.2580295612442512e-05,0.9871996738177377,0.9333241748280189,0.9797517607728657,0.9477067968241237,0.9631936809590748
biunet,25%,13, 0.1%~0.5%,163104.0,0.9948803105681341,0.7663492184871169,0.8335127037689788,0.8478787896899919,0.8402775439123666,8.384256087663077e-06,0.0006247976375152775,0.00042099025077930807,2.493123374269338e-05,0.00020628332220811436,0.9772653869836746,0.8829167356231186,0.9640948997000952,0.9059434023831567,0.933167292055536
biunet,25%,13, 0.5%~1%,108108.0,0.9928374681226392,0.8499382094685637,0.9011942068247191,0.8507690813562222,0.8741612510786188,4.9830192033784195e-06,0.0002256042540705752,0.00013732104629198553,4.431172173686068e-05,8.259522543524219e-05,0.9772653869836746,0.8829167356231186,0.9640948997000952,0.9059434023831567,0.933167292055536
biunet,25%,13, 1%~10%,225326.0,0.9816210242493661,0.88826726206744,0.9661294294594338,0.8719260134764119,0.9140632327475137,2.5650100055767966e-06,6.574089779736146e-05,6.500704313885122e-05,1.7987403566630765e-06,2.7315185308544543e-05,0.9772653869836746,0.8829167356231186,0.9640948997000952,0.9059434023831567,0.933167292055536
biunet,25%,13, 10%~20%,50293.0,0.9420459226801666,0.8453952042269041,0.9633448748967947,0.8864796943716033,0.9205439371728992,1.2993752901868386e-05,7.791613605433348e-05,2.0478516163366656e-05,2.4825709377507246e-05,2.8657152080564074e-05,0.9772653869836746,0.8829167356231186,0.9640948997000952,0.9059434023831567,0.933167292055536
biunet,25%,13, 20%~30%,32384.0,0.9274169409419039,0.8182731390485539,0.94668892734493,0.9067207262139082,0.9244462810436591,1.9275779304518396e-05,3.132310084857436e-05,4.059927172715798e-05,3.4114307473953984e-05,3.911250796307844e-05,0.9772653869836746,0.8829167356231186,0.9640948997000952,0.9059434023831567,0.933167292055536
biunet,25%,13, 30%~40%,26224.0,0.9324403443164129,0.8152240010258476,0.9423929492435144,0.9275422494607802,0.9340297267798489,3.286150249696568e-05,0.00023317473722254625,3.7315177620343575e-05,3.737212017588013e-05,3.6819126220764934e-05,0.9772653869836746,0.8829167356231186,0.9640948997000952,0.9059434023831567,0.933167292055536
biunet,25%,13, 40%~50%,23152.0,0.935070636945632,0.8119960249995897,0.9396619278770711,0.9341117119085501,0.9362566004461037,8.662389005866971e-05,0.000172718119037728,8.601637617996567e-05,8.790273657145117e-05,8.765825604756966e-05,0.9772653869836746,0.8829167356231186,0.9640948997000952,0.9059434023831567,0.933167292055536
biunet,25%,13, Overall,628591.0,0.9772653869836746,0.8829167356231186,0.9640948997000952,0.9059434023831567,0.933167292055536,4.0066084601032614e-06,4.918319441704597e-05,2.140407092825089e-05,1.3887001569430064e-05,1.0226248475620032e-05,0.9772653869836746,0.8829167356231186,0.9640948997000952,0.9059434023831567,0.933167292055536
biunet,5%,14, 0.1%~0.5%,149550.0,0.999454180030586,0.9635614833723852,0.9692236249603652,0.998005006374696,0.983288038514762,2.6831314137696947e-06,8.972885893542675e-05,0.00020348972737940703,4.341833196040124e-05,8.60866415554478e-05,0.9961330845108373,0.9773182763398992,0.9935704380670405,0.9833720653524004,0.9884209777757135
biunet,5%,14, 0.5%~1%,98700.0,0.9994059786091176,0.9770774280166247,0.9829927574278222,0.997158160256738,0.9899939651332375,3.552816427149178e-06,9.262450989617454e-05,0.0001108868850557469,3.436039748858439e-05,6.429418330174485e-05,0.9961330845108373,0.9773182763398992,0.9935704380670405,0.9833720653524004,0.9884209777757135
biunet,5%,14, 1%~10%,204264.0,0.9968056882772597,0.9751249759308288,0.9943481261845571,0.9770400880015039,0.9855483754100174,3.078386493677427e-06,2.1329424855577167e-05,2.8402221485099534e-05,1.326707675569708e-05,7.327160516475793e-06,0.9961330845108373,0.9773182763398992,0.9935704380670405,0.9833720653524004,0.9884209777757135
biunet,5%,14, 10%~20%,42284.0,0.9885979817323118,0.9687571006039661,0.992917717739263,0.977801458138324,0.9852004301865965,1.1769999520913367e-05,0.00010305055854744943,8.256990295323424e-06,1.2175390287729779e-05,1.0111562432953557e-05,0.9961330845108373,0.9773182763398992,0.9935704380670405,0.9833720653524004,0.9884209777757135
biunet,5%,14, 20%~30%,28921.0,0.986428305700039,0.9636419120424801,0.9899182205435691,0.9825491374694081,0.9861574407744786,6.144554528956799e-06,0.00015395654941132816,1.115859597989171e-05,9.76182789350344e-06,9.817594647485508e-06,0.9961330845108373,0.9773182763398992,0.9935704380670405,0.9833720653524004,0.9884209777757135
biunet,5%,14, 30%~40%,21685.0,0.9870429613082584,0.9626644205643319,0.9887339136258907,0.9861241858437694,0.9873914672753704,1.5558042400594336e-05,8.166311083501682e-05,1.0136266347581005e-05,1.64654711738492e-05,1.3454170885032904e-05,0.9961330845108373,0.9773182763398992,0.9935704380670405,0.9833720653524004,0.9884209777757135
biunet,5%,14, 40%~50%,18872.0,0.9876184754232503,0.9619728159250114,0.9882099274759261,0.9874499510684828,0.9878011519973736,1.8435273246128946e-05,5.470320967139248e-05,1.8883784636991636e-05,1.9959872211696314e-05,1.928571812855374e-05,0.9961330845108373,0.9773182763398992,0.9935704380670405,0.9833720653524004,0.9884209777757135
biunet,5%,14, Overall,564276.0,0.9961330845108373,0.9773182763398992,0.9935704380670405,0.9833720653524004,0.9884209777757135,1.9086983905142366e-06,1.4835757425543976e-05,7.633857190872318e-06,5.253327921597803e-06,5.888546712726342e-06,0.9961330845108373,0.9773182763398992,0.9935704380670405,0.9833720653524004,0.9884209777757135
biunet,15%,14, 0.1%~0.5%,149550.0,0.9979378608999792,0.8797297786847483,0.9127800133288583,0.9641889306160215,0.9374632852793433,5.298762012401611e-06,0.0003175875453375877,0.00026774105421177824,2.3393119746628494e-05,0.00014430574683862546,0.9875146447628694,0.9282612931948426,0.9797770768749979,0.9453496087014964,0.9619626537217014
biunet,15%,14, 0.5%~1%,98700.0,0.9963632803119901,0.8903904882102299,0.9464608944978558,0.9268457038029893,0.9363044562739608,8.085036398069505e-06,0.00020734141161966174,0.00023342746455093385,7.105293976312127e-05,0.0001319317489837647,0.9875146447628694,0.9282612931948426,0.9797770768749979,0.9453496087014964,0.9619626537217014
biunet,15%,14, 1%~10%,204264.0,0.9896761749264863,0.9209984756747288,0.9819283483112199,0.924625955418692,0.9515797828482812,7.546960267966286e-06,0.00016163308927890795,6.854394401451559e-05,1.688230034576028e-05,3.797148192717778e-05,0.9875146447628694,0.9282612931948426,0.9797770768749979,0.9453496087014964,0.9619626537217014
biunet,15%,14, 10%~20%,42284.0,0.9655181530070251,0.9073279103076647,0.9783743104448268,0.9328997043024025,0.954156864050412,2.087131135570612e-05,4.918284955323473e-05,2.1964705786739797e-05,2.122669541341391e-05,1.8439931912400375e-05,0.9875146447628694,0.9282612931948426,0.9797770768749979,0.9453496087014964,0.9619626537217014
biunet,15%,14, 20%~30%,28921.0,0.9582629468879188,0.8908899048866742,0.9693352466364004,0.9461893772654028,0.9570318888898802,4.182881428085579e-05,0.00016409266306605767,3.976655423847565e-05,4.3019724109442853e-05,4.2136175738801425e-05,0.9875146447628694,0.9282612931948426,0.9797770768749979,0.9453496087014964,0.9619626537217014
biunet,15%,14, 30%~40%,21685.0,0.9596909079272788,0.88710405421593,0.9654027391416378,0.9567875526544092,0.9607336174513398,3.478132771386393e-05,0.00019287428501087416,4.3856193531158006e-05,3.259192316554974e-05,3.525220399398327e-05,0.9875146447628694,0.9282612931948426,0.9797770768749979,0.9453496087014964,0.9619626537217014
biunet,15%,14, 40%~50%,18872.0,0.9613261456944818,0.884564628145896,0.9637101313776126,0.9607822585790377,0.9619678306348503,7.847856986320307e-05,0.00020787338368538456,7.48751455838729e-05,7.907715428429448e-05,7.737152699591066e-05,0.9875146447628694,0.9282612931948426,0.9797770768749979,0.9453496087014964,0.9619626537217014
biunet,15%,14, Overall,564276.0,0.9875146447628694,0.9282612931948426,0.9797770768749979,0.9453496087014964,0.9619626537217014,4.904161789963911e-06,5.3237559485907126e-05,2.324721581004638e-05,4.386178933912469e-06,1.2350380472568444e-05,0.9875146447628694,0.9282612931948426,0.9797770768749979,0.9453496087014964,0.9619626537217014
biunet,25%,14, 0.1%~0.5%,149550.0,0.9952080915327309,0.7535590141770289,0.8436857564567939,0.8483330038079795,0.8454893714813282,1.318500052907589e-05,0.0006600361765361923,0.0006600941245842243,4.436673545630393e-05,0.00034669504397830613,0.9778453390313423,0.8742700771707078,0.9641286323092334,0.90187168680696,0.9309337433802803
biunet,25%,14, 0.5%~1%,98700.0,0.9931284518769351,0.8008918776143591,0.9046665945522906,0.8488935307436695,0.8742125453087334,1.204042398599574e-05,0.0006605913848196541,0.0003157038662207755,0.00012937294866700695,0.00020866340648705115,0.9778453390313423,0.8742700771707078,0.9641286323092334,0.90187168680696,0.9309337433802803
biunet,25%,14, 1%~10%,204264.0,0.9820534940319535,0.8635787048454703,0.9676364571249568,0.8678497988867294,0.9122411071513171,8.997663262601743e-06,0.00010263975035286095,0.0001028692554107888,1.922167260555895e-05,4.7944834461684864e-05,0.9778453390313423,0.8742700771707078,0.9641286323092334,0.90187168680696,0.9309337433802803
biunet,25%,14, 10%~20%,42284.0,0.9407495504776141,0.8441710860956212,0.9625220637441525,0.8845114729987932,0.9190167154197821,1.3425577109794858e-05,4.607318828275762e-05,3.848240882961066e-05,1.1821130273204683e-05,2.1551538097449957e-05,0.9778453390313423,0.8742700771707078,0.9641286323092334,0.90187168680696,0.9309337433802803
biunet,25%,14, 20%~30%,28921.0,0.927239533559122,0.8152786606186749,0.9470136696834643,0.9059796060867615,0.924249080005091,2.9554248409531638e-05,7.770596576987613e-05,4.691702674632012e-05,4.280462152176777e-05,4.318507234780822e-05,0.9778453390313423,0.8742700771707078,0.9641286323092334,0.90187168680696,0.9309337433802803
biunet,25%,14, 30%~40%,21685.0,0.9290384591218954,0.8070653731091851,0.9399103521137452,0.9238474870150758,0.9307654581323339,5.882606432583227e-05,0.00011516300529099031,5.7319631046365456e-05,6.66506027619385e-05,5.83103632277392e-05,0.9778453390313423,0.8742700771707078,0.9641286323092334,0.90187168680696,0.9309337433802803
biunet,25%,14, 40%~50%,18872.0,0.9315274377287105,0.8018236593511374,0.9367408059116272,0.930562221909391,0.9328035923726175,8.242871656707566e-05,0.0003407438260859442,5.920743827311099e-05,8.992461588591364e-05,8.072763800044253e-05,0.9778453390313423,0.8742700771707078,0.9641286323092334,0.90187168680696,0.9309337433802803
biunet,25%,14, Overall,564276.0,0.9778453390313423,0.8742700771707078,0.9641286323092334,0.90187168680696,0.9309337433802803,8.204334039741419e-06,2.6284958986048423e-05,3.0365785722562464e-05,3.7634908254744125e-05,2.6120097898394053e-05,0.9778453390313423,0.8742700771707078,0.9641286323092334,0.90187168680696,0.9309337433802803
biunet,5%,15, 0.1%~0.5%,133690.0,0.9994915122958633,0.9584077328900683,0.9681767052042547,0.9981988360810333,0.9828606453452385,3.649587492668759e-06,0.00037788472449927317,0.00021333272879179153,4.288806277140079e-05,0.00013112840927909398,0.9961784672181763,0.9774805619286999,0.9935050113267071,0.9833863328626403,0.9883957723743398
biunet,5%,15, 0.5%~1%,89779.0,0.9994430768888046,0.9800022473517059,0.9839691871757198,0.9978166659104089,0.9908135267178998,3.874184716857511e-06,0.0001850479116211336,0.00011318721591320924,6.871091565432333e-06,5.776060812920228e-05,0.9961784672181763,0.9774805619286999,0.9935050113267071,0.9833863328626403,0.9883957723743398
biunet,5%,15, 1%~10%,180724.0,0.9968741977943161,0.9772029540933204,0.994409639349966,0.9774621085814448,0.9857946948937785,4.35059806336164e-06,4.24884414255251e-05,3.278741626516742e-05,2.14677317782774e-05,2.6762975352380877e-05,0.9961784672181763,0.9774805619286999,0.9935050113267071,0.9833863328626403,0.9883957723743398
biunet,5%,15, 10%~20%,38162.0,0.988441178887232,0.9661553424222301,0.9928067585382254,0.9770130814634891,0.9847430763170193,1.3434638623260584e-05,5.337952771529598e-05,2.1194133552739062e-05,1.2385399397325197e-05,1.632108759470518e-05,0.9961784672181763,0.9774805619286999,0.9935050113267071,0.9833863328626403,0.9883957723743398
biunet,5%,15, 20%~30%,23145.0,0.9861191403399684,0.9630307497695595,0.9896079652067171,0.9821946113638994,0.9858214841164208,2.865010494265032e-05,0.0001477765854413601,2.3946041378816834e-05,4.207597058772555e-05,3.356917884727679e-05,0.9961784672181763,0.9774805619286999,0.9935050113267071,0.9833863328626403,0.9883957723743398
biunet,5%,15, 30%~40%,19591.0,0.9868686631474232,0.9623509013930085,0.9884765089926483,0.9860015741837893,0.9872027031800478,2.717324671374586e-05,8.118366552893872e-05,2.5818921769706278e-05,2.6065868138042233e-05,2.5985546264810326e-05,0.9961784672181763,0.9774805619286999,0.9935050113267071,0.9833863328626403,0.9883957723743398
biunet,5%,15, 40%~50%,17695.0,0.987629853979073,0.9622763838461554,0.9882690175556369,0.9874446624609284,0.9878298246454161,7.603190097063325e-06,3.605903216391601e-05,6.184174358105853e-06,8.921061084444179e-06,7.079770660782504e-06,0.9961784672181763,0.9774805619286999,0.9935050113267071,0.9833863328626403,0.9883957723743398
biunet,5%,15, Overall,502786.0,0.9961784672181763,0.9774805619286999,0.9935050113267071,0.9833863328626403,0.9883957723743398,2.041425208409878e-06,1.1638459201945733e-05,5.019317333790898e-06,1.2394605319369572e-05,8.669547571726446e-06,0.9961784672181763,0.9774805619286999,0.9935050113267071,0.9833863328626403,0.9883957723743398
biunet,15%,15, 0.1%~0.5%,133690.0,0.9980428304854856,0.8606768926976714,0.9092722110686413,0.9649088850712517,0.9359543142704316,2.4404658140828873e-06,0.00026480293298743586,0.00017677996327116074,2.0479170566785215e-05,8.666689553538386e-05,0.9876142529264201,0.9285215948319289,0.9795593414817554,0.9451637102069684,0.9617558570314619
biunet,15%,15, 0.5%~1%,89779.0,0.9964740061396502,0.901751626138967,0.9493550961073921,0.928287041825821,0.9384484333117391,3.30947985424822e-06,8.475946804782484e-05,6.611391841208667e-05,6.481130386801121e-05,6.400599481025466e-05,0.9876142529264201,0.9285215948319289,0.9795593414817554,0.9451637102069684,0.9617558570314619
biunet,15%,15, 1%~10%,180724.0,0.989822298756145,0.9271430508922948,0.9822233242597841,0.9251890503043736,0.9520041021795898,2.9025910243102063e-07,1.4418318844803646e-05,2.570531876287184e-05,2.1480689062062032e-05,2.0640231829317143e-06,0.9876142529264201,0.9285215948319289,0.9795593414817554,0.9451637102069684,0.9617558570314619
biunet,15%,15, 10%~20%,38162.0,0.965013205991481,0.8994916196350876,0.9780296539802679,0.9303968121024427,0.9526499776747043,2.2888444172997114e-05,8.644419493749142e-05,3.344079924332603e-05,2.8972714235134255e-05,3.249139920757742e-05,0.9876142529264201,0.9285215948319289,0.9795593414817554,0.9451637102069684,0.9617558570314619
biunet,15%,15, 20%~30%,23145.0,0.9571606346828188,0.8892681695114354,0.9682176530113723,0.9449487836520647,0.9558182046558418,4.094880555215355e-05,0.00017408868386933302,7.157720622029579e-05,4.6766083567902604e-05,4.553563911745253e-05,0.9876142529264201,0.9285215948319289,0.9795593414817554,0.9451637102069684,0.9617558570314619
biunet,15%,15, 30%~40%,19591.0,0.95914454394652,0.8858853862312718,0.964582735177086,0.9564100340273206,0.9601479590046603,2.878520815292516e-05,9.624176869759312e-05,1.4083057815613271e-05,4.461702221105219e-05,3.1270237385141164e-05,0.9876142529264201,0.9285215948319289,0.9795593414817554,0.9451637102069684,0.9617558570314619
biunet,15%,15, 40%~50%,17695.0,0.9614168538798705,0.885106032022234,0.9639107877638539,0.9608286361043131,0.9621093484358397,1.9801915399097698e-05,0.00013499237761861407,8.561569631415828e-06,2.6386299474228508e-05,1.9958414940771004e-05,0.9876142529264201,0.9285215948319289,0.9795593414817554,0.9451637102069684,0.9617558570314619
biunet,15%,15, Overall,502786.0,0.9876142529264201,0.9285215948319289,0.9795593414817554,0.9451637102069684,0.9617558570314619,2.4742423709877884e-06,2.9517581468077313e-05,1.1450428674012163e-05,2.8722092155428908e-05,1.5222642664096228e-05,0.9876142529264201,0.9285215948319289,0.9795593414817554,0.9451637102069684,0.9617558570314619
biunet,25%,15, 0.1%~0.5%,133690.0,0.9953477205130269,0.708949617911044,0.837286687708977,0.8480349007876796,0.8415324528241697,3.2368258553668567e-06,0.0004006090690897738,0.00021348447157732561,0.0001765524550255943,0.00015539761063036245,0.9779854105396216,0.8744163891444213,0.9636217517538709,0.9014176077107542,0.9304365005658614
biunet,25%,15, 0.5%~1%,89779.0,0.9932778321689546,0.8198214499251811,0.9091762708890974,0.8499160168584488,0.8767537477576911,4.716641410526465e-06,0.0004909521313312535,0.00015032109821708027,7.505373432878223e-05,0.000103134309724719,0.9779854105396216,0.8744163891444213,0.9636217517538709,0.9014176077107542,0.9304365005658614
biunet,25%,15, 1%~10%,180724.0,0.9822791703692083,0.8738993772124695,0.9680939990949899,0.8686030654864609,0.9128170320212714,8.522193527918323e-06,7.022144095094656e-05,9.569674996281075e-05,3.554211528447913e-05,5.750179601112181e-05,0.9779854105396216,0.8744163891444213,0.9636217517538709,0.9014176077107542,0.9304365005658614
biunet,25%,15, 10%~20%,38162.0,0.9398291613718821,0.8306644333684327,0.9618212835314063,0.8801047841481817,0.9162018445494423,2.48888837456852e-06,0.0002099509687048223,1.7655511341162957e-05,3.829291754411973e-05,1.5664965896430504e-05,0.9779854105396216,0.8744163891444213,0.9636217517538709,0.9014176077107542,0.9304365005658614
biunet,25%,15, 20%~30%,23145.0,0.925449438309922,0.8127339460364066,0.9450090114356741,0.9040987472492152,0.9222415524941567,3.2837418708437894e-05,0.00011111032572035425,4.023355896770163e-05,4.6532895739388e-05,4.571933154388649e-05,0.9779854105396216,0.8744163891444213,0.9636217517538709,0.9014176077107542,0.9304365005658614
biunet,25%,15, 30%~40%,19591.0,0.9280299876453189,0.8048120254002259,0.9383970295354743,0.923132154488636,0.9296908210709223,8.381992071785849e-05,0.00036116092100446233,9.011169759311772e-05,7.889952660437193e-05,8.291685972085026e-05,0.9779854105396216,0.8744163891444213,0.9636217517538709,0.9014176077107542,0.9304365005658614
biunet,25%,15, 40%~50%,17695.0,0.9316813446832346,0.8022125189657149,0.937008095426323,0.9306281105618653,0.9330216044184027,5.737319125556572e-05,0.0002183510633512988,4.993533894591958e-05,7.083013408554719e-05,6.4236952356855e-05,0.9779854105396216,0.8744163891444213,0.9636217517538709,0.9014176077107542,0.9304365005658614
biunet,25%,15, Overall,502786.0,0.9779854105396216,0.8744163891444213,0.9636217517538709,0.9014176077107542,0.9304365005658614,4.315859396122864e-06,4.297052431815848e-05,1.985821898512617e-05,1.7645624806987217e-05,1.9017776154363437e-05,0.9779854105396216,0.8744163891444213,0.9636217517538709,0.9014176077107542,0.9304365005658614
biunet,5%,16, 0.1%~0.5%,150178.0,0.9994743120293196,0.9578682942886093,0.9676517747977534,0.9978612292519385,0.982420055863802,1.3337346339299234e-06,0.00010233774728754362,7.710177376821344e-05,3.079218504083032e-05,4.8203878957888466e-05,0.9961804701466715,0.9772690565808414,0.9935035406698675,0.9832589502777233,0.9883303700386253
biunet,5%,16, 0.5%~1%,97314.0,0.9994262233398983,0.9778077215721993,0.9828993972435495,0.9974277973181972,0.9900775343559798,3.0755630304425148e-06,4.8711861900699624e-05,0.00012275823625979248,2.0888788329520126e-05,6.946701009541866e-05,0.9961804701466715,0.9772690565808414,0.9935035406698675,0.9832589502777233,0.9883303700386253
biunet,5%,16, 1%~10%,194392.0,0.9968061999661901,0.9754437935000834,0.994513470310085,0.9770087307840131,0.9856138413462977,8.354451846367022e-07,5.159471339141182e-05,1.671459085240019e-05,1.0779146389629215e-05,6.080249517817659e-06,0.9961804701466715,0.9772690565808414,0.9935035406698675,0.9832589502777233,0.9883303700386253
biunet,5%,16, 10%~20%,41843.0,0.9887468779653026,0.9677106363773958,0.9930752300616522,0.9776793798426101,0.9852170429177208,1.2717390524920182e-05,0.00011249657508545978,1.6511983413646938e-05,2.8324917764649412e-05,2.1575637829854846e-05,0.9961804701466715,0.9772690565808414,0.9935035406698675,0.9832589502777233,0.9883303700386253
biunet,5%,16, 20%~30%,27126.0,0.9862150129419981,0.96371340512361,0.9896962008589743,0.9822601359718623,0.9858971417923722,1.88627812568779e-05,8.462291574319734e-05,7.508665340241752e-06,2.6514535553610828e-05,1.6513248174029127e-05,0.9961804701466715,0.9772690565808414,0.9935035406698675,0.9832589502777233,0.9883303700386253
biunet,5%,16, 30%~40%,20540.0,0.9868168450567257,0.9623250270080973,0.9884566726654591,0.985917661533103,0.9871492524659597,2.3627011774264807e-05,9.486728532475537e-05,2.6056310433758536e-05,2.7668123708943764e-05,2.6685197331686655e-05,0.9961804701466715,0.9772690565808414,0.9935035406698675,0.9832589502777233,0.9883303700386253
biunet,5%,16, 40%~50%,18535.0,0.9876311831519377,0.9623904191471939,0.9882341953939018,0.9874546164583012,0.9878192556534344,1.1440766672052846e-05,2.5636772438061335e-05,9.499731014646704e-06,1.1244548107885484e-05,1.0399552246982844e-05,0.9961804701466715,0.9772690565808414,0.9935035406698675,0.9832589502777233,0.9883303700386253
biunet,5%,16, Overall,549928.0,0.9961804701466715,0.9772690565808414,0.9935035406698675,0.9832589502777233,0.9883303700386253,6.747699165067233e-07,3.902034248199962e-05,7.651599451315858e-06,6.261611406926934e-06,4.194030746066418e-06,0.9961804701466715,0.9772690565808414,0.9935035406698675,0.9832589502777233,0.9883303700386253
biunet,15%,16, 0.1%~0.5%,150178.0,0.9980117130460194,0.8605372300410238,0.9086488822060806,0.9643810847016535,0.935369534783609,6.079023529167734e-06,0.0006372214282728416,0.00028991944287576387,7.744572316757991e-05,0.0001891554867644778,0.9876624337539731,0.928003098825339,0.9796018543585139,0.9449574170602867,0.9616680186773999
biunet,15%,16, 0.5%~1%,97314.0,0.9964855902806674,0.8927975770827575,0.9467188129774827,0.9277606084250348,0.9369048477512459,7.653217839525714e-06,0.0003726616417865426,0.00024202920276046125,8.209566605958026e-06,0.00011145047119220674,0.9876624337539731,0.928003098825339,0.9796018543585139,0.9449574170602867,0.9616680186773999
biunet,15%,16, 1%~10%,194392.0,0.9896327366635491,0.9217840658015136,0.9824211802194712,0.9241738516588636,0.9515527624967802,5.005542442963946e-06,6.188606619792253e-05,1.8801107213284947e-05,3.851327756018359e-05,2.957998618341696e-05,0.9876624337539731,0.928003098825339,0.9796018543585139,0.9449574170602867,0.9616680186773999
biunet,15%,16, 10%~20%,41843.0,0.9659212554673943,0.9038319545468917,0.9788059901923897,0.9324155693798089,0.954114026864653,6.263015402869622e-06,5.290799960275178e-05,1.5588055610425702e-05,7.727447887657606e-06,8.53196953531278e-06,0.9876624337539731,0.928003098825339,0.9796018543585139,0.9449574170602867,0.9616680186773999
biunet,15%,16, 20%~30%,27126.0,0.9576790730241925,0.8915231706157213,0.9686766807494523,0.9454356579605392,0.9562875967261633,4.6270337783807e-05,5.542141638477079e-05,6.00047944222782e-05,5.500196137067802e-05,5.761634414888174e-05,0.9876624337539731,0.928003098825339,0.9796018543585139,0.9449574170602867,0.9616680186773999
biunet,15%,16, 30%~40%,20540.0,0.9590907351941187,0.8864030335675634,0.9646694081413035,0.9562180336801008,0.9600746433499951,4.585136567715649e-05,0.00024580570153907193,5.6174451124446285e-05,4.03999578288363e-05,4.6272296172725966e-05,0.9876624337539731,0.928003098825339,0.9796018543585139,0.9449574170602867,0.9616680186773999
biunet,15%,16, 40%~50%,18535.0,0.961444230984234,0.8855063113209288,0.9637889233563599,0.9608923491818806,0.9620989890523234,6.78206178843318e-06,5.974789981431111e-05,1.0191621020179648e-05,5.491078166380943e-06,6.447137523173749e-06,0.9876624337539731,0.928003098825339,0.9796018543585139,0.9449574170602867,0.9616680186773999
biunet,15%,16, Overall,549928.0,0.9876624337539731,0.928003098825339,0.9796018543585139,0.9449574170602867,0.9616680186773999,5.048766133205489e-06,3.453701817458178e-05,1.7877071432291592e-05,1.9867552157415657e-05,1.8775809669621475e-05,0.9876624337539731,0.928003098825339,0.9796018543585139,0.9449574170602867,0.9616680186773999
biunet,25%,16, 0.1%~0.5%,150178.0,0.9952759312012693,0.7092672810610402,0.8355543218847309,0.8458589726874548,0.8397268253662413,5.037066202977619e-06,5.6738841445024346e-05,0.0003038936413540778,0.00010988271306266011,0.00018869444230532997,0.9780641752959333,0.8736072276474554,0.9636658140850196,0.9010617600733521,0.930260894838308
biunet,25%,16, 0.5%~1%,97314.0,0.9932713599839209,0.803445550900129,0.9043438554285673,0.8479876287895306,0.8735270230557098,3.667804437099141e-06,0.0005430254460314329,9.89660172093482e-05,6.202271320004798e-05,7.352780776289341e-05,0.9780641752959333,0.8736072276474554,0.9636658140850196,0.9010617600733521,0.930260894838308
biunet,25%,16, 1%~10%,194392.0,0.9819795481003433,0.8648083471643467,0.968484587742731,0.8671415992759539,0.912163625376607,1.9702458728315214e-06,5.2421755564289816e-05,3.959534891554112e-05,2.7478294761528764e-05,9.625728042968155e-06,0.9780641752959333,0.8736072276474554,0.9636658140850196,0.9010617600733521,0.930260894838308
biunet,25%,16, 10%~20%,41843.0,0.9414213497149265,0.8381149746135751,0.9632384047026575,0.8836437913947458,0.9188925702952208,3.0442327471342568e-05,0.0002196080144255789,3.83079197566737e-05,4.5475661939178926e-05,3.976556093084169e-05,0.9780641752959333,0.8736072276474554,0.9636658140850196,0.9010617600733521,0.930260894838308
biunet,25%,16, 20%~30%,27126.0,0.9264305419005537,0.8171138564959449,0.9459406173979819,0.9049993035555713,0.923137787000247,1.6928429669843993e-05,0.00019131347113622018,3.4233521728054126e-05,8.986415124851398e-06,9.495811512536866e-06,0.9780641752959333,0.8736072276474554,0.9636658140850196,0.9010617600733521,0.930260894838308
biunet,25%,16, 30%~40%,20540.0,0.9278313174207673,0.8055013019564102,0.938425001628476,0.9227407813419001,0.9294608045183307,0.000123391310133645,3.8169120715307115e-05,0.00011810031343968757,0.00014146439664178962,0.00013404749125187193,0.9780641752959333,0.8736072276474554,0.9636658140850196,0.9010617600733521,0.930260894838308
biunet,25%,16, 40%~50%,18535.0,0.9316561036343054,0.8033167443978598,0.9366621340729653,0.9306649398523964,0.9329237943547245,5.002459600342953e-05,0.000280235439323449,6.0067660536260304e-05,4.878917753087917e-05,5.169552978867905e-05,0.9780641752959333,0.8736072276474554,0.9636658140850196,0.9010617600733521,0.930260894838308
biunet,25%,16, Overall,549928.0,0.9780641752959333,0.8736072276474554,0.9636658140850196,0.9010617600733521,0.930260894838308,2.755694802263465e-06,4.035792721227733e-05,1.03413853199897e-05,1.813007437416712e-05,1.2914698427824883e-05,0.9780641752959333,0.8736072276474554,0.9636658140850196,0.9010617600733521,0.930260894838308
biunet,5%,17, 0.1%~0.5%,127951.0,0.9995153107318225,0.9614198890368648,0.9698940463835318,0.9979998871826492,0.9836523459809366,1.3157262198472736e-06,0.00010166584063894247,9.571607885097892e-05,5.093913449914553e-05,4.900038802781856e-05,0.9963063446356828,0.9773406626139666,0.9936350957636738,0.9834933561595337,0.9885150622109103
biunet,5%,17, 0.5%~1%,84968.0,0.9994799503434918,0.9774355312447908,0.9837266310154181,0.9975212721151282,0.9905511392244426,3.893298218903811e-06,0.0003053747961101783,0.0001178261305402099,8.707893522681746e-06,6.040189759504746e-05,0.9963063446356828,0.9773406626139666,0.9936350957636738,0.9834933561595337,0.9885150622109103
biunet,5%,17, 1%~10%,170503.0,0.9969200278781486,0.9740347810980579,0.9944625848689129,0.9770004160187522,0.9855849733266719,8.418208127772167e-07,3.7603103484849784e-05,2.2360396909925316e-05,1.3399156653566085e-05,7.642334416850305e-06,0.9963063446356828,0.9773406626139666,0.9936350957636738,0.9834933561595337,0.9885150622109103
biunet,5%,17, 10%~20%,34247.0,0.9884414954167117,0.9658900953869196,0.9928031876529811,0.9770082327925556,0.984740780216803,1.474881610208865e-05,7.002386087298672e-06,3.175504255698936e-05,2.2506877344901486e-05,2.629980513459121e-05,0.9963063446356828,0.9773406626139666,0.9936350957636738,0.9834933561595337,0.9885150622109103
biunet,5%,17, 20%~30%,22664.0,0.9865722851760239,0.9643471004921927,0.9900501167219699,0.9827236678144029,0.9863094857853231,1.2056321569412592e-05,4.146866085253452e-05,5.380498200680883e-06,1.8295694335377287e-05,1.0809897142617326e-05,0.9963063446356828,0.9773406626139666,0.9936350957636738,0.9834933561595337,0.9885150622109103
biunet,5%,17, 30%~40%,17686.0,0.98734651096361,0.9641651525792861,0.9887902205467244,0.9865676865274873,0.9876472534834839,1.7434381293964724e-05,0.00016313686808367198,6.914243281797612e-06,2.153084658515681e-05,1.4665797894496758e-05,0.9963063446356828,0.9773406626139666,0.9936350957636738,0.9834933561595337,0.9885150622109103
biunet,5%,17, 40%~50%,16569.0,0.9880707026827399,0.9633929947110639,0.9886226236788312,0.9879072299408226,0.9882388338841906,3.1512044201740195e-05,8.322258993075942e-05,2.7278893129499515e-05,3.465117407616645e-05,3.1263822084988315e-05,0.9963063446356828,0.9773406626139666,0.9936350957636738,0.9834933561595337,0.9885150622109103
biunet,5%,17, Overall,474588.0,0.9963063446356828,0.9773406626139666,0.9936350957636738,0.9834933561595337,0.9885150622109103,8.980789263578046e-07,1.075892771805522e-05,5.5889141463959e-06,1.1342516448373071e-05,4.108435771247171e-06,0.9963063446356828,0.9773406626139666,0.9936350957636738,0.9834933561595337,0.9885150622109103
biunet,15%,17, 0.1%~0.5%,127951.0,0.9981238262956316,0.8691982187761632,0.9135528564126085,0.9649081543709586,0.9382583814360625,6.12050991004939e-06,0.0002739334571958709,0.0003320330852109802,5.9154428469345944e-05,0.0002064065662761057,0.988022724490707,0.9280307924960983,0.9799741858714475,0.94551706980478,0.9621484814774605
biunet,15%,17, 0.5%~1%,84968.0,0.9966045667949369,0.8851900092002981,0.9488814462287554,0.9272271992945683,0.9375832690664079,1.1340845139749247e-05,0.0006396408531247674,0.00032912583669249235,9.25222956985801e-05,0.0001998784888514256,0.988022724490707,0.9280307924960983,0.9799741858714475,0.94551706980478,0.9621484814774605
biunet,15%,17, 1%~10%,170503.0,0.9899573294901752,0.9169438565892052,0.9823174146051464,0.9237281674043585,0.9512616581945191,6.947465584893926e-06,5.2196910089486865e-05,5.449302842815094e-05,1.550645925801618e-05,3.322736044502504e-05,0.988022724490707,0.9280307924960983,0.9799741858714475,0.94551706980478,0.9621484814774605
biunet,15%,17, 10%~20%,34247.0,0.9650824512285553,0.8989029784121593,0.9780990968038435,0.9305262220083063,0.9527742040336857,2.1847160544999555e-05,0.0002717945306284454,4.362835491967859e-05,3.655330479507043e-05,3.800757759132523e-05,0.988022724490707,0.9280307924960983,0.9799741858714475,0.94551706980478,0.9621484814774605
biunet,15%,17, 20%~30%,22664.0,0.9586464992302831,0.8932133868787631,0.9696196352493683,0.9467211606033147,0.9574352991609253,6.402652813893593e-05,0.0001817005757893696,6.832116396763717e-05,7.328438504586009e-05,6.944863036406869e-05,0.988022724490707,0.9280307924960983,0.9799741858714475,0.94551706980478,0.9621484814774605
biunet,15%,17, 30%~40%,17686.0,0.9608042823356948,0.8915888317340149,0.965700748180025,0.9583564232484686,0.9617234105372298,4.009765343681442e-05,7.939595531276792e-05,4.1117982514072094e-05,4.121116100111651e-05,4.0934293112090655e-05,0.988022724490707,0.9280307924960983,0.9799741858714475,0.94551706980478,0.9621484814774605
biunet,15%,17, 40%~50%,16569.0,0.9627538286908813,0.8885402512990065,0.9649615479524717,0.962233178032875,0.9633459566353113,4.6841432928296125e-05,0.0001744032853498201,4.816655598992551e-05,4.3741693619938626e-05,4.5263604924684214e-05,0.988022724490707,0.9280307924960983,0.9799741858714475,0.94551706980478,0.9621484814774605
biunet,15%,17, Overall,474588.0,0.988022724490707,0.9280307924960983,0.9799741858714475,0.94551706980478,0.9621484814774605,7.541222338621059e-06,1.8869923862080325e-05,2.8683990283937002e-05,2.0624307790708923e-05,2.4120480521170227e-05,0.988022724490707,0.9280307924960983,0.9799741858714475,0.94551706980478,0.9621484814774605
biunet,25%,17, 0.1%~0.5%,127951.0,0.9954916300490071,0.7232360902568725,0.8439705618359775,0.8473478373505484,0.8447226358802186,5.4193950200396796e-06,0.0004208757161003028,0.00026999536507590395,8.675679232826753e-06,0.0001362709993129281,0.9786852171200288,0.8734183815661346,0.9643842114342164,0.9019425540707795,0.9311014010049523
biunet,25%,17, 0.5%~1%,84968.0,0.9935070762194944,0.7896696384582359,0.9085329666211178,0.8483950066194805,0.8753208002990754,5.237292962304483e-06,0.0002597982206467003,0.00019621161530287428,0.00010434848656700698,0.0001324298764173932,0.9786852171200288,0.8734183815661346,0.9643842114342164,0.9019425540707795,0.9311014010049523
biunet,25%,17, 1%~10%,170503.0,0.9825139984862652,0.8561370517407737,0.9682460523075574,0.8661775757959754,0.9115046457694164,1.3221629450038186e-05,0.00010695293644777566,9.837662178289454e-05,4.793390922565807e-05,6.913913666934578e-05,0.9786852171200288,0.8734183815661346,0.9643842114342164,0.9019425540707795,0.9311014010049523
biunet,25%,17, 10%~20%,34247.0,0.9399863061469901,0.8298570965846902,0.9619341418509967,0.8803414228558025,0.9164590602672799,5.633915570998179e-06,5.0649820909165794e-05,1.595936736077953e-05,2.5499575702841706e-05,9.077516739833824e-06,0.9786852171200288,0.8734183815661346,0.9643842114342164,0.9019425540707795,0.9311014010049523
biunet,25%,17, 20%~30%,22664.0,0.9279459515926053,0.8194058772214401,0.9474716824796401,0.9070298463309497,0.9250092578561687,2.0987253611287902e-05,8.859095629521355e-05,1.6966651435544112e-05,3.8861027099619606e-05,2.1016459394931587e-05,0.9786852171200288,0.8734183815661346,0.9643842114342164,0.9019425540707795,0.9311014010049523
biunet,25%,17, 30%~40%,17686.0,0.9308653117536775,0.8138893658539891,0.9402342659617235,0.9264867302156624,0.9324169310118767,7.510948608708125e-05,0.000276669119682791,6.542897746864412e-05,7.405643977813006e-05,7.104527103050748e-05,0.9786852171200288,0.8734183815661346,0.9643842114342164,0.9019425540707795,0.9311014010049523
biunet,25%,17, 40%~50%,16569.0,0.9339281038597207,0.8079100160552347,0.9388237396253976,0.9329831664859126,0.9351165796384414,4.768747841208725e-05,0.0002719075633205932,5.770732503048569e-05,4.153015361366111e-05,4.7720771625041034e-05,0.9786852171200288,0.8734183815661346,0.9643842114342164,0.9019425540707795,0.9311014010049523
biunet,25%,17, Overall,474588.0,0.9786852171200288,0.8734183815661346,0.9643842114342164,0.9019425540707795,0.9311014010049523,4.750755027571815e-06,1.4510202423122165e-05,3.890391255153745e-05,7.838962772834508e-06,1.3116753980363317e-05,0.9786852171200288,0.8734183815661346,0.9643842114342164,0.9019425540707795,0.9311014010049523
biunet,5%,18, 0.1%~0.5%,127610.0,0.9994038196028397,0.9593854732831169,0.9655289789063262,0.9980356102379299,0.981371594943269,3.873646864926578e-06,0.0002327569883524501,0.000208533058473831,2.3863081888003057e-05,0.00010461717277063201,0.9959530228682588,0.9774278407256367,0.9934584240926899,0.9833536018497834,0.9883560102363558
biunet,5%,18, 0.5%~1%,84541.0,0.999376548369021,0.9807266405747094,0.9823679245435292,0.9976902010791623,0.9899261758590634,4.198899516437946e-06,0.00010161646834490191,0.00015762227105559627,7.764996824334977e-06,7.96565706417084e-05,0.9959530228682588,0.9774278407256367,0.9934584240926899,0.9833536018497834,0.9883560102363558
biunet,5%,18, 1%~10%,179581.0,0.9967480702809622,0.9771043976321684,0.9940350180118823,0.9773236378959878,0.9855424168266066,2.051494733265659e-06,5.271570991708895e-05,1.0603992033163644e-05,8.470409165120775e-06,4.93331946254128e-06,0.9959530228682588,0.9774278407256367,0.9934584240926899,0.9833536018497834,0.9883560102363558
biunet,5%,18, 10%~20%,39126.0,0.988584377261672,0.9673981574805494,0.9929588385774045,0.9773013944809054,0.9849634028949801,6.561178318100794e-06,4.2081909177501906e-05,1.5418012037374187e-05,3.7950687130384805e-06,9.060319575476721e-06,0.9959530228682588,0.9774278407256367,0.9934584240926899,0.9833536018497834,0.9883560102363558
biunet,5%,18, 20%~30%,26284.0,0.9860301408867439,0.9624081530526095,0.9897265895814243,0.9819177732084502,0.9857371642873471,2.4478294961398593e-05,0.00026813132318178717,4.0407172947201016e-05,2.2249962037960373e-05,3.0833311437949094e-05,0.9959530228682588,0.9774278407256367,0.9934584240926899,0.9833536018497834,0.9883560102363558
biunet,5%,18, 30%~40%,19639.0,0.9868055021787111,0.962248695159349,0.9884525274354408,0.9859316759190372,0.9871536830851935,3.1089925228659285e-05,7.51073163035499e-05,3.2774435561554206e-05,3.4634439477659025e-05,3.373935091778219e-05,0.9959530228682588,0.9774278407256367,0.9934584240926899,0.9833536018497834,0.9883560102363558
biunet,5%,18, 40%~50%,18270.0,0.9880825776984161,0.9633794264459673,0.9886813361790074,0.9879141146978547,0.9882714441051771,1.9148190345407012e-05,0.00016267481689097115,1.905685936841599e-05,2.144791936225426e-05,2.050533099500896e-05,0.9959530228682588,0.9774278407256367,0.9934584240926899,0.9833536018497834,0.9883560102363558
biunet,5%,18, Overall,495051.0,0.9959530228682588,0.9774278407256367,0.9934584240926899,0.9833536018497834,0.9883560102363558,3.485022674217486e-06,2.798690190095275e-05,2.0180646882379727e-05,6.535373464438033e-06,1.2365309622398744e-05,0.9959530228682588,0.9774278407256367,0.9934584240926899,0.9833536018497834,0.9883560102363558
biunet,15%,18, 0.1%~0.5%,127610.0,0.9978114460557849,0.8683100714819241,0.9034269897259898,0.9654366808688041,0.9329468809332536,3.1138002300437128e-06,0.0005606271893463061,0.00011865123868474966,5.050493570792646e-05,6.9378221620856e-05,0.9869936586707858,0.9287666623674554,0.9794767143194875,0.9455592773073271,0.9619284213656277
biunet,15%,18, 0.5%~1%,84541.0,0.9963343544741244,0.9092727130862505,0.9446444550103107,0.9288289768192347,0.9365178613858826,8.501814219332043e-06,0.0003176312296462715,0.00021434302975245373,4.777831900224066e-05,0.00010759292186901069,0.9869936586707858,0.9287666623674554,0.9794767143194875,0.9455592773073271,0.9619284213656277
biunet,15%,18, 1%~10%,179581.0,0.9894991233960191,0.9274694354099973,0.9811137385444972,0.9252839128657987,0.9515710344774697,7.2105526606825636e-06,0.00012112834808509251,7.785887269458878e-05,2.3407601916997258e-05,3.529760197125101e-05,0.9869936586707858,0.9287666623674554,0.9794767143194875,0.9455592773073271,0.9619284213656277
biunet,15%,18, 10%~20%,39126.0,0.9655420235050945,0.9032277862558674,0.978528067236729,0.9315072309131293,0.9534730507150863,9.856190700957348e-06,0.00013599126188809692,1.5553007570552765e-05,1.77198180900553e-05,1.0705725038315195e-05,0.9869936586707858,0.9287666623674554,0.9794767143194875,0.9455592773073271,0.9619284213656277
biunet,15%,18, 20%~30%,26284.0,0.9570335261573927,0.8873219419255252,0.9687072086281944,0.9442733779377356,0.9556833724306015,4.737457962231425e-05,7.376258654826527e-05,4.781048811953321e-05,5.582668524765309e-05,5.228437548138422e-05,0.9869936586707858,0.9287666623674554,0.9794767143194875,0.9455592773073271,0.9619284213656277
biunet,15%,18, 30%~40%,19639.0,0.9589969675068445,0.8857290600624442,0.9646127265865129,0.9562369367307868,0.9600545719863965,8.938077526196137e-05,0.00025401880554485706,7.903246831056234e-05,8.924897661842451e-05,8.25310320088493e-05,0.9869936586707858,0.9287666623674554,0.9794767143194875,0.9455592773073271,0.9619284213656277
biunet,15%,18, 40%~50%,18270.0,0.9627217563889912,0.8882113194876814,0.9650736103324826,0.9621927222213325,0.9633817683259035,3.783842437937641e-05,0.0003375146954256185,3.595252537283334e-05,3.634642298699552e-05,3.603313783751832e-05,0.9869936586707858,0.9287666623674554,0.9794767143194875,0.9455592773073271,0.9619284213656277
biunet,15%,18, Overall,495051.0,0.9869936586707858,0.9287666623674554,0.9794767143194875,0.9455592773073271,0.9619284213656277,6.922670383421718e-06,2.7121186092055567e-05,5.792139074518043e-06,3.381149002097232e-05,2.012383073974278e-05,0.9869936586707858,0.9287666623674554,0.9794767143194875,0.9455592773073271,0.9619284213656277
biunet,25%,18, 0.1%~0.5%,127610.0,0.9949702083612051,0.7325978990496695,0.8286691941743664,0.8468462140821829,0.8371527916177565,3.511392658061902e-06,8.694025759835716e-05,0.00018525013535340633,4.48272099585372e-05,0.00010374576961285088,0.9769499161765257,0.8752857919007989,0.963573083305583,0.9024128682388423,0.930973688173348
biunet,25%,18, 0.5%~1%,84541.0,0.9930404322010293,0.8344435871498949,0.900885695587629,0.8505183265432251,0.8736592328174496,1.092934603561996e-05,0.0003467518248057407,0.00027011055687417096,3.5399802311946315e-05,0.00014065074397046437,0.9769499161765257,0.8752857919007989,0.963573083305583,0.9024128682388423,0.930973688173348
biunet,25%,18, 1%~10%,179581.0,0.9817652919986418,0.8748016934560812,0.9661231343262049,0.8691561488837666,0.912382764450388,6.779792530922331e-07,5.783263191077411e-05,7.216240681718239e-05,3.458423581819445e-05,1.0210797545479593e-05,0.9769499161765257,0.8752857919007989,0.963573083305583,0.9024128682388423,0.930973688173348
biunet,25%,18, 10%~20%,39126.0,0.9408110950504259,0.8375251459655585,0.9628636063450186,0.8821046067748347,0.9177708933856272,2.504560378259114e-05,6.657925295712453e-05,3.173572387273521e-05,5.362912148649239e-05,2.883220212866093e-05,0.9769499161765257,0.8752857919007989,0.963573083305583,0.9024128682388423,0.930973688173348
biunet,25%,18, 20%~30%,26284.0,0.9252331315595527,0.809925952481448,0.9459401358771834,0.90287858915477,0.9219516154459542,1.023149524856778e-05,6.137230915624089e-05,1.7420406241015365e-05,2.0375907899568233e-05,5.123739808665136e-06,0.9769499161765257,0.8752857919007989,0.963573083305583,0.9024128682388423,0.930973688173348
biunet,25%,18, 30%~40%,19639.0,0.9276959253950796,0.8044453430399264,0.9384092354991159,0.9227802085455038,0.9294610808183034,2.4514511770908176e-05,6.841436788169006e-05,5.240366112229792e-05,2.3010524143496778e-05,3.252096679073151e-05,0.9769499161765257,0.8752857919007989,0.963573083305583,0.9024128682388423,0.930973688173348
biunet,25%,18, 40%~50%,18270.0,0.9340360026999597,0.8075397971801666,0.939095973667826,0.9330935910419421,0.935328408997961,7.14945740146221e-05,0.0002943134234442564,7.878534684144471e-05,6.60638636462217e-05,6.964628399316616e-05,0.9769499161765257,0.8752857919007989,0.963573083305583,0.9024128682388423,0.930973688173348
biunet,25%,18, Overall,495051.0,0.9769499161765257,0.8752857919007989,0.963573083305583,0.9024128682388423,0.930973688173348,3.7953076219683403e-06,2.291933137826526e-05,1.475767257318926e-05,1.8246748289326716e-05,1.408492727140198e-05,0.9769499161765257,0.8752857919007989,0.963573083305583,0.9024128682388423,0.930973688173348
biunet,5%,19, 0.1%~0.5%,101246.0,0.999376826841484,0.9347400851319235,0.9538126534896687,0.9972680651140204,0.9748841682198955,3.2026041769869195e-06,0.0005646989716855754,0.0002773298602024166,3.625512174304332e-05,0.00014171117618512856,0.996023689166763,0.9770611851169271,0.9932378382356615,0.9838527877426558,0.9885025585126689
biunet,5%,19, 0.5%~1%,67987.0,0.999336132683086,0.9666701703527778,0.976376148639264,0.9974297169091159,0.9867427545344097,8.20851780298857e-06,0.0002363667847259599,0.00026223440557583276,4.744655541922413e-05,0.00013704394173376592,0.996023689166763,0.9770611851169271,0.9932378382356615,0.9838527877426558,0.9885025585126689
biunet,5%,19, 1%~10%,142921.0,0.9967939337453294,0.972265483800563,0.9935274626962142,0.9770292833927826,0.9851448724655657,1.6893763816114196e-06,4.679946437409189e-05,2.1857768425673746e-05,1.0269682169069982e-05,1.3401932712339274e-05,0.996023689166763,0.9770611851169271,0.9932378382356615,0.9838527877426558,0.9885025585126689
biunet,5%,19, 10%~20%,33925.0,0.9888368530821268,0.9674293794092952,0.9929669668464324,0.9779851601714471,0.9853277685863725,1.7236259670098767e-05,0.00013593261173330267,2.5397015612407073e-05,2.9104546820612544e-05,2.7144201979322004e-05,0.996023689166763,0.9770611851169271,0.9932378382356615,0.9838527877426558,0.9885025585126689
biunet,5%,19, 20%~30%,21727.0,0.9871283841782955,0.9660133003546849,0.9904608250929496,0.9834326629802455,0.9868762757274189,2.8714827571677283e-05,0.00017666481487995026,2.198987054550499e-05,3.442787053156332e-05,2.782656909453877e-05,0.996023689166763,0.9770611851169271,0.9932378382356615,0.9838527877426558,0.9885025585126689
biunet,5%,19, 30%~40%,16401.0,0.9878833627026204,0.9656391617808783,0.9892944601741376,0.9871224517519591,0.9881795866991765,1.7356999257280312e-05,5.598777003553515e-05,1.961410871517315e-05,1.672335915965482e-05,1.7350642491615874e-05,0.996023689166763,0.9770611851169271,0.9932378382356615,0.9838527877426558,0.9885025585126689
biunet,5%,19, 40%~50%,14477.0,0.9888269080810232,0.9664177878484489,0.9893317910487024,0.9886769323895361,0.9889874844318024,1.728860777550617e-05,3.176507985937668e-05,1.631125018849229e-05,1.690735797724353e-05,1.6555635678830656e-05,0.996023689166763,0.9770611851169271,0.9932378382356615,0.9838527877426558,0.9885025585126689
biunet,5%,19, Overall,398684.0,0.996023689166763,0.9770611851169271,0.9932378382356615,0.9838527877426558,0.9885025585126689,3.785804506071506e-06,5.704440006555519e-06,1.466725246949083e-05,9.999364127908075e-06,1.0882948138124396e-05,0.996023689166763,0.9770611851169271,0.9932378382356615,0.9838527877426558,0.9885025585126689
biunet,15%,19, 0.1%~0.5%,101246.0,0.9977508257254032,0.7971010891358749,0.8741263119043531,0.9627907032285243,0.9154424132121459,9.397003427253554e-06,0.0005242573220920542,0.0005878440810384462,0.000178212594414232,0.0003152068503999844,0.9872476041868495,0.9277145587022168,0.978897618397015,0.9472705179267367,0.9625756586561792
biunet,15%,19, 0.5%~1%,67987.0,0.9962075617117812,0.8437177461252903,0.9276059835552077,0.9266739823541879,0.9268918652866714,6.640208610626996e-06,0.00029123295112158204,0.00021974003717894136,2.7335353992418757e-05,0.00010336453117307991,0.9872476041868495,0.9277145587022168,0.978897618397015,0.9472705179267367,0.9625756586561792
biunet,15%,19, 1%~10%,142921.0,0.989729327365826,0.9125033471308365,0.979754122048114,0.9249623893820808,0.9507868755518767,7.4055131191974225e-06,3.231472963610398e-05,5.495194807920574e-05,4.1278251007659794e-05,4.620630535886087e-05,0.9872476041868495,0.9277145587022168,0.978897618397015,0.9472705179267367,0.9625756586561792
biunet,15%,19, 10%~20%,33925.0,0.9662224787586874,0.9032981574450313,0.9785132277427326,0.9333593789521094,0.9545510657202563,2.29179937773842e-05,0.0001800266953900777,4.078400918514631e-05,2.4994867378681126e-05,3.1708899389866614e-05,0.9872476041868495,0.9277145587022168,0.978897618397015,0.9472705179267367,0.9625756586561792
biunet,15%,19, 20%~30%,21727.0,0.960370895831864,0.8977710924022625,0.9708919283183751,0.9489474580524488,0.959253561471923,7.478844612540483e-06,0.0001406225266257,1.0750025666728883e-05,1.9056572982099276e-05,1.2351722984297914e-05,0.9872476041868495,0.9277145587022168,0.978897618397015,0.9472705179267367,0.9625756586561792
biunet,15%,19, 30%~40%,16401.0,0.9622907781211213,0.8957079727152196,0.9670292100070336,0.9599018992974666,0.9631891832393088,6.018016732474377e-05,0.0003147264676715036,7.411699835102039e-05,5.9880004119430216e-05,6.606219316687322e-05,0.9872476041868495,0.9277145587022168,0.978897618397015,0.9472705179267367,0.9625756586561792
biunet,15%,19, 40%~50%,14477.0,0.9650941447878559,0.8973882402840004,0.9669907947421178,0.9646199228446362,0.9656401978733062,2.5889095638604785e-05,8.161474159444327e-05,2.0381990758823222e-05,2.4934826102713494e-05,2.3076970711058203e-05,0.9872476041868495,0.9277145587022168,0.978897618397015,0.9472705179267367,0.9625756586561792
biunet,15%,19, Overall,398684.0,0.9872476041868495,0.9277145587022168,0.978897618397015,0.9472705179267367,0.9625756586561792,1.5274322331764722e-06,1.7859558912801003e-05,8.58807705383615e-06,6.56778500052029e-06,7.090500336450852e-06,0.9872476041868495,0.9277145587022168,0.978897618397015,0.9472705179267367,0.9625756586561792
biunet,25%,19, 0.1%~0.5%,101246.0,0.9948821711888125,0.5967448141110677,0.7849202024050855,0.8416394444659518,0.810095141895756,3.229064576705172e-06,0.0003085578394043648,0.00024374121361613876,0.0001697129815259553,0.0001951068025088727,0.9774164987600079,0.8735275907223891,0.9627381123746211,0.9054177518870313,0.9323230645818795
biunet,25%,19, 0.5%~1%,67987.0,0.9928954396578797,0.721583747925877,0.8744018988205559,0.8476986780600191,0.8593305429579675,1.3975420701651182e-05,0.0005988259030664585,0.0004180940711895012,3.0731352549111955e-05,0.00019670102700785616,0.9774164987600079,0.8735275907223891,0.9627381123746211,0.9054177518870313,0.9323230645818795
biunet,25%,19, 1%~10%,142921.0,0.982164848105039,0.8492326816163178,0.9639842464435086,0.8683417914613272,0.911041423271798,8.367578037426102e-06,0.0001788618411725646,5.483621973643608e-05,4.262078306796287e-05,4.252017696770026e-05,0.9774164987600079,0.8735275907223891,0.9627381123746211,0.9054177518870313,0.9323230645818795
biunet,25%,19, 10%~20%,33925.0,0.9420087739207021,0.8375759431844103,0.9628888716067739,0.8852510014840114,0.9198315545927827,2.1299244369315772e-05,0.00010670963321376564,3.663974282136738e-05,2.9977676742083655e-05,3.101620592670237e-05,0.9774164987600079,0.8735275907223891,0.9627381123746211,0.9054177518870313,0.9323230645818795
biunet,25%,19, 20%~30%,21727.0,0.9308465581335578,0.8263749520221847,0.949637516222455,0.9107512963533191,0.9281523893126332,1.089710301654007e-05,0.00010534239480119218,4.361828993142148e-06,2.9847184325823594e-05,2.0181789070829875e-05,0.9774164987600079,0.8735275907223891,0.9627381123746211,0.9054177518870313,0.9323230645818795
biunet,25%,19, 30%~40%,16401.0,0.9335482109540911,0.8211271279546387,0.94254081557261,0.9292606722564125,0.9350462134934124,8.579058183433343e-05,3.755046052973911e-05,8.472815064122185e-05,8.686547197319909e-05,8.488750280785224e-05,0.9774164987600079,0.8735275907223891,0.9627381123746211,0.9054177518870313,0.9323230645818795
biunet,25%,19, 40%~50%,14477.0,0.9382634208555802,0.822843479328475,0.9422154425038194,0.9374219839739975,0.9393100080983142,9.507129078622108e-05,0.00013703780437117346,9.565729644284295e-05,9.78554347631375e-05,9.711959597677443e-05,0.9774164987600079,0.8735275907223891,0.9627381123746211,0.9054177518870313,0.9323230645818795
biunet,25%,19, Overall,398684.0,0.9774164987600079,0.8735275907223891,0.9627381123746211,0.9054177518870313,0.9323230645818795,7.852886684621844e-06,8.413510617955037e-05,3.64293009146895e-05,1.5562145661160204e-05,2.404406214072523e-05,0.9774164987600079,0.8735275907223891,0.9627381123746211,0.9054177518870313,0.9323230645818795
biunet,5%,20, 0.1%~0.5%,106863.0,0.9994557427430952,0.9548584264852441,0.965546624786905,0.9980579262462447,0.981418173538169,3.9056956573842865e-06,0.0001807882596039964,0.00022113372442583517,1.9550940583905434e-05,0.0001251592580007424,0.9962245093895136,0.9769425112222753,0.9934748779634918,0.983447364104105,0.988413016673147
biunet,5%,20, 0.5%~1%,70523.0,0.9994479594042317,0.9773783944228956,0.982407459648433,0.9978228557074584,0.9900218800531867,5.015009133317007e-06,0.00010476980835321569,0.00019180294548241716,2.203333393363088e-05,0.00010261672659859319,0.9962245093895136,0.9769425112222753,0.9934748779634918,0.983447364104105,0.988413016673147
biunet,5%,20, 1%~10%,145642.0,0.996931561389423,0.9728321536876022,0.9939920576505502,0.9771512089477602,0.985435003552661,8.607407998780211e-07,5.42253600142654e-05,1.089979015927706e-05,5.786181128334705e-06,6.0459960213543885e-06,0.9962245093895136,0.9769425112222753,0.9934748779634918,0.983447364104105,0.988413016673147
biunet,5%,20, 10%~20%,30787.0,0.9885335451983072,0.9666881114755658,0.9929124322359288,0.9772478296592125,0.9849160178699586,2.2104360063407444e-06,0.00011544248670516895,2.124092732384178e-05,1.509241433920108e-05,7.5839924695918865e-06,0.9962245093895136,0.9769425112222753,0.9934748779634918,0.983447364104105,0.988413016673147
biunet,5%,20, 20%~30%,19554.0,0.9865947900539443,0.9641419142307072,0.9900411324483466,0.98269785358564,0.9862941133847151,2.035422033642928e-05,0.00017852732737047675,1.6017735865070815e-05,2.9326428300000778e-05,2.2329509247487254e-05,0.9962245093895136,0.9769425112222753,0.9934748779634918,0.983447364104105,0.988413016673147
biunet,5%,20, 30%~40%,15016.0,0.9871503349532361,0.9631150078319094,0.9887248764591888,0.986353685292498,0.9874995627682948,2.112641510267394e-05,0.00016211546131255123,2.7488948306587233e-05,1.7671497345172204e-05,2.1665188383501727e-05,0.9962245093895136,0.9769425112222753,0.9934748779634918,0.983447364104105,0.988413016673147
biunet,5%,20, 40%~50%,14020.0,0.9880744328670431,0.9635145049974126,0.9885598714373183,0.9879351506248315,0.9882232003092914,4.726452706723247e-05,0.00018914206067613819,4.440857713600924e-05,4.6319701684831e-05,4.536279019495922e-05,0.9962245093895136,0.9769425112222753,0.9934748779634918,0.983447364104105,0.988413016673147
biunet,5%,20, Overall,402405.0,0.9962245093895136,0.9769425112222753,0.9934748779634918,0.983447364104105,0.988413016673147,1.649889457166411e-06,8.925641820389262e-06,5.880445319383059e-06,3.9382517799132546e-06,4.655733726921719e-06,0.9962245093895136,0.9769425112222753,0.9934748779634918,0.983447364104105,0.988413016673147
biunet,15%,20, 0.1%~0.5%,106863.0,0.9979510503403627,0.8526154552932041,0.9028779985722447,0.9646193530808621,0.9323398996500621,6.2893030345052635e-06,0.00022852981007534016,0.0002668713800274314,3.505581539989902e-05,0.00013122537975616058,0.9877715117450752,0.9268853850345781,0.9794933785386037,0.9454063921604211,0.9618660785938665
biunet,15%,20, 0.5%~1%,70523.0,0.9965358046320119,0.8871643376272109,0.9446624113007154,0.9289034714952825,0.9364753356815422,8.991015819012701e-06,0.0005528697154965867,0.00026260275386324566,0.0001190520129789907,0.0001928508404257579,0.9877715117450752,0.9268853850345781,0.9794933785386037,0.9454063921604211,0.9618660785938665
biunet,15%,20, 1%~10%,145642.0,0.989961373591571,0.9128945347625245,0.9809110583721979,0.923814263539762,0.9506867458144037,3.929694777328432e-06,0.00018443474924342149,3.104571352441463e-05,3.0806790490845744e-05,2.57937623880619e-05,0.9877715117450752,0.9268853850345781,0.9794933785386037,0.9454063921604211,0.9618660785938665
biunet,15%,20, 10%~20%,30787.0,0.9653309466001382,0.9009704529459132,0.9783409677770624,0.9312151426581652,0.9532495844029106,3.551244839026278e-05,0.00021866965187185825,5.1018971033035655e-05,6.90224672500218e-05,5.883707816097137e-05,0.9877715117450752,0.9268853850345781,0.9794933785386037,0.9454063921604211,0.9618660785938665
biunet,15%,20, 20%~30%,19554.0,0.9587530705324426,0.892622996966697,0.9696472847183842,0.9466586973525524,0.9574343617521217,7.347683493962049e-05,0.0003204088381381543,6.88976588439406e-05,9.590133235723e-05,8.298145114280485e-05,0.9877715117450752,0.9268853850345781,0.9794933785386037,0.9454063921604211,0.9618660785938665
biunet,15%,20, 30%~40%,15016.0,0.9600585737697281,0.8885412371495957,0.9654641970179356,0.957549556125095,0.961128136201672,1.958616881086812e-05,5.115930071638189e-05,4.016328177077369e-05,1.8857929836692888e-05,2.743295514230009e-05,0.9877715117450752,0.9268853850345781,0.9794933785386037,0.9454063921604211,0.9618660785938665
biunet,15%,20, 40%~50%,14020.0,0.9627790464102522,0.8893550311810667,0.9647615972595539,0.9623343830954271,0.9633127450810921,1.1333389372470552e-05,0.00034147630152762606,1.2970062962074256e-05,4.90459132943261e-06,7.758923022391329e-06,0.9877715117450752,0.9268853850345781,0.9794933785386037,0.9454063921604211,0.9618660785938665
biunet,15%,20, Overall,402405.0,0.9877715117450752,0.9268853850345781,0.9794933785386037,0.9454063921604211,0.9618660785938665,5.139592159971039e-06,6.475512598368785e-05,1.665710094031057e-05,2.2265112635101364e-05,1.959723510927986e-05,0.9877715117450752,0.9268853850345781,0.9794933785386037,0.9454063921604211,0.9618660785938665
biunet,25%,20, 0.1%~0.5%,106863.0,0.9952299182397248,0.6981119735742206,0.8282648691870521,0.8476542268313313,0.8368531363836705,4.786523358064116e-06,0.0005564806262258083,0.00025388701833530604,5.244797162065248e-05,0.00015582533165464456,0.9782822667179993,0.8717096978943188,0.9635937408020171,0.9019050309286128,0.930739302687302
biunet,25%,20, 0.5%~1%,70523.0,0.993362806769419,0.7923171879313126,0.9009795512699402,0.8501024467863988,0.8730668105426486,9.774377334011818e-06,0.0005821417927308328,0.0003772094630019303,9.90816195170832e-05,0.0001776756875895494,0.9782822667179993,0.8717096978943188,0.9635937408020171,0.9019050309286128,0.930739302687302
biunet,25%,20, 1%~10%,145642.0,0.9825381677512662,0.8496411363487275,0.9658308027109563,0.8663066137411864,0.9106139809015241,4.037766783511562e-06,7.642319221180745e-05,7.494048526618155e-05,1.66119711208783e-05,2.3109300114983678e-05,0.9782822667179993,0.8717096978943188,0.9635937408020171,0.9019050309286128,0.930739302687302
biunet,25%,20, 10%~20%,30787.0,0.9403617224740927,0.8330649591717642,0.9622769611408869,0.8815034693638585,0.9172503002949565,2.2574680737094787e-05,0.0001304932467327325,6.202607120945717e-05,1.6781032240911734e-05,3.063743481943558e-05,0.9782822667179993,0.8717096978943188,0.9635937408020171,0.9019050309286128,0.930739302687302
biunet,25%,20, 20%~30%,19554.0,0.9282105658335507,0.8184795851442065,0.9475940120228444,0.9069896476721259,0.9250996308732159,5.5653001416321816e-05,0.00023252672086313602,6.771651445008815e-05,5.322730163604859e-05,5.89964862798747e-05,0.9782822667179993,0.8717096978943188,0.9635937408020171,0.9019050309286128,0.930739302687302
biunet,25%,20, 30%~40%,15016.0,0.9297237150672574,0.8096568417665776,0.9401607578896476,0.9252519962551075,0.9315503974494453,9.635677826764446e-05,0.00031885942941289067,8.118482770806439e-05,9.56322787137858e-05,8.874305095372758e-05,0.9782822667179993,0.8717096978943188,0.9635937408020171,0.9019050309286128,0.930739302687302
biunet,25%,20, 40%~50%,14020.0,0.9341508328677665,0.8096346705776764,0.938507773844389,0.9333634991529344,0.9352205413180666,3.339116059713895e-05,0.00016491016825957207,1.9595475455226427e-05,3.618140667281438e-05,3.0483152821689405e-05,0.9782822667179993,0.8717096978943188,0.9635937408020171,0.9019050309286128,0.930739302687302
biunet,25%,20, Overall,402405.0,0.9782822667179993,0.8717096978943188,0.9635937408020171,0.9019050309286128,0.930739302687302,9.268165368588232e-06,6.027922406591137e-05,2.022837534398194e-05,2.8089108571710597e-05,2.401896039814126e-05,0.9782822667179993,0.8717096978943188,0.9635937408020171,0.9019050309286128,0.930739302687302
biunet,5%,21, 0.1%~0.5%,63312.0,0.9993781375387444,0.9438499235020124,0.9586402236369026,0.9982827787361884,0.9779115971975484,4.084413818113395e-06,7.549472786933511e-05,0.00024071723847518737,7.495060809327722e-05,0.00015665637120645614,0.9960234273814471,0.9775447247401737,0.9933439520312103,0.9840691902524967,0.9886642239728953
biunet,5%,21, 0.5%~1%,41385.0,0.9993229669830411,0.9708605110776309,0.9786860726839611,0.9972461289097354,0.9878370905422685,4.4906516467332825e-06,0.00018214607441714535,0.00010142961168525043,7.20708199859208e-05,6.767453583298844e-05,0.9960234273814471,0.9775447247401737,0.9933439520312103,0.9840691902524967,0.9886642239728953
biunet,5%,21, 1%~10%,86698.0,0.9967370965998517,0.9699252323069599,0.9934923487726744,0.9764762072783536,0.9848445255941037,1.618144911401084e-06,7.266859121012803e-05,1.2584852518048546e-05,4.220936569204029e-06,6.638909495327312e-06,0.9960234273814471,0.9775447247401737,0.9933439520312103,0.9840691902524967,0.9886642239728953
biunet,5%,21, 10%~20%,19443.0,0.988959179824787,0.9705096679893216,0.9930783510922665,0.9787272605115911,0.9857577003092679,1.2185051967153463e-05,8.83400161049467e-05,5.035054628642677e-05,5.137154419613164e-06,2.5293330745084508e-05,0.9960234273814471,0.9775447247401737,0.9933439520312103,0.9840691902524967,0.9886642239728953
biunet,5%,21, 20%~30%,12765.0,0.9870510947383159,0.9663804395552655,0.9903465155652565,0.9835810899083328,0.9868904895873488,5.3409765981803224e-05,0.00011638871848356389,5.272305219683539e-05,5.791491158050437e-05,5.562926584140467e-05,0.9960234273814471,0.9775447247401737,0.9933439520312103,0.9840691902524967,0.9886642239728953
biunet,5%,21, 30%~40%,10621.0,0.987620001935568,0.964780310032316,0.9890995732737428,0.9868353929018449,0.9879359606000753,3.459131061304078e-05,0.00013597178774386062,3.933519957750835e-05,3.29547116634138e-05,3.5733468882336845e-05,0.9960234273814471,0.9775447247401737,0.9933439520312103,0.9840691902524967,0.9886642239728953
biunet,5%,21, 40%~50%,9508.0,0.9886944647506496,0.9656881679857537,0.9891755776845875,0.9885531247614668,0.9888447636479367,4.4424088320755576e-05,0.00016525128536969155,3.971114595913823e-05,5.279541801104739e-05,4.689427445126336e-05,0.9960234273814471,0.9775447247401737,0.9933439520312103,0.9840691902524967,0.9886642239728953
biunet,5%,21, Overall,243732.0,0.9960234273814471,0.9775447247401737,0.9933439520312103,0.9840691902524967,0.9886642239728953,3.437771450265071e-06,3.093757180837483e-05,2.3589240828104963e-05,6.98319417522539e-06,1.2553807980375717e-05,0.9960234273814471,0.9775447247401737,0.9933439520312103,0.9840691902524967,0.9886642239728953
biunet,15%,21, 0.1%~0.5%,63312.0,0.9977179825711954,0.8220958275017444,0.8861731565801628,0.9643966180503275,0.9229828243926413,9.062924074415566e-06,0.0007484297038674324,0.0004482605244672136,7.840217022163911e-05,0.00026881418949999765,0.9872027831603858,0.9291324781421223,0.9791707456759764,0.9477573465194657,0.9629549060174711
biunet,15%,21, 0.5%~1%,41385.0,0.9961542613619397,0.8667768314569143,0.9345375932941917,0.9280864452718468,0.9310836478822085,9.233864079327534e-06,0.0005842807913562577,0.00031281188396868826,8.989538072317252e-05,0.00020036804312545585,0.9872027831603858,0.9291324781421223,0.9791707456759764,0.9477573465194657,0.9629549060174711
biunet,15%,21, 1%~10%,86698.0,0.9894667213178646,0.9045384030827232,0.9795573268696026,0.9226322395057677,0.9494306916488634,1.0222387987234013e-05,5.44830476788453e-05,6.484788204447297e-05,3.9144212103392064e-05,4.650131212378649e-05,0.9872027831603858,0.9291324781421223,0.9791707456759764,0.9477573465194657,0.9629549060174711
biunet,15%,21, 10%~20%,19443.0,0.9665843292085077,0.9122710613362154,0.9788709979383176,0.9356441317581874,0.9559059295161368,1.0255896786406422e-05,5.9603321098975566e-05,3.1891648302152186e-05,6.855211380847547e-06,1.8917913708352203e-05,0.9872027831603858,0.9291324781421223,0.9791707456759764,0.9477573465194657,0.9629549060174711
biunet,15%,21, 20%~30%,12765.0,0.9601475835233481,0.8993772417973306,0.9705703399661053,0.9494241353291951,0.9593062834559337,5.8397520515209355e-05,0.0001806955195300931,8.243916172074412e-05,5.959363715016265e-05,6.89027355113052e-05,0.9872027831603858,0.9291324781421223,0.9791707456759764,0.9477573465194657,0.9629549060174711
biunet,15%,21, 30%~40%,10621.0,0.9613832700335765,0.892802703537653,0.9663623591711437,0.9589197701561801,0.9623391074370855,8.014086836020563e-05,0.0002332255042362672,7.99638578227343e-05,7.012030917785754e-05,7.362591814757479e-05,0.9872027831603858,0.9291324781421223,0.9791707456759764,0.9477573465194657,0.9629549060174711
biunet,15%,21, 40%~50%,9508.0,0.9649056787880048,0.8959230841551471,0.9667548216214742,0.9644671892582299,0.9654250042638984,8.222464801989754e-05,0.00018815368958962424,7.363784868913188e-05,9.165569161858276e-05,8.497485004714359e-05,0.9872027831603858,0.9291324781421223,0.9791707456759764,0.9477573465194657,0.9629549060174711
biunet,15%,21, Overall,243732.0,0.9872027831603858,0.9291324781421223,0.9791707456759764,0.9477573465194657,0.9629549060174711,2.2591302424844257e-06,3.0984949162905465e-05,2.5512150629759878e-05,2.194398968771216e-05,1.4226963357151393e-05,0.9872027831603858,0.9291324781421223,0.9791707456759764,0.9477573465194657,0.9629549060174711
biunet,25%,21, 0.1%~0.5%,63312.0,0.9948345017877545,0.6484560147222588,0.8034013784415861,0.8486186408386445,0.8236849737966255,1.1148646791705019e-05,0.001219527896678737,0.0006369668430861556,0.00011311824291900477,0.0003229063832264216,0.9772789825022755,0.8756838992142594,0.9630584003477951,0.9061242451680985,0.9328349984883072
biunet,25%,21, 0.5%~1%,41385.0,0.9927787126143836,0.7611552369399511,0.8851207262963817,0.8508566478322903,0.8662151318218081,1.2225126050491395e-05,0.0004839034427366088,0.0003352754942454833,0.0002319424153014917,0.0002866154125081242,0.9772789825022755,0.8756838992142594,0.9630584003477951,0.9061242451680985,0.9328349984883072
biunet,25%,21, 1%~10%,86698.0,0.9816835305609457,0.8353648321283856,0.9634024331161632,0.8642991719076044,0.9084450534023674,6.754821460810242e-06,0.0002823480029551888,1.9706069370779246e-05,5.439551038581889e-05,3.4715065352916935e-05,0.9772789825022755,0.8756838992142594,0.9630584003477951,0.9061242451680985,0.9328349984883072
biunet,25%,21, 10%~20%,19443.0,0.9425137741356604,0.8521517227957621,0.9633564149544681,0.8890591770085128,0.9220874485330018,5.425183664115304e-05,0.000217097055431699,0.00011916639189342535,5.751813050400707e-05,8.117088194595435e-05,0.9772789825022755,0.8756838992142594,0.9630584003477951,0.9061242451680985,0.9328349984883072
biunet,25%,21, 20%~30%,12765.0,0.9304485838127762,0.8289548054547473,0.9491182468126179,0.9116222210730495,0.9282659835416224,9.655892432822891e-05,0.000251178010056573,7.827577647929233e-05,0.00010338266463406151,9.574027505536843e-05,0.9772789825022755,0.8756838992142594,0.9630584003477951,0.9061242451680985,0.9328349984883072
biunet,25%,21, 30%~40%,10621.0,0.9317333990137673,0.8155216529676453,0.9412625884829087,0.927324881878914,0.9333572924095642,8.985451942962206e-05,0.00021313361165307843,7.977936634988176e-05,0.00010859222124582557,9.936609821080328e-05,0.9772789825022755,0.8756838992142594,0.9630584003477951,0.9061242451680985,0.9328349984883072
biunet,25%,21, 40%~50%,9508.0,0.937593744018112,0.8200621609357907,0.9415881201950812,0.936795964194786,0.9386124278232447,7.112586437496946e-06,0.0003567995141356631,1.3661075977572864e-05,1.5794724257973576e-05,1.5075731168928111e-05,0.9772789825022755,0.8756838992142594,0.9630584003477951,0.9061242451680985,0.9328349984883072
biunet,25%,21, Overall,243732.0,0.9772789825022755,0.8756838992142594,0.9630584003477951,0.9061242451680985,0.9328349984883072,6.1087964231398495e-06,0.00010528962053711379,4.2420215307659394e-05,6.5913080384500214e-06,2.143604646124625e-05,0.9772789825022755,0.8756838992142594,0.9630584003477951,0.9061242451680985,0.9328349984883072
biunet,5%,22, 0.1%~0.5%,62625.0,0.9994788015856754,0.9462046755016483,0.9624441633369941,0.997761235751299,0.9796717511955189,3.903432986412179e-06,0.00032215605433325316,0.00033042280327481166,3.534515346983724e-05,0.00015691811983357688,0.9961897128765814,0.9766025876098,0.9934513431451238,0.9831407955873276,0.9882445070284028
biunet,5%,22, 0.5%~1%,41501.0,0.9994796955279743,0.9710004165120991,0.9803641605922041,0.9974803019289,0.9888211091795108,7.012896655010525e-06,0.0002599717348766443,0.0002843901393874209,5.5562337919201824e-05,0.00015538535128687244,0.9961897128765814,0.9766025876098,0.9934513431451238,0.9831407955873276,0.9882445070284028
biunet,5%,22, 1%~10%,90533.0,0.9968288072648818,0.970362964592058,0.9943562596173406,0.9763793267221444,0.9852122787601453,3.4329613133686187e-06,5.928884571169027e-05,2.0249742191065004e-05,2.276033613750758e-05,1.5054432614034265e-05,0.9961897128765814,0.9766025876098,0.9934513431451238,0.9831407955873276,0.9882445070284028
biunet,5%,22, 10%~20%,17410.0,0.988725067320691,0.9692834709317876,0.9929077752639053,0.9781231139710064,0.9853630660315824,1.6799496477199185e-05,5.085733037824295e-05,2.6681710313249948e-05,3.1546563561091374e-05,1.0298458443890287e-05,0.9961897128765814,0.9766025876098,0.9934513431451238,0.9831407955873276,0.9882445070284028
biunet,5%,22, 20%~30%,11479.0,0.9863316834366961,0.9635885333026205,0.9897272867329335,0.9823917273708814,0.9859835014998578,2.5762852885869962e-05,0.00016755844021222165,3.102602916301627e-05,1.9825825773575442e-05,2.3182152982640877e-05,0.9961897128765814,0.9766025876098,0.9934513431451238,0.9831407955873276,0.9882445070284028
biunet,5%,22, 30%~40%,9555.0,0.9869556480094231,0.9629498276767537,0.9885310574463176,0.9861120353165745,0.987283413177066,5.0217290985490115e-05,0.00014400294618297968,4.79089788934893e-05,6.386681893521433e-05,5.618061412954553e-05,0.9961897128765814,0.9766025876098,0.9934513431451238,0.9831407955873276,0.9882445070284028
biunet,5%,22, 40%~50%,8010.0,0.9875724102792928,0.9622985147782077,0.988173363380186,0.9873838245282652,0.9877501722731231,2.6791015683313543e-05,0.00015639233831568644,2.6147042988097842e-05,2.5692173995174037e-05,2.564155907936819e-05,0.9961897128765814,0.9766025876098,0.9934513431451238,0.9831407955873276,0.9882445070284028
biunet,5%,22, Overall,241113.0,0.9961897128765814,0.9766025876098,0.9934513431451238,0.9831407955873276,0.9882445070284028,3.6723558854722862e-06,2.225863003073227e-05,1.5526612685412367e-05,1.9144160214195157e-05,1.519460114802134e-05,0.9961897128765814,0.9766025876098,0.9934513431451238,0.9831407955873276,0.9882445070284028
biunet,15%,22, 0.1%~0.5%,62625.0,0.9980222470142097,0.8254643233838616,0.8950874375625606,0.9636685873324913,0.9275682471136246,5.56540105451306e-06,0.000919112347678839,0.0005258042809370972,0.0001522950130171468,0.0003604804303791826,0.9876824342868292,0.9257500929751282,0.9793534713122497,0.9446082294312482,0.9613672489611952
biunet,15%,22, 0.5%~1%,41501.0,0.9966045682042447,0.8488232714768159,0.9389117310891774,0.9266705669588294,0.9322278971503811,7.712523114029734e-06,0.0005645307840789136,0.00021025612778402528,0.00012123845888912058,0.00011513136153573671,0.9876824342868292,0.9257500929751282,0.9793534713122497,0.9446082294312482,0.9613672489611952
biunet,15%,22, 1%~10%,90533.0,0.9897291686327375,0.9053282385455818,0.9818581739983925,0.9225443501097468,0.9503952329791154,3.7240290987835742e-06,4.736189473987447e-05,3.203140518060795e-05,1.2956646242220376e-05,8.489086332984828e-06,0.9876824342868292,0.9257500929751282,0.9793534713122497,0.9446082294312482,0.9613672489611952
biunet,15%,22, 10%~20%,17410.0,0.9658665350464347,0.9086082537030727,0.9783073212061154,0.9338223326334707,0.9546507666063745,5.634683619331316e-05,0.0002116036551685263,0.00012285406953650415,7.036597145657024e-05,9.30454073606269e-05,0.9876824342868292,0.9257500929751282,0.9793534713122497,0.9446082294312482,0.9613672489611952
biunet,15%,22, 20%~30%,11479.0,0.9579100249300785,0.890791419703663,0.9686270660461881,0.945652659019157,0.9564147226677505,3.5127372926847285e-05,0.0004025185121141956,3.520706206610259e-05,4.089977728358239e-05,3.2920980925097e-05,0.9876824342868292,0.9257500929751282,0.9793534713122497,0.9446082294312482,0.9613672489611952
biunet,15%,22, 30%~40%,9555.0,0.9594452502654568,0.8876199767628806,0.9647955115074377,0.956809030657297,0.9604409424040835,3.46006320441532e-05,0.00013580335278907236,3.993764148414256e-05,3.7102037772432925e-05,3.80577779849235e-05,0.9876824342868292,0.9257500929751282,0.9793534713122497,0.9446082294312482,0.9613672489611952
biunet,15%,22, 40%~50%,8010.0,0.9612496420032626,0.8855600471080317,0.9636231868946147,0.9606635734806307,0.9618745278937153,0.0001363467690625477,0.0006044867373499082,0.00013571019224267798,0.00013188206249723625,0.00013348522994368004,0.9876824342868292,0.9257500929751282,0.9793534713122497,0.9446082294312482,0.9613672489611952
biunet,15%,22, Overall,241113.0,0.9876824342868292,0.9257500929751282,0.9793534713122497,0.9446082294312482,0.9613672489611952,2.8291721686017176e-06,5.644758699866812e-05,2.7833196447637457e-05,1.2682155704595632e-05,1.606984314824168e-05,0.9876824342868292,0.9257500929751282,0.9793534713122497,0.9446082294312482,0.9613672489611952
biunet,25%,22, 0.1%~0.5%,62625.0,0.9952727042745941,0.6377934606847314,0.8157340905780298,0.8426583956891752,0.8267350839000072,1.2056694525970128e-06,0.0008073047623278892,0.00018870685698136298,0.0001376588841979891,9.657506542749482e-05,0.9781448418888962,0.8698832972551752,0.9633784164094187,0.9006108788508055,0.9298909681547268
biunet,25%,22, 0.5%~1%,41501.0,0.993504058066431,0.7241358934437717,0.8930795679849938,0.8466982502042398,0.86649635412783,1.5660244755334018e-05,0.0009714821422673287,0.0007375480342901031,0.00015798444372053247,0.0003539312926451535,0.9781448418888962,0.8698832972551752,0.9633784164094187,0.9006108788508055,0.9298909681547268
biunet,25%,22, 1%~10%,90533.0,0.9821894801098864,0.8371324818180087,0.967650664944724,0.8645898768324024,0.910300376089822,9.990988651691544e-06,0.00011248631560033948,9.312135784366509e-05,3.420872938102559e-05,5.914143087302041e-05,0.9781448418888962,0.8698832972551752,0.9633784164094187,0.9006108788508055,0.9298909681547268
biunet,25%,22, 10%~20%,17410.0,0.9413395998541113,0.846045783036344,0.9624257658354938,0.8860952201992021,0.9199696724277934,3.7673854215843774e-05,0.0001843858650445007,5.854514374251337e-05,7.575721950890864e-05,6.29275590372702e-05,0.9781448418888962,0.8698832972551752,0.9633784164094187,0.9006108788508055,0.9298909681547268
biunet,25%,22, 20%~30%,11479.0,0.9268720276217186,0.8155036564036472,0.9458719641523216,0.9053616839146964,0.9234093610085138,8.159242855919752e-05,0.0005163688964386583,9.60831555743017e-05,9.589743860081992e-05,9.152287392146718e-05,0.9781448418888962,0.8698832972551752,0.9633784164094187,0.9006108788508055,0.9298909681547268
biunet,25%,22, 30%~40%,9555.0,0.9285978913355338,0.8079599521655019,0.9388030062918563,0.9239294202009883,0.9302707024153917,3.938564375284965e-05,0.0005214556904316527,3.1222035431955574e-05,5.69748853279741e-05,4.7117384508780437e-05,0.9781448418888962,0.8698832972551752,0.9633784164094187,0.9006108788508055,0.9298909681547268
biunet,25%,22, 40%~50%,8010.0,0.9315196941718923,0.8037357370012552,0.9366699741064825,0.9304808188444215,0.9327550195123097,9.648084202909914e-05,0.0007081159094324505,0.00011542330787378541,9.382589727282747e-05,9.997764097751725e-05,0.9781448418888962,0.8698832972551752,0.9633784164094187,0.9006108788508055,0.9298909681547268
biunet,25%,22, Overall,241113.0,0.9781448418888962,0.8698832972551752,0.9633784164094187,0.9006108788508055,0.9298909681547268,4.396468746028976e-06,0.0001428892848096981,1.2776942622847942e-05,4.153618146740749e-05,2.5146875657636522e-05,0.9781448418888962,0.8698832972551752,0.9633784164094187,0.9006108788508055,0.9298909681547268
beagle,5%,1, 0.1%~0.5%,357366.0,0.9961050713207671,0.9316822344248203,0.7479271979125893,0.7486406909440139,0.7482784297586719,1.0701496596340492e-05,0.00018342312721953693,0.0007118556001416132,0.0007346423952877144,0.0007220114950743852,0.9533048473551965,0.9266077219495666,0.7486952998156321,0.7486780206475316,0.7486866391623526
beagle,5%,1, 0.5%~1%,238160.0,0.9927162427789223,0.9398080337702656,0.7478439490947087,0.7483082147946845,0.7480735066189941,5.21140208133988e-05,0.00044650125053286743,0.0017960944195643108,0.0017971149525818962,0.0017996018305253697,0.9533048473551965,0.9266077219495666,0.7486952998156321,0.7486780206475316,0.7486866391623526
beagle,5%,1, 1%~10%,485357.0,0.9709586065525108,0.9352392605397624,0.7482128455287662,0.748075687639503,0.7481436596085009,0.00016781073532752148,0.00035794742620846105,0.0014601047324483407,0.0014591027703328965,0.0014599560373023475,0.9533048473551965,0.9266077219495666,0.7486952998156321,0.7486780206475316,0.7486866391623526
beagle,5%,1, 10%~20%,104787.0,0.8829395518409529,0.9046524438473794,0.7486909563822054,0.7486657510992107,0.7486782809922624,0.0007397642105280533,0.0005898003033060542,0.0015888026438328363,0.0015865386295255248,0.0015876526102561667,0.9533048473551965,0.9266077219495666,0.7486952998156321,0.7486780206475316,0.7486866391623526
beagle,5%,1, 20%~30%,66311.0,0.8259252656649462,0.8780394966442802,0.7489161052644882,0.7489393005650108,0.7489273106857546,0.0007086949232697473,0.00048716221078733547,0.0010221047764266205,0.0010223323498586752,0.0010223210783936,0.9533048473551965,0.9266077219495666,0.7486952998156321,0.7486780206475316,0.7486866391623526
beagle,5%,1, 30%~40%,52037.0,0.7866958172225753,0.8505158417525133,0.7491622314927048,0.7492149430395331,0.749188516802184,0.0006284460332697298,0.00042288318848373625,0.0007391434229961245,0.0007387816256391115,0.0007389276919597561,0.9533048473551965,0.9266077219495666,0.7486952998156321,0.7486780206475316,0.7486866391623526
beagle,5%,1, 40%~50%,46984.0,0.7668569371942707,0.8310195341688807,0.7484827548641727,0.7485522540553387,0.7485171556832495,0.0004938672295289031,0.0003305146161304738,0.0005321393940482793,0.0005328791998539254,0.0005326694905120765,0.9533048473551965,0.9266077219495666,0.7486952998156321,0.7486780206475316,0.7486866391623526
beagle,5%,1, Overall,1351002.0,0.9533048473551965,0.9266077219495666,0.7486952998156321,0.7486780206475316,0.7486866391623526,0.0001983767152531141,0.0003034823491883541,0.0010690179584780678,0.0010692921955525864,0.0010691559486210405,0.9533048473551965,0.9266077219495666,0.7486952998156321,0.7486780206475316,0.7486866391623526
beagle,15%,1, 0.1%~0.5%,357366.0,0.9960675236778728,0.9283653966129704,0.7486697245458783,0.7489484733734372,0.7488087202169001,1.4869737556499818e-05,0.0002654685118649844,0.0009698801913467216,0.0009944801137356948,0.000981760443151531,0.9533740575921671,0.9257524021924798,0.7497815454725155,0.7495481844172489,0.7496644504757065
beagle,15%,1, 0.5%~1%,238160.0,0.9926281412672484,0.936313534956989,0.748390892755398,0.7472224909561677,0.7478024412067462,8.344853885137134e-05,0.0006826897895953469,0.0029217215014469963,0.002915952677756603,0.00292189645300015,0.9533740575921671,0.9257524021924798,0.7497815454725155,0.7495481844172489,0.7496644504757065
beagle,15%,1, 1%~10%,485357.0,0.9709826490645606,0.9338543285963704,0.7499841429454307,0.7492563241691927,0.7496189328261443,7.991929748340834e-05,0.00018147029201629185,0.0006915636117910156,0.000687213824144221,0.0006895130824648064,0.9533740575921671,0.9257524021924798,0.7497815454725155,0.7495481844172489,0.7496644504757065
beagle,15%,1, 10%~20%,104787.0,0.8829217234120521,0.9036734234402083,0.7490310936148427,0.7489363043059672,0.7489831458101772,0.0007857121635939853,0.000630787277637945,0.0016944251051478922,0.0016840050066345925,0.001689073892371585,0.9533740575921671,0.9257524021924798,0.7497815454725155,0.7495481844172489,0.7496644504757065
beagle,15%,1, 20%~30%,66311.0,0.8260679470220776,0.8771814996962966,0.7492219176747605,0.7493009330035344,0.7492608747383575,0.0008695639316745345,0.0005788952848864512,0.0012555577661720672,0.0012560215695675337,0.0012558649220116977,0.9533740575921671,0.9257524021924798,0.7497815454725155,0.7495481844172489,0.7496644504757065
beagle,15%,1, 30%~40%,52037.0,0.787351828947488,0.8499157343702248,0.7498803909753328,0.7500699334832223,0.7499747247692884,0.00099539516732946,0.0006717690345691119,0.0011718452342994175,0.0011696231372863995,0.0011707883408430375,0.9533740575921671,0.9257524021924798,0.7497815454725155,0.7495481844172489,0.7496644504757065
beagle,15%,1, 40%~50%,46984.0,0.7684426777867049,0.8309910655869245,0.7500594939174073,0.7503069061741856,0.7501828254764794,0.0015465621462694614,0.0010645501135282784,0.0016718856370366373,0.001668728565345156,0.0016703911625732405,0.9533740575921671,0.9257524021924798,0.7497815454725155,0.7495481844172489,0.7496644504757065
beagle,15%,1, Overall,1351002.0,0.9533740575921671,0.9257524021924798,0.7497815454725155,0.7495481844172489,0.7496644504757065,0.00013567041734486823,0.00020703806406770304,0.000734704631351385,0.0007314625116160205,0.0007331216088909741,0.9533740575921671,0.9257524021924798,0.7497815454725155,0.7495481844172489,0.7496644504757065
beagle,25%,1, 0.1%~0.5%,357366.0,0.9958588783740594,0.9150296964970001,0.7462134315378456,0.7378906361912706,0.7419672855481516,5.2423527753590025e-05,0.0008932172679113618,0.003507734582637014,0.0033979616885028057,0.003454963203489423,0.9528713747868974,0.9235569175140403,0.7481208709840215,0.7473473450540085,0.7477315228440755
beagle,25%,1, 0.5%~1%,238160.0,0.9924574888253969,0.9309555931515425,0.7474855807510529,0.743118975658346,0.7452755744611906,0.00010097443238709865,0.0008474086501570192,0.003593053327838954,0.003529349023835668,0.003561097130202008,0.9528713747868974,0.9235569175140403,0.7481208709840215,0.7473473450540085,0.7477315228440755
beagle,25%,1, 1%~10%,485357.0,0.970546865150595,0.9310417518473133,0.7481674391021716,0.7464348729926661,0.7472955010349374,0.0003918021263662586,0.0008433436129410604,0.003433674240166876,0.0034037987988841324,0.0034188508225139447,0.9528713747868974,0.9235569175140403,0.7481208709840215,0.7473473450540085,0.7477315228440755
beagle,25%,1, 10%~20%,104787.0,0.8821284188023256,0.9017394730585466,0.7478016829573527,0.7475631409551715,0.7476806514390195,0.0009223996895538826,0.0007542647528893103,0.0019851447003674336,0.0019741174720029632,0.0019796550390614024,0.9528713747868974,0.9235569175140403,0.7481208709840215,0.7473473450540085,0.7477315228440755
beagle,25%,1, 20%~30%,66311.0,0.8251968166518185,0.8753047598776987,0.7480535940653296,0.7482177030681308,0.7481340561144633,0.001813366183061024,0.0012385696540887434,0.0026249128906541555,0.0026132815422830647,0.002619202176569767,0.9528713747868974,0.9235569175140403,0.7481208709840215,0.7473473450540085,0.7477315228440755
beagle,25%,1, 30%~40%,52037.0,0.7853323046219941,0.8471746691415971,0.7473787046280345,0.7477911509376257,0.7475835400781491,0.002398419597123088,0.0016100523330322474,0.0028384681301873516,0.0028231641474390536,0.002830874006207652,0.9528713747868974,0.9235569175140403,0.7481208709840215,0.7473473450540085,0.7477315228440755
beagle,25%,1, 40%~50%,46984.0,0.7661775267669256,0.8278993438303175,0.7473788382358227,0.7479155938891582,0.7476452087934321,0.0018681787573326249,0.0012763001986890823,0.0020216107270169437,0.0020147606224778466,0.0020179424793990855,0.9528713747868974,0.9235569175140403,0.7481208709840215,0.7473473450540085,0.7477315228440755
beagle,25%,1, Overall,1351002.0,0.9528713747868974,0.9235569175140403,0.7481208709840215,0.7473473450540085,0.7477315228440755,0.0004706393793132736,0.0007258103728665418,0.002550448238074613,0.002534940859434148,0.002542682302693741,0.9528713747868974,0.9235569175140403,0.7481208709840215,0.7473473450540085,0.7477315228440755
beagle,5%,2, 0.1%~0.5%,392587.0,0.9961431361045857,0.9273591831807533,0.7490782819342433,0.7497500793305968,0.7494132102476022,6.660023856048698e-05,0.0012427463111146918,0.004342193281097097,0.004364400734172272,0.0043540285741836375,0.9550114567131676,0.9269752341920604,0.7509235495800809,0.750904823694834,0.7509140155150699
beagle,5%,2, 0.5%~1%,254390.0,0.9927942241713335,0.9403273764817387,0.7498067956033964,0.7502594343196592,0.7500308178307447,0.0001330557511861987,0.0010993313627239035,0.004616709684966692,0.004620353024675052,0.004621290887290484,0.9550114567131676,0.9269752341920604,0.7509235495800809,0.750904823694834,0.7509140155150699
beagle,5%,2, 1%~10%,523727.0,0.9710754814420518,0.9343300940263507,0.7502944356703853,0.750159914601308,0.7502268797508096,0.00047486172006698665,0.0010507770125758337,0.004116488296251274,0.004111952869728281,0.004114168589939961,0.9550114567131676,0.9269752341920604,0.7509235495800809,0.750904823694834,0.7509140155150699
beagle,5%,2, 10%~20%,108435.0,0.8837820114180065,0.9048959760030423,0.750677409202582,0.7506503867165314,0.7506635317772763,0.0011147870575984383,0.0008715226617049305,0.0023942158471343005,0.002391904254911188,0.0023928013572434353,0.9550114567131676,0.9269752341920604,0.7509235495800809,0.750904823694834,0.7509140155150699
beagle,5%,2, 20%~30%,69984.0,0.8259964037407355,0.8782327054963561,0.7512159753127557,0.7512367238502566,0.7512256018310061,0.0025586982325565806,0.00170616699496552,0.0036620891108037246,0.003659408704320991,0.0036615253158888417,0.9550114567131676,0.9269752341920604,0.7509235495800809,0.750904823694834,0.7509140155150699
beagle,5%,2, 30%~40%,52968.0,0.787942965396617,0.8513256879794788,0.7514028027485984,0.7514540209865957,0.7514277092506787,0.0028422146323068254,0.0019144177382808222,0.0033335752525064104,0.0033322774913568127,0.0033328350584994637,0.9550114567131676,0.9269752341920604,0.7509235495800809,0.750904823694834,0.7509140155150699
beagle,5%,2, 40%~50%,46163.0,0.769355279812892,0.8326104692047407,0.7513375465756825,0.7514068824333716,0.7513718784064419,0.003197951669880504,0.0021935103166059516,0.0034476848863024107,0.003447745362840301,0.0034475281034620124,0.9550114567131676,0.9269752341920604,0.7509235495800809,0.750904823694834,0.7509140155150699
beagle,5%,2, Overall,1448254.0,0.9550114567131676,0.9269752341920604,0.7509235495800809,0.750904823694834,0.7509140155150699,0.0006223790630635839,0.0009813884630544905,0.003451833938783594,0.003450458488684828,0.0034512263736418652,0.9550114567131676,0.9269752341920604,0.7509235495800809,0.750904823694834,0.7509140155150699
beagle,15%,2, 0.1%~0.5%,392587.0,0.9961026423072795,0.923767954631198,0.7495616225693095,0.7498541153038146,0.7497066236768314,2.5023157858099264e-05,0.0005123769331551685,0.0016092133756317574,0.0016029852131620465,0.0016069110118993547,0.9546304568765441,0.9254178423626035,0.7495211480831373,0.749290178012985,0.749405259612684
beagle,15%,2, 0.5%~1%,254390.0,0.9926866380976168,0.9366698151574756,0.7496544373136058,0.7484380502150545,0.7490436030159748,6.347775476821184e-05,0.0005264538860255105,0.002224591046390891,0.0022135609128842338,0.0022187159305142234,0.9546304568765441,0.9254178423626035,0.7495211480831373,0.749290178012985,0.749405259612684
beagle,15%,2, 1%~10%,523727.0,0.9708789254150525,0.932461697571406,0.7500894886676189,0.749399656808726,0.7497433237256299,0.00021834251061374666,0.00048483831145590075,0.0018904245468925201,0.0018843402642326028,0.001887137904801245,0.9546304568765441,0.9254178423626035,0.7495211480831373,0.749290178012985,0.749405259612684
beagle,15%,2, 10%~20%,108435.0,0.8827348397172515,0.9031276405851987,0.7488039424310496,0.7487012490679933,0.7487519720155983,0.001092992866764024,0.0008657195404890852,0.002349776482555332,0.0023417479546914252,0.002345656253246803,0.9546304568765441,0.9254178423626035,0.7495211480831373,0.749290178012985,0.749405259612684
beagle,15%,2, 20%~30%,69984.0,0.8246644679384981,0.8764406710139415,0.7494042305496486,0.7494792586797522,0.7494413980746636,0.0016098303505099939,0.001078143945204063,0.002309321393497328,0.0023057610993849316,0.0023074528999884815,0.9546304568765441,0.9254178423626035,0.7495211480831373,0.749290178012985,0.749405259612684
beagle,15%,2, 30%~40%,52968.0,0.7861941035637846,0.8491439289468716,0.7492999330568645,0.7494856775292398,0.7493912713763574,0.0028326968469387405,0.0018975723965406986,0.0033241569899528874,0.003319227291592733,0.0033225926174118613,0.9546304568765441,0.9254178423626035,0.7495211480831373,0.749290178012985,0.749405259612684
beagle,15%,2, 40%~50%,46163.0,0.7670551973393888,0.8298824534198957,0.7487236069249222,0.7489738310754784,0.7488480405124619,0.0029532781780861233,0.002014276065833432,0.003190251928336951,0.0031839196285465216,0.0031868353655307878,0.9546304568765441,0.9254178423626035,0.7495211480831373,0.749290178012985,0.749405259612684
beagle,15%,2, Overall,1448254.0,0.9546304568765441,0.9254178423626035,0.7495211480831373,0.749290178012985,0.749405259612684,0.00044871898583072323,0.00071027011925466,0.0024915819112457786,0.002485660029834903,0.0024886277027422778,0.9546304568765441,0.9254178423626035,0.7495211480831373,0.749290178012985,0.749405259612684
beagle,25%,2, 0.1%~0.5%,392587.0,0.9958784881707442,0.9095055423576254,0.7456561835749976,0.7375040921062341,0.7414998932824045,3.401371334626456e-05,0.0006459195753396547,0.002299658137360106,0.00222533904736154,0.0022626056805234314,0.9541023702641157,0.9231565840574726,0.7476385313551095,0.7468653902384023,0.7472492261331766
beagle,25%,2, 0.5%~1%,254390.0,0.9924476907930205,0.9307831645981853,0.7463392896107628,0.742051328565765,0.744167494465057,7.472818505892586e-05,0.0006213062706723267,0.00263759446631428,0.002553614183149379,0.002592834617282662,0.9541023702641157,0.9231565840574726,0.7476385313551095,0.7468653902384023,0.7472492261331766
beagle,25%,2, 1%~10%,523727.0,0.9703895330698215,0.9295687041038788,0.7477270426543364,0.7460894503886234,0.7469031693613055,0.00017568840334464695,0.00040113644778054107,0.001536821486978243,0.0015317205916944153,0.0015341876334632317,0.9541023702641157,0.9231565840574726,0.7476385313551095,0.7468653902384023,0.7472492261331766
beagle,25%,2, 10%~20%,108435.0,0.8818512582780605,0.9011535870032735,0.7473777660849864,0.7471315437030414,0.7472529890988673,0.00032947992822530557,0.00027632730901424864,0.0007081836172265407,0.0007076612470312547,0.0007079930945529495,0.9541023702641157,0.9231565840574726,0.7476385313551095,0.7468653902384023,0.7472492261331766
beagle,25%,2, 20%~30%,69984.0,0.8231943328853584,0.8741952015377947,0.7473778194368698,0.7475387689436106,0.7474565208492141,0.0004933630037581612,0.0003337823888662264,0.0007056916653796334,0.0007061349742833494,0.0007062246030811818,0.9541023702641157,0.9231565840574726,0.7476385313551095,0.7468653902384023,0.7472492261331766
beagle,25%,2, 30%~40%,52968.0,0.7840664588553263,0.8463096800504019,0.7466747187535776,0.7470818527566069,0.7468760394528151,0.0007569321384744539,0.0005271107622122442,0.0008902776979588456,0.0008903449379582758,0.0008894664542906502,0.9541023702641157,0.9231565840574726,0.7476385313551095,0.7468653902384023,0.7472492261331766
beagle,25%,2, 40%~50%,46163.0,0.7660085671517143,0.8276258595575395,0.7473469779059349,0.7478968346205374,0.7476200273282748,0.0007372566581467608,0.0005001796433739389,0.0007998012387820419,0.0007951920671254551,0.0007976378615390373,0.9541023702641157,0.9231565840574726,0.7476385313551095,0.7468653902384023,0.7472492261331766
beagle,25%,2, Overall,1448254.0,0.9541023702641157,0.9231565840574726,0.7476385313551095,0.7468653902384023,0.7472492261331766,0.00016700555964955157,0.00028183151887981777,0.000928868255633579,0.000925972708192453,0.0009275002309182097,0.9541023702641157,0.9231565840574726,0.7476385313551095,0.7468653902384023,0.7472492261331766
beagle,5%,3, 0.1%~0.5%,327569.0,0.9961329406305368,0.9194519539027785,0.7494335124488453,0.7499886388199376,0.7497098077327186,5.48475164412678e-06,0.00010720250994902847,0.00034399828950156756,0.0003301546390011349,0.0003358757888598879,0.9528289206642643,0.9259794751480133,0.7504830654119582,0.7504749260842684,0.7504788976444887
beagle,5%,3, 0.5%~1%,217095.0,0.99280826255413,0.934444953943951,0.7500617970159525,0.7504121564428274,0.7502304007078591,8.398176726361262e-06,6.918307914122721e-05,0.0002924514777222364,0.0002932835028805576,0.00029227075447973245,0.9528289206642643,0.9259794751480133,0.7504830654119582,0.7504749260842684,0.7504788976444887
beagle,5%,3, 1%~10%,442087.0,0.9705081075534446,0.9324462087429115,0.7500179017667136,0.7499349396330528,0.7499758912146536,0.00014306865455980994,0.0003293410393454914,0.001213875433194532,0.0012152017544282895,0.0012145908475837814,0.9528289206642643,0.9259794751480133,0.7504830654119582,0.7504749260842684,0.7504788976444887
beagle,5%,3, 10%~20%,97918.0,0.8830390038730579,0.9052399132785371,0.7507196017743736,0.750701090785744,0.7507093976105829,0.0009908415642446915,0.0008060513480857369,0.0021100547617562914,0.002109771560029068,0.0021106393798936006,0.9528289206642643,0.9259794751480133,0.7504830654119582,0.7504749260842684,0.7504788976444887
beagle,5%,3, 20%~30%,60497.0,0.8248522227154608,0.8794621519554991,0.7506490805708003,0.750665127860802,0.750656935122453,0.001346444085809,0.0008940368956734849,0.001918035965762355,0.0019171420099904119,0.0019176426221286563,0.9528289206642643,0.9259794751480133,0.7504830654119582,0.7504749260842684,0.7504788976444887
beagle,5%,3, 30%~40%,48858.0,0.7865301794637167,0.8502337792986457,0.7505270809632938,0.7505694479966579,0.7505480310729998,0.0018643227275794674,0.0012609705867359896,0.002180531318629115,0.0021781808512798396,0.0021793503418614654,0.9528289206642643,0.9259794751480133,0.7504830654119582,0.7504749260842684,0.7504788976444887
beagle,5%,3, 40%~50%,42874.0,0.766721042406041,0.8299967110672636,0.7505110170743198,0.7505652826951122,0.7505380706122108,0.002043584524937366,0.0014102095301001731,0.0021848192728345698,0.002184730868061677,0.0021846941226757828,0.9528289206642643,0.9259794751480133,0.7504830654119582,0.7504749260842684,0.7504788976444887
beagle,5%,3, Overall,1236898.0,0.9528289206642643,0.9259794751480133,0.7504830654119582,0.7504749260842684,0.7504788976444887,0.0003389393983824683,0.0005262431167556007,0.001795152055794104,0.0017943571381856017,0.001794779150035446,0.9528289206642643,0.9259794751480133,0.7504830654119582,0.7504749260842684,0.7504788976444887
beagle,15%,3, 0.1%~0.5%,327569.0,0.9960837283864702,0.9160623743085307,0.7485631694681757,0.7489739735741913,0.7487598861987244,1.5146533344606088e-05,0.0004640085996934953,0.0009664871742344578,0.0009566541487334264,0.0009696808178421343,0.9526310689145969,0.924978603226803,0.7499324794656389,0.7497866074559054,0.7498592085935473
beagle,15%,3, 0.5%~1%,217095.0,0.9926896027219193,0.9311134421450101,0.7484742983091976,0.7477183608029526,0.7480930921167858,6.177289047444081e-05,0.0005733366379213761,0.0021319054318388393,0.0021633526872324588,0.0021450881663693513,0.9526310689145969,0.924978603226803,0.7499324794656389,0.7497866074559054,0.7498592085935473
beagle,15%,3, 1%~10%,442087.0,0.9703555789217009,0.9310789843420396,0.7497713725533793,0.7493134365335985,0.7495414300794785,0.00016396827489156032,0.0003688340352743491,0.0014003385462248907,0.0013970334940983612,0.0013985133837318472,0.9526310689145969,0.924978603226803,0.7499324794656389,0.7497866074559054,0.7498592085935473
beagle,15%,3, 10%~20%,97918.0,0.882387427922347,0.9039979264705239,0.7496072026619341,0.7495382320745532,0.7495711482802663,0.00055083044469396,0.00041123937373946503,0.001179802156063282,0.0011755861146407378,0.0011769773461735506,0.9526310689145969,0.924978603226803,0.7499324794656389,0.7497866074559054,0.7498592085935473
beagle,15%,3, 20%~30%,60497.0,0.8246308204998926,0.8786165535504128,0.7504072287179987,0.7504639034767342,0.7504351247645729,0.0010909296375336732,0.0007377698606247326,0.0015586741743508195,0.0015521803502368567,0.0015552402134775866,0.9526310689145969,0.924978603226803,0.7499324794656389,0.7497866074559054,0.7498592085935473
beagle,15%,3, 30%~40%,48858.0,0.7859717986699616,0.8490584227981074,0.7498243963475574,0.7499801689831936,0.7499016288949706,0.001128827177236558,0.0007657313018614296,0.0013225301226042169,0.0013208656786709457,0.001321294438783553,0.9526310689145969,0.924978603226803,0.7499324794656389,0.7497866074559054,0.7498592085935473
beagle,15%,3, 40%~50%,42874.0,0.7659995306788963,0.8286162487121663,0.7496179106318598,0.7498274398679293,0.7497211617288454,0.0013661219896396496,0.0009393838058324013,0.0014554064340638322,0.0014599391199245119,0.001457845376240414,0.9526310689145969,0.924978603226803,0.7499324794656389,0.7497866074559054,0.7498592085935473
beagle,15%,3, Overall,1236898.0,0.9526310689145969,0.924978603226803,0.7499324794656389,0.7497866074559054,0.7498592085935473,0.000249039785271342,0.0003840530275473789,0.0013201377460666673,0.001318537627984361,0.001319254930838911,0.9526310689145969,0.924978603226803,0.7499324794656389,0.7497866074559054,0.7498592085935473
beagle,25%,3, 0.1%~0.5%,327569.0,0.9959489837996611,0.9044974266651158,0.7480468936527819,0.742110810920357,0.7450334924201973,2.135137518325833e-05,0.00044078636218263943,0.0014839469921406373,0.0014546583238651816,0.0014685034922362456,0.9526046218720411,0.9238604535990808,0.7505632216464132,0.7500155734169777,0.7502873092072075
beagle,25%,3, 0.5%~1%,217095.0,0.9926213725886329,0.9272495272270521,0.7499108430429796,0.7467997314702535,0.7483323109638526,2.458246610988542e-05,0.0003133044996177368,0.0008567333888014819,0.0008745360525378523,0.0008582971351749759,0.9526046218720411,0.9238604535990808,0.7505632216464132,0.7500155734169777,0.7502873092072075
beagle,25%,3, 1%~10%,442087.0,0.9702251542267789,0.9293887405896534,0.7500496968073179,0.7488885184801551,0.7494653624281525,0.00012887373453983737,0.00029489765720317254,0.0011116701294391703,0.0010966005158709032,0.0011034205011157274,0.9526046218720411,0.9238604535990808,0.7505632216464132,0.7500155734169777,0.7502873092072075
beagle,25%,3, 10%~20%,97918.0,0.8824818526538759,0.9030792622284604,0.7501738007364743,0.7499732279247544,0.7500711830088532,0.0003634727570143166,0.0002892831172089853,0.0007778098768650313,0.0007674800798065595,0.000772916594746138,0.9526046218720411,0.9238604535990808,0.7505632216464132,0.7500155734169777,0.7502873092072075
beagle,25%,3, 20%~30%,60497.0,0.8250792814978539,0.8779342819277852,0.7511228960649579,0.7512326209231924,0.7511753560525797,0.0008204661948615819,0.000570409666722897,0.0011708676483134135,0.0011661734553638373,0.0011673239648686258,0.9526046218720411,0.9238604535990808,0.7505632216464132,0.7500155734169777,0.7502873092072075
beagle,25%,3, 30%~40%,48858.0,0.7863898644015369,0.8482629211106395,0.7502014543835459,0.7505386879615473,0.7503670480790144,0.0008983791231818465,0.0006027825163484698,0.0010503763745501615,0.0010488535197000581,0.0010493187417650307,0.9526046218720411,0.9238604535990808,0.7505632216464132,0.7500155734169777,0.7502873092072075
beagle,25%,3, 40%~50%,42874.0,0.7666315001017218,0.8278232054554929,0.7500816420559047,0.750538490859884,0.7503085114449842,0.00010421312022936229,6.987430005874254e-05,0.0001075206020707054,0.0001120766873857611,0.00010959943364393897,0.9526046218720411,0.9238604535990808,0.7505632216464132,0.7500155734169777,0.7502873092072075
beagle,25%,3, Overall,1236898.0,0.9526046218720411,0.9238604535990808,0.7505632216464132,0.7500155734169777,0.7502873092072075,0.0001334601021405469,0.00021840761798360228,0.0007103127824125562,0.000706257968898892,0.0007075164254901606,0.9526046218720411,0.9238604535990808,0.7505632216464132,0.7500155734169777,0.7502873092072075
beagle,5%,4, 0.1%~0.5%,326690.0,0.9961866695251572,0.9374271872151398,0.7527193024600881,0.7534191323067989,0.7530639860580828,4.036096327840838e-05,0.0006282042803025438,0.0026337836827423147,0.002654330932177255,0.002640859690536846,0.9515207974120022,0.9281613724544172,0.7508196391220392,0.7508083184896274,0.7508136460144604
beagle,5%,4, 0.5%~1%,214523.0,0.9928399758506874,0.9454365941405584,0.7515052385771583,0.7519672430989912,0.7517311714808551,9.42145668589996e-05,0.0007103804434449533,0.0032645251615291537,0.0032623860722084197,0.0032633285339889405,0.9515207974120022,0.9281613724544172,0.7508196391220392,0.7508083184896274,0.7508136460144604
beagle,5%,4, 1%~10%,441846.0,0.9706483164849912,0.9384707826154414,0.7509193232868693,0.750804771371698,0.7508588738863974,0.0002909062470497141,0.0005849936562390859,0.00248161556371327,0.002483329318550843,0.0024816608835652653,0.9515207974120022,0.9281613724544172,0.7508196391220392,0.7508083184896274,0.7508136460144604
beagle,5%,4, 10%~20%,99906.0,0.8835099924220274,0.9076104895976381,0.7510998012671513,0.7510754847255781,0.7510874961472558,0.000997571122534274,0.0007715355293726846,0.0021324187354158012,0.0021346320054734715,0.002133677968492503,0.9515207974120022,0.9281613724544172,0.7508196391220392,0.7508083184896274,0.7508136460144604
beagle,5%,4, 20%~30%,69440.0,0.8254072230204482,0.8782151795588957,0.7507075184772701,0.7507281816124481,0.750717746366759,0.0012033864180585286,0.0008013903501436606,0.001719185970425982,0.0017194997406443703,0.0017192635555288466,0.9515207974120022,0.9281613724544172,0.7508196391220392,0.7508083184896274,0.7508136460144604
beagle,5%,4, 30%~40%,49710.0,0.7867573115451112,0.8508877572164829,0.7501910600615932,0.7502328381712297,0.7502107871613236,0.0018970802250431304,0.0012618236999656287,0.0022245775266683276,0.002221463084107134,0.0022236066661648454,0.9515207974120022,0.9281613724544172,0.7508196391220392,0.7508083184896274,0.7508136460144604
beagle,5%,4, 40%~50%,44556.0,0.7682723303671284,0.8318038756882496,0.7505011551164733,0.7505581136972284,0.7505288900858957,0.0016694102322763384,0.0011428240825276893,0.001797588115722606,0.0017969632851411578,0.0017967310486266058,0.9515207974120022,0.9281613724544172,0.7508196391220392,0.7508083184896274,0.7508136460144604
beagle,5%,4, Overall,1246671.0,0.9515207974120022,0.9281613724544172,0.7508196391220392,0.7508083184896274,0.7508136460144604,0.0003938535880192775,0.0005590611918822895,0.0020294359899671404,0.002030705388322285,0.002029726076058963,0.9515207974120022,0.9281613724544172,0.7508196391220392,0.7508083184896274,0.7508136460144604
beagle,15%,4, 0.1%~0.5%,326690.0,0.9960776565932417,0.9333507331611401,0.7486201460600249,0.7489245185261191,0.7487710671034112,5.3136969166121435e-05,0.0007938148127643796,0.003491034876020215,0.003555007881597281,0.0035220406692294966,0.951108852157169,0.9267597505737545,0.7493223402776156,0.7491300691553318,0.7492257790537179
beagle,15%,4, 0.5%~1%,214523.0,0.9926571668743162,0.9416667184929562,0.748587109439168,0.7474828675029282,0.7480316974057413,3.6143851228602684e-05,0.00023429595556321553,0.0012532050520890172,0.0012007388110873087,0.0012267868756779703,0.951108852157169,0.9267597505737545,0.7493223402776156,0.7491300691553318,0.7492257790537179
beagle,15%,4, 1%~10%,441846.0,0.9702776484235999,0.9364932477606986,0.7491573457502206,0.7485283443815324,0.7488407801446773,0.00018041052027883934,0.0003837282321280375,0.0015398428289047738,0.0015406870719123723,0.0015417443163166713,0.951108852157169,0.9267597505737545,0.7493223402776156,0.7491300691553318,0.7492257790537179
beagle,15%,4, 10%~20%,99906.0,0.8825876425233888,0.9060906522788307,0.749474599505319,0.7493871315407756,0.7494303793894287,0.0006379922467781791,0.0005049682650273483,0.0013664100826928569,0.0013611888240925235,0.0013637872015483,0.951108852157169,0.9267597505737545,0.7493223402776156,0.7491300691553318,0.7492257790537179
beagle,15%,4, 20%~30%,69440.0,0.8242516083767004,0.8766734971714714,0.7491412255784601,0.749211943262695,0.749175599826278,0.0010952280573970081,0.0007280160354397866,0.0015651907636050815,0.001565927709824011,0.0015655000635061533,0.951108852157169,0.9267597505737545,0.7493223402776156,0.7491300691553318,0.7492257790537179
beagle,15%,4, 30%~40%,49710.0,0.7857415341043961,0.8493175698578131,0.7489610909728733,0.7491198282526005,0.7490372207754362,0.0007690799050246801,0.0005059003914014062,0.0008971219207598065,0.0008990280552704997,0.0008990975192824355,0.951108852157169,0.9267597505737545,0.7493223402776156,0.7491300691553318,0.7492257790537179
beagle,15%,4, 40%~50%,44556.0,0.76710383742889,0.8299981798396087,0.7491179226938277,0.7493386412221105,0.7492277673661829,0.0013850112555095083,0.0009512779205431591,0.0014969196427761418,0.0014918996039499865,0.001494426556416558,0.951108852157169,0.9267597505737545,0.7493223402776156,0.7491300691553318,0.7492257790537179
beagle,15%,4, Overall,1246671.0,0.951108852157169,0.9267597505737545,0.7493223402776156,0.7491300691553318,0.7492257790537179,0.00026373346410916765,0.00038381819078399474,0.0013608577860629455,0.0013593329145656639,0.0013599130540310812,0.951108852157169,0.9267597505737545,0.7493223402776156,0.7491300691553318,0.7492257790537179
beagle,25%,4, 0.1%~0.5%,326690.0,0.9958578305941598,0.9210889780508795,0.7449083000853377,0.7370422066407111,0.7408968015181648,2.977128414025504e-05,0.0004877365523777101,0.001974331207402295,0.0019322147325956504,0.0019552009003335623,0.9507839178440708,0.925054125595642,0.7485747679942175,0.7479143436961331,0.7482426267889726
beagle,25%,4, 0.5%~1%,214523.0,0.9924503650321629,0.936574281031882,0.7462377253004222,0.7421530208733752,0.7441688042234431,4.740278374906405e-05,0.00036133139955783577,0.0016792524984772113,0.0016530871260965843,0.0016698198669232503,0.9507839178440708,0.925054125595642,0.7485747679942175,0.7479143436961331,0.7482426267889726
beagle,25%,4, 1%~10%,441846.0,0.9699587105594608,0.9342565630880868,0.7481990539572524,0.746697502235326,0.7474425906703964,0.0002974556915065474,0.0006171368917802559,0.0025527002030717896,0.0025337338773307357,0.0025432925234668722,0.9507839178440708,0.925054125595642,0.7485747679942175,0.7479143436961331,0.7482426267889726
beagle,25%,4, 10%~20%,99906.0,0.8826049464950793,0.9050009752288442,0.7499551100229044,0.7497243982868803,0.7498383312647311,0.0007141386555365312,0.0005418186670587676,0.0015330064868307616,0.0015256836928726099,0.0015293822075813166,0.9507839178440708,0.925054125595642,0.7485747679942175,0.7479143436961331,0.7482426267889726
beagle,25%,4, 20%~30%,69440.0,0.8235413819336149,0.8751406876974547,0.748197343386018,0.7483429021711587,0.7482687128782942,0.0012620756415624998,0.0008501518198025233,0.001801620916442868,0.001803164713927223,0.001802500924840487,0.9507839178440708,0.925054125595642,0.7485747679942175,0.7479143436961331,0.7482426267889726
beagle,25%,4, 30%~40%,49710.0,0.7846458508780585,0.8473439367864333,0.7475724097307247,0.7479210419453288,0.7477445415155346,0.0017691023876165658,0.0011697950610239194,0.002074683543055543,0.0020733049306197126,0.0020745827549745466,0.9507839178440708,0.925054125595642,0.7485747679942175,0.7479143436961331,0.7482426267889726
beagle,25%,4, 40%~50%,44556.0,0.7660729932887463,0.8279676176666232,0.747793132709767,0.7482730796944977,0.7480319401403972,0.0014405523587514477,0.0009953329373436624,0.0015546830130497965,0.0015506921980003206,0.0015526756105005545,0.9507839178440708,0.925054125595642,0.7485747679942175,0.7479143436961331,0.7482426267889726
beagle,25%,4, Overall,1246671.0,0.9507839178440708,0.925054125595642,0.7485747679942175,0.7479143436961331,0.7482426267889726,0.00035770579065741426,0.0005163385496429575,0.0018473474796988946,0.0018429818112201514,0.0018451016405336242,0.9507839178440708,0.925054125595642,0.7485747679942175,0.7479143436961331,0.7482426267889726
beagle,5%,5, 0.1%~0.5%,305740.0,0.9961806601415768,0.9127353514841671,0.7498658607194334,0.7505553858196047,0.750208210084958,4.1342498198633645e-05,0.0008838630420126816,0.002718328632519706,0.002739464107536488,0.0027289865590355874,0.9529098596621287,0.9229737301325743,0.7498980954355939,0.749893393412647,0.7498954206809275
beagle,5%,5, 0.5%~1%,200027.0,0.9927715145020694,0.917547232249555,0.7486981700129101,0.7491552410489765,0.7489183764966588,4.5674555022383694e-05,0.00047884438086904114,0.0016039979357434404,0.001610542974573069,0.0016041851385937902,0.9529098596621287,0.9229737301325743,0.7498980954355939,0.749893393412647,0.7498954206809275
beagle,5%,5, 1%~10%,399038.0,0.971317685700777,0.9245163392428166,0.7488905388759148,0.7487930911561352,0.7488372924900725,0.00015038234643672508,0.0004111921932830674,0.0013154156143777216,0.0013118389773746214,0.0013174935617785947,0.9529098596621287,0.9229737301325743,0.7498980954355939,0.749893393412647,0.7498954206809275
beagle,5%,5, 10%~20%,86447.0,0.8833920277284265,0.9043285531859778,0.7501716506125954,0.750151066853609,0.7501609824939854,0.00013927839000449978,0.00010543407392683935,0.00030087672063709253,0.00030519640707926655,0.00030310027175581164,0.9529098596621287,0.9229737301325743,0.7498980954355939,0.749893393412647,0.7498954206809275
beagle,5%,5, 20%~30%,57340.0,0.8249626557704185,0.8779424181131841,0.7502644283361787,0.7502857726785438,0.7502747032574759,0.001006598968838034,0.0006655817666714988,0.0014385126532441069,0.0014356320208842874,0.0014366497955436478,0.9529098596621287,0.9229737301325743,0.7498980954355939,0.749893393412647,0.7498954206809275
beagle,5%,5, 30%~40%,44679.0,0.7860922347330973,0.8495315203978778,0.7503640054230466,0.7504121862007292,0.7503876017241614,0.0012872898433592926,0.0008613110052108955,0.0015029656590201939,0.001502978607721912,0.0015024496541167366,0.9529098596621287,0.9229737301325743,0.7498980954355939,0.749893393412647,0.7498954206809275
beagle,5%,5, 40%~50%,41359.0,0.7655480156732062,0.8288973186212099,0.7498363672483525,0.7498988253081063,0.7498666138522884,0.0014491764639239534,0.0010060547483062136,0.001544089623197326,0.0015455245303223186,0.0015449534775293717,0.9529098596621287,0.9229737301325743,0.7498980954355939,0.749893393412647,0.7498954206809275
beagle,5%,5, Overall,1134630.0,0.9529098596621287,0.9229737301325743,0.7498980954355939,0.749893393412647,0.7498954206809275,0.00018740048856276577,0.00028813373014959865,0.0009982706689101938,0.0009976315211225565,0.0009975594720860877,0.9529098596621287,0.9229737301325743,0.7498980954355939,0.749893393412647,0.7498954206809275
beagle,15%,5, 0.1%~0.5%,305740.0,0.9961294307820383,0.9084705908937684,0.7494334058986413,0.7498814060668041,0.7496531532171758,3.8301001607160475e-05,0.0008390462365257642,0.002518131351398155,0.002545603065586817,0.0025311583476146297,0.9529359492489397,0.9221049622794745,0.7506584666858228,0.7504862807888025,0.7505719284955346
beagle,15%,5, 0.5%~1%,200027.0,0.9927391424464416,0.9136592484254141,0.7507163240790945,0.7498207818114375,0.7502653820017895,5.395009483897677e-05,0.000611084686729242,0.0019194395518959287,0.0018769728832969941,0.0018998456845655987,0.9529359492489397,0.9221049622794745,0.7506584666858228,0.7504862807888025,0.7505719284955346
beagle,15%,5, 1%~10%,399038.0,0.9714461569046943,0.9233238952368876,0.7513947156602855,0.7508177945866045,0.7511032442219739,0.0001244673528796404,0.00033143900968821073,0.0010910092229780908,0.001079770761512055,0.0010855670590468787,0.9529359492489397,0.9221049622794745,0.7506584666858228,0.7504862807888025,0.7505719284955346
beagle,15%,5, 10%~20%,86447.0,0.8831126562773916,0.9031753476949698,0.7499395827580057,0.7498512078582773,0.7498942891758311,0.0006439252013373774,0.0005062964295253876,0.001381603251766817,0.0013778051819216745,0.001379769952580194,0.9529359492489397,0.9221049622794745,0.7506584666858228,0.7504862807888025,0.7505719284955346
beagle,15%,5, 20%~30%,57340.0,0.8250471803835703,0.8771148177873312,0.7504817224007043,0.7505559987011722,0.750518473742478,0.0007938991019369189,0.0005185230213046708,0.0011372718216771075,0.0011345020706786295,0.0011357254488830308,0.9529359492489397,0.9221049622794745,0.7506584666858228,0.7504862807888025,0.7505719284955346
beagle,15%,5, 30%~40%,44679.0,0.7861005463816798,0.8485959423726229,0.7503204862683325,0.7504946699908528,0.7504072470704414,0.001145777450118503,0.000778856135957902,0.0013436133312134733,0.0013390853709855015,0.0013413186956616387,0.9529359492489397,0.9221049622794745,0.7506584666858228,0.7504862807888025,0.7505719284955346
beagle,15%,5, 40%~50%,41359.0,0.766017275363566,0.8282520041767437,0.7502113145349997,0.7504316677667159,0.7503206497830757,0.001687501324560927,0.0011683463905302206,0.001796647264939208,0.0017990162368341934,0.0017977258562814243,0.9529359492489397,0.9221049622794745,0.7506584666858228,0.7504862807888025,0.7505719284955346
beagle,15%,5, Overall,1134630.0,0.9529359492489397,0.9221049622794745,0.7506584666858228,0.7504862807888025,0.7505719284955346,0.0002576554070871038,0.0004096017761432395,0.0013727704746346893,0.0013684654178428934,0.0013706449633900494,0.9529359492489397,0.9221049622794745,0.7506584666858228,0.7504862807888025,0.7505719284955346
beagle,25%,5, 0.1%~0.5%,305740.0,0.9959385580978992,0.8924022189975491,0.7470425116503043,0.7396543624983339,0.7432782727445018,4.924461808025298e-05,0.0011809418221533532,0.0033197194237340045,0.0031996945770369056,0.003257118239682377,0.952423470275403,0.9199329614802579,0.7488560989140031,0.7482171386176217,0.7485344102253363
beagle,25%,5, 0.5%~1%,200027.0,0.9924863628834695,0.9056825528504708,0.7463695825312398,0.7427320270613498,0.7445146173659284,6.554568094690665e-05,0.0006765502534145894,0.0022803449989540875,0.0022630567390969623,0.0022669343002768095,0.952423470275403,0.9199329614802579,0.7488560989140031,0.7482171386176217,0.7485344102253363
beagle,25%,5, 1%~10%,399038.0,0.9708384977658341,0.9197770519334035,0.7477928781723664,0.7463798700759106,0.7470794298889043,0.0004124291171328022,0.0010288521645141187,0.0036617905110145166,0.003642968499452216,0.0036499700943884972,0.952423470275403,0.9199329614802579,0.7488560989140031,0.7482171386176217,0.7485344102253363
beagle,25%,5, 10%~20%,86447.0,0.8824496860520251,0.9014071789900764,0.7489696965773384,0.7487363940504302,0.7488510343846858,0.0009972271511115283,0.0007813816468071248,0.0021322913642846967,0.0021307992040275462,0.0021309735602648224,0.952423470275403,0.9199329614802579,0.7488560989140031,0.7482171386176217,0.7485344102253363
beagle,25%,5, 20%~30%,57340.0,0.8235974418042291,0.8749475383559373,0.7485054737995679,0.7486509973792127,0.7485766180616876,0.0015575850039463595,0.0010288321809623908,0.002235590710672945,0.002222480831874411,0.002229371773368578,0.952423470275403,0.9199329614802579,0.7488560989140031,0.7482171386176217,0.7485344102253363
beagle,25%,5, 30%~40%,44679.0,0.7853476471836234,0.8468285065669795,0.7493252079464939,0.749697672341858,0.7495099467572713,0.0018649444459772875,0.0012682454991981096,0.00217714344955886,0.0021736132688024486,0.002175443762559078,0.952423470275403,0.9199329614802579,0.7488560989140031,0.7482171386176217,0.7485344102253363
beagle,25%,5, 40%~50%,41359.0,0.7646633693765104,0.8259981238850608,0.7485450918440989,0.7490284384485856,0.7487831562108253,0.00226573274956652,0.0015784716812723362,0.0024219122160814947,0.002412477709355616,0.00242003718617096,0.952423470275403,0.9199329614802579,0.7488560989140031,0.7482171386176217,0.7485344102253363
beagle,25%,5, Overall,1134630.0,0.952423470275403,0.9199329614802579,0.7488560989140031,0.7482171386176217,0.7485344102253363,0.0004758955296090534,0.0007493217487806607,0.0025400845170113896,0.0025290337943681966,0.002534409714319499,0.952423470275403,0.9199329614802579,0.7488560989140031,0.7482171386176217,0.7485344102253363
beagle,5%,6, 0.1%~0.5%,283847.0,0.9961418905219576,0.9130392103357273,0.7508464664343791,0.7515263822969255,0.7511740951874769,4.0798742902837715e-05,0.0009002226112876933,0.002626522334104546,0.002622043246127243,0.002622836706042047,0.9499247281696631,0.9240857826541927,0.7494514555992793,0.7494441945647209,0.7494477492484785
beagle,5%,6, 0.5%~1%,189041.0,0.9927524993086142,0.9323775633747892,0.7504341771707362,0.7508951201852946,0.7506548240620973,0.00011231841584111911,0.0010435339685799106,0.0038766018337065993,0.0038878570549577413,0.0038783079063263786,0.9499247281696631,0.9240857826541927,0.7494514555992793,0.7494441945647209,0.7494477492484785
beagle,5%,6, 1%~10%,403807.0,0.970304392833476,0.9291100171023574,0.749885961718275,0.749787741623455,0.7498365092769307,0.00024016701811181335,0.0005676882142476387,0.0020320252299323447,0.002030878164205603,0.002031426211932747,0.9499247281696631,0.9240857826541927,0.7494514555992793,0.7494441945647209,0.7494477492484785
beagle,5%,6, 10%~20%,91320.0,0.8816765179563278,0.9038835316740569,0.7488931980777763,0.748873521235277,0.7488824236013883,0.0005739073009195814,0.0004694068018484827,0.0012182309579174373,0.0012170540795681099,0.001217489232834854,0.9499247281696631,0.9240857826541927,0.7494514555992793,0.7494441945647209,0.7494477492484785
beagle,5%,6, 20%~30%,60752.0,0.824390474202,0.8777292289666597,0.7492288272009308,0.7492471297927459,0.7492375972552147,0.0009770145946175382,0.0006463429808967749,0.0013940330005967237,0.0013960275641912462,0.0013945786916548571,0.9499247281696631,0.9240857826541927,0.7494514555992793,0.7494441945647209,0.7494477492484785
beagle,5%,6, 30%~40%,48948.0,0.78542141356291,0.8500691357254775,0.7493107448781062,0.7493495578159637,0.7493300740099874,0.0006122522953657018,0.0004058845491955801,0.0007148984801739108,0.0007151195483586381,0.0007150158977304897,0.9499247281696631,0.9240857826541927,0.7494514555992793,0.7494441945647209,0.7494477492484785
beagle,5%,6, 40%~50%,41091.0,0.7665934143078954,0.8303775276189794,0.7493443060251755,0.7493972770565019,0.7493698860407588,0.0011055061876869064,0.0007689035107668787,0.001190249338736305,0.0011870092623261239,0.0011893830059398714,0.9499247281696631,0.9240857826541927,0.7494514555992793,0.7494441945647209,0.7494477492484785
beagle,5%,6, Overall,1118806.0,0.9499247281696631,0.9240857826541927,0.7494514555992793,0.7494441945647209,0.7494477492484785,0.00027545623758100976,0.0004120046111750727,0.0013799466653395937,0.001379964794005643,0.0013800268817795761,0.9499247281696631,0.9240857826541927,0.7494514555992793,0.7494441945647209,0.7494477492484785
beagle,15%,6, 0.1%~0.5%,283847.0,0.9960497114060042,0.9077944339318483,0.7478259621698139,0.7482228581918369,0.7480140520073281,1.2970340330009957e-05,0.0003381879659492389,0.0008686162244034575,0.0009056066097227934,0.000887444445137839,0.9496081755562121,0.922795963053891,0.7484422077751055,0.7482817634727885,0.7483615152504376
beagle,15%,6, 0.5%~1%,189041.0,0.992603873748755,0.9279957508264168,0.7485586613763705,0.747526347516585,0.7480387988203617,3.608851155958629e-06,6.72040989812719e-05,0.00014158901914727723,0.0001530123973881181,0.00014812619362717893,0.9496081755562121,0.922795963053891,0.7484422077751055,0.7482817634727885,0.7483615152504376
beagle,15%,6, 1%~10%,403807.0,0.969963696877453,0.9270009624741536,0.7482965789628785,0.747757274615723,0.748023654847975,0.00012791118207873813,0.00024505996053979674,0.001076332940456146,0.0010754712410799769,0.001078231645556674,0.9496081755562121,0.922795963053891,0.7484422077751055,0.7482817634727885,0.7483615152504376
beagle,15%,6, 10%~20%,91320.0,0.8813857397516331,0.9028463503957033,0.7485941638018443,0.7485256650588991,0.7485595485147165,0.0003430493583387286,0.00026276609174017443,0.0007276710003376339,0.0007292909599997653,0.0007285271167194986,0.9496081755562121,0.922795963053891,0.7484422077751055,0.7482817634727885,0.7483615152504376
beagle,15%,6, 20%~30%,60752.0,0.8234990276494051,0.8763138043604712,0.7480478148468456,0.7481135023697615,0.7480796134189743,0.00047372545905597697,0.00029262772077635587,0.000681534310829385,0.0006828725872944377,0.0006811584772683212,0.9496081755562121,0.922795963053891,0.7484422077751055,0.7482817634727885,0.7483615152504376
beagle,15%,6, 30%~40%,48948.0,0.7845082073078665,0.848631049378429,0.7482060413226486,0.74835328142626,0.7482782372126285,0.0003706377291758886,0.0002499490464361006,0.00043556392959406923,0.0004326272537073729,0.00043477761559717297,0.9496081755562121,0.922795963053891,0.7484422077751055,0.7482817634727885,0.7483615152504376
beagle,15%,6, 40%~50%,41091.0,0.7656950712411499,0.8287952117822422,0.7482660535394915,0.7484689139057137,0.7483672236259139,0.000437378255320188,0.00029267021350553647,0.000470861261021111,0.0004696622082133073,0.00047029922443330053,0.9496081755562121,0.922795963053891,0.7484422077751055,0.7482817634727885,0.7483615152504376
beagle,15%,6, Overall,1118806.0,0.9496081755562121,0.922795963053891,0.7484422077751055,0.7482817634727885,0.7483615152504376,4.9913012742437525e-05,6.844291029700636e-05,0.00025295304315718365,0.00025312615996330237,0.0002530619497658425,0.9496081755562121,0.922795963053891,0.7484422077751055,0.7482817634727885,0.7483615152504376
beagle,25%,6, 0.1%~0.5%,283847.0,0.9958722518727098,0.892269928114501,0.7463749768250597,0.738894735469091,0.7425386088176552,4.307242700725016e-05,0.0009577644743424774,0.002835051846320164,0.0028182907036794994,0.0028457638906303154,0.9495575206582206,0.9214803598512167,0.7490448498135803,0.7484545933271852,0.7487479114863879
beagle,25%,6, 0.5%~1%,189041.0,0.9924486911789021,0.9223389886081299,0.7478874243737352,0.7439604901969091,0.745899436136542,9.527594446020773e-05,0.0007935122710319452,0.003388593602057303,0.0033410026331379458,0.003367702665527701,0.9495575206582206,0.9214803598512167,0.7490448498135803,0.7484545933271852,0.7487479114863879
beagle,25%,6, 1%~10%,403807.0,0.9698415545508235,0.9249309109585019,0.7489162891775424,0.7475557351141481,0.7482321542693918,0.00036785149082107013,0.0008461017623272552,0.003133635421366291,0.003123298602271999,0.0031285087470021094,0.9495575206582206,0.9214803598512167,0.7490448498135803,0.7484545933271852,0.7487479114863879
beagle,25%,6, 10%~20%,91320.0,0.8813060467321421,0.9016564768133165,0.7488406929255271,0.7486492864763395,0.7487435850287394,0.001282914897933778,0.0010111908756677338,0.002733766623883921,0.002719666179837396,0.0027269557953151988,0.9495575206582206,0.9214803598512167,0.7490448498135803,0.7484545933271852,0.7487479114863879
beagle,25%,6, 20%~30%,60752.0,0.8238314268518973,0.8755167496016442,0.7485935745002704,0.7487326400710633,0.7486613961405456,0.001751598319015527,0.0011650421028899399,0.0025093169591170533,0.002503280059322082,0.002506725309844348,0.9495575206582206,0.9214803598512167,0.7490448498135803,0.7484545933271852,0.7487479114863879
beagle,25%,6, 30%~40%,48948.0,0.7855710252715875,0.8481875283443653,0.7493567098537112,0.7496760981444602,0.749515445306787,0.002832671805703679,0.001899072033443611,0.0033198915313550318,0.0033122087840539625,0.003316192351525042,0.9495575206582206,0.9214803598512167,0.7490448498135803,0.7484545933271852,0.7487479114863879
beagle,25%,6, 40%~50%,41091.0,0.7658755726532217,0.8276360659268045,0.7482519646098064,0.7487045950923706,0.7484768127935149,0.002467567611600216,0.0017230719157269737,0.002661705328893555,0.0026490763931359055,0.0026554411164421824,0.9495575206582206,0.9214803598512167,0.7490448498135803,0.7484545933271852,0.7487479114863879
beagle,25%,6, Overall,1118806.0,0.9495575206582206,0.9214803598512167,0.7490448498135803,0.7484545933271852,0.7487479114863879,0.0005463143951667765,0.0008086256898401548,0.0027527192602252093,0.0027413649813271906,0.0027470525304538517,0.9495575206582206,0.9214803598512167,0.7490448498135803,0.7484545933271852,0.7487479114863879
beagle,5%,7, 0.1%~0.5%,268202.0,0.9961506275905446,0.9176319148646911,0.7506350771878417,0.7513569511127987,0.7509918659709586,2.1615661495037043e-05,0.0005208763760050065,0.0014084662247986482,0.0014318163626749268,0.0014238676020812476,0.9518273964985694,0.9246788199691497,0.7498891135931806,0.749875367294719,0.7498819673986518
beagle,5%,7, 0.5%~1%,178023.0,0.9929049768116788,0.9292897443242314,0.7517388165324256,0.7522359036447853,0.7519855865596016,4.469125977727837e-05,0.0004521949931097906,0.0015659557380108082,0.0015720885997299637,0.001570386054380278,0.9518273964985694,0.9246788199691497,0.7498891135931806,0.749875367294719,0.7498819673986518
beagle,5%,7, 1%~10%,368386.0,0.9706906935943375,0.9295420104224273,0.7500947698842922,0.7499667917480574,0.7500303806359522,0.00011483565328011507,0.0002570961941168785,0.0009810348591143137,0.0009803102024298531,0.000980759936340291,0.9518273964985694,0.9246788199691497,0.7498891135931806,0.749875367294719,0.7498819673986518
beagle,5%,7, 10%~20%,80361.0,0.8831672742150287,0.9055238193123758,0.7499113794777901,0.749886928762345,0.7498987616989484,0.0003612684735047122,0.00027532450458121565,0.0007749413261623023,0.0007720955505559961,0.000773655710220575,0.9518273964985694,0.9246788199691497,0.7498891135931806,0.749875367294719,0.7498819673986518
beagle,5%,7, 20%~30%,54503.0,0.8245791844529808,0.8783474381693638,0.7488711943435801,0.7488920793418773,0.748878885546922,0.0008364112651509156,0.0005662269414084773,0.0011983811318252542,0.0011968128478867255,0.0011975278457123804,0.9518273964985694,0.9246788199691497,0.7498891135931806,0.749875367294719,0.7498819673986518
beagle,5%,7, 30%~40%,42095.0,0.7861167728074783,0.8497107344215044,0.7498432252614083,0.7498944445620825,0.7498682709826099,0.0009257856596046042,0.0006334956607867524,0.0010826356424328885,0.0010816641422884174,0.0010817485982870054,0.9518273964985694,0.9246788199691497,0.7498891135931806,0.749875367294719,0.7498819673986518
beagle,5%,7, 40%~50%,36391.0,0.7671467398222634,0.8306508828235893,0.7500852284081031,0.7501471534191487,0.7501154729689278,0.0008585812656409392,0.0005927968349410241,0.000921913637994373,0.0009216532557133179,0.000920936017845937,0.9518273964985694,0.9246788199691497,0.7498891135931806,0.749875367294719,0.7498819673986518
beagle,5%,7, Overall,1027961.0,0.9518273964985694,0.9246788199691497,0.7498891135931806,0.749875367294719,0.7498819673986518,0.00015936721627382726,0.00023803048113335323,0.0008283110981133561,0.0008290931534989505,0.0008287595087130232,0.9518273964985694,0.9246788199691497,0.7498891135931806,0.749875367294719,0.7498819673986518
beagle,15%,7, 0.1%~0.5%,268202.0,0.9960734247475105,0.9126688373348818,0.748729297170458,0.749092921105681,0.7489085340696987,2.457005921514188e-05,0.0005046186246759546,0.0015872398234071331,0.0015589625278698371,0.0015744146394036996,0.9516202160860533,0.923404817598895,0.7494867422036039,0.7492770869679685,0.7493814238063744
beagle,15%,7, 0.5%~1%,178023.0,0.9927297527319263,0.9240111656171498,0.7492719469916719,0.7481186654247636,0.7486890574238049,7.735055752648099e-05,0.000754135796331881,0.002716535911935464,0.0027130342504684403,0.0027122232095731463,0.9516202160860533,0.923404817598895,0.7494867422036039,0.7492770869679685,0.7493814238063744
beagle,15%,7, 1%~10%,368386.0,0.9703848721746008,0.9272946730613176,0.7489855381358882,0.748317766941725,0.7486499474344218,0.00020374581701971083,0.00045864560109382303,0.0017566417651750047,0.0017508230254530141,0.0017541234669022552,0.9516202160860533,0.923404817598895,0.7494867422036039,0.7492770869679685,0.7493814238063744
beagle,15%,7, 10%~20%,80361.0,0.882847345901682,0.904329334887631,0.7496062529613376,0.7495097192892448,0.7495576011964674,0.00024007921092943687,0.00017886618466366033,0.0005217983076544298,0.000524282416938866,0.0005230645478865022,0.9516202160860533,0.923404817598895,0.7494867422036039,0.7492770869679685,0.7493814238063744
beagle,15%,7, 20%~30%,54503.0,0.825317786369918,0.8779221650250354,0.7500331105919898,0.7500991133153502,0.7500652553679412,0.0005085707488839792,0.0003389836474157613,0.0007280620063412884,0.0007284954412838174,0.0007282783749503702,0.9516202160860533,0.923404817598895,0.7494867422036039,0.7492770869679685,0.7493814238063744
beagle,15%,7, 30%~40%,42095.0,0.7852552114077173,0.8481370314165854,0.748777984322578,0.7489628642126173,0.7488699946541786,0.0008363378873672601,0.0005656397375931574,0.0009754451158683793,0.0009772555471793567,0.0009762000897318941,0.9516202160860533,0.923404817598895,0.7494867422036039,0.7492770869679685,0.7493814238063744
beagle,15%,7, 40%~50%,36391.0,0.7664132613465654,0.829096396321367,0.7491654402017579,0.7493986314489343,0.7492809311857758,0.0007534340381650745,0.0005125230017355599,0.00081330251653866,0.0008097412254841952,0.0008120629021379682,0.9516202160860533,0.923404817598895,0.7494867422036039,0.7492770869679685,0.7493814238063744
beagle,15%,7, Overall,1027961.0,0.9516202160860533,0.923404817598895,0.7494867422036039,0.7492770869679685,0.7493814238063744,0.00017415342687089226,0.0002639127630755357,0.0009097235417848015,0.0009066804046491921,0.0009082290009634747,0.9516202160860533,0.923404817598895,0.7494867422036039,0.7492770869679685,0.7493814238063744
beagle,25%,7, 0.1%~0.5%,268202.0,0.99585738248914,0.8965001567774227,0.745388889356971,0.7374186289708025,0.7413216942849373,2.6429181985887735e-05,0.0005134708451776375,0.0017231187466866561,0.0016721224591141402,0.00170030223703025,0.9513326274408809,0.921569028352183,0.7489773538828394,0.748269531026207,0.7486210220629633
beagle,25%,7, 0.5%~1%,178023.0,0.9925233169519606,0.9171610031600755,0.7470354702303946,0.7427764423350275,0.7448753040306814,0.00010411387736159212,0.0010014685057285516,0.0036964226691332254,0.0036344205722864046,0.0036702057477257183,0.9513326274408809,0.921569028352183,0.7489773538828394,0.748269531026207,0.7486210220629633
beagle,25%,7, 1%~10%,368386.0,0.9701625857712468,0.924794772676567,0.7489560759008563,0.7473617075314308,0.748153577670522,0.00025760889341129025,0.0006053628900273555,0.0022349068333442214,0.002219697868166119,0.0022276536156412416,0.9513326274408809,0.921569028352183,0.7489773538828394,0.748269531026207,0.7486210220629633
beagle,25%,7, 10%~20%,80361.0,0.8824826260473001,0.9028128882497635,0.7493004885369897,0.7490564073016089,0.7491762006895778,0.001343121611918394,0.001049396390647651,0.0028921518205678154,0.0028750293161484567,0.00288440447707912,0.9513326274408809,0.921569028352183,0.7489773538828394,0.748269531026207,0.7486210220629633
beagle,25%,7, 20%~30%,54503.0,0.8244900043525005,0.8761356273502979,0.7489543222507802,0.7490929557776135,0.7490214558030376,0.0012693243928273389,0.0008559962076517799,0.0018315655155071952,0.0018167633450527178,0.0018245278850562642,0.9513326274408809,0.921569028352183,0.7489773538828394,0.748269531026207,0.7486210220629633
beagle,25%,7, 30%~40%,42095.0,0.7847485115371396,0.8464106064725704,0.7480594222632235,0.7484620796920867,0.748258954776701,0.0016276975338751544,0.0010789708006728011,0.001916882311731998,0.0019054082317656207,0.001910834773506587,0.9513326274408809,0.921569028352183,0.7489773538828394,0.748269531026207,0.7486210220629633
beagle,25%,7, 40%~50%,36391.0,0.7657731568401621,0.827244969504692,0.7482413874868481,0.7487551590214463,0.7484970498607578,0.0013006501593968705,0.0008853811788945205,0.0014078960891566342,0.0013968701352655437,0.00140240820380906,0.9513326274408809,0.921569028352183,0.7489773538828394,0.748269531026207,0.7486210220629633
beagle,25%,7, Overall,1027961.0,0.9513326274408809,0.921569028352183,0.7489773538828394,0.748269531026207,0.7486210220629633,0.0003853055222028449,0.0005839568487786564,0.002019999383732146,0.00200629656401391,0.002013138561600429,0.9513326274408809,0.921569028352183,0.7489773538828394,0.748269531026207,0.7486210220629633
beagle,5%,8, 0.1%~0.5%,260991.0,0.9961674838672695,0.9218793100623263,0.7508567113390958,0.7515519047508304,0.7511988163315478,2.2704331866561167e-05,0.00043867811753937495,0.0014862671812642214,0.0015013174037612443,0.001492572849841636,0.9536212683671877,0.9239616460547354,0.7504061980078065,0.7503967823152639,0.7504014237043357
beagle,5%,8, 0.5%~1%,166668.0,0.9928183464266126,0.9253949835640557,0.7516693956753354,0.7521569502244358,0.751911457789659,9.815425482873008e-05,0.0010019463601896204,0.0033977612723218964,0.003402918545710611,0.003400331412290055,0.9536212683671877,0.9239616460547354,0.7504061980078065,0.7503967823152639,0.7504014237043357
beagle,5%,8, 1%~10%,348205.0,0.9712699908778952,0.9249117102551567,0.7510555973899072,0.7509440972327552,0.7509988816915764,0.00019889952052772327,0.0005299975568042946,0.0017368254928320419,0.0017312159374785374,0.0017336143453328056,0.9536212683671877,0.9239616460547354,0.7504061980078065,0.7503967823152639,0.7504014237043357
beagle,5%,8, 10%~20%,73289.0,0.8839883516860287,0.9059416668140253,0.7506659874086833,0.7506434033242527,0.7506541693886989,0.0002430102830790377,0.00017472372407031716,0.000521680713392578,0.0005247987498576002,0.0005226065524028647,0.9536212683671877,0.9239616460547354,0.7504061980078065,0.7503967823152639,0.7504014237043357
beagle,5%,8, 20%~30%,47533.0,0.8251636905607063,0.8783074961140094,0.7500382143055958,0.7500566901126454,0.7500470578132452,0.0005503792326984891,0.0003570184708466543,0.0007893904024991372,0.0007891282186926323,0.0007890220205423609,0.9536212683671877,0.9239616460547354,0.7504061980078065,0.7503967823152639,0.7504014237043357
beagle,5%,8, 30%~40%,37876.0,0.7867100448250786,0.8505224925604601,0.7499522024651903,0.7499964313720578,0.7499734530390422,0.0007378965728817123,0.000480141432655266,0.0008626510019374484,0.0008651281712987079,0.0008645737206031926,0.9536212683671877,0.9239616460547354,0.7504061980078065,0.7503967823152639,0.7504014237043357
beagle,5%,8, 40%~50%,33416.0,0.766548579295211,0.830157622486002,0.7495690463069784,0.749629460194892,0.7495991785319336,0.0009216988528273075,0.0006321916147023313,0.000989539891185909,0.0009886930654018002,0.000989153261706924,0.9536212683671877,0.9239616460547354,0.7504061980078065,0.7503967823152639,0.7504014237043357
beagle,5%,8, Overall,967978.0,0.9536212683671877,0.9239616460547354,0.7504061980078065,0.7503967823152639,0.7504014237043357,0.00018630455802174755,0.0002932406972693318,0.0010049694173812447,0.0010054111122708095,0.0010051446776208795,0.9536212683671877,0.9239616460547354,0.7504061980078065,0.7503967823152639,0.7504014237043357
beagle,15%,8, 0.1%~0.5%,260991.0,0.9960846854855392,0.9172795445689218,0.7483877986992237,0.7486742374347551,0.7485288469943593,2.710009716787879e-05,0.0004585719256501364,0.0017763202273415387,0.0018114068264862696,0.0017935188296597157,0.9533160000355202,0.9225422691548304,0.7494074183499871,0.749213314143875,0.7493100034410999
beagle,15%,8, 0.5%~1%,166668.0,0.99261710849279,0.9199679414430246,0.7480729513471318,0.7470683939994659,0.7475683284336206,8.633024942817093e-05,0.0008788115313692555,0.0029828211899464814,0.002997269464980732,0.0029897549483278397,0.9533160000355202,0.9225422691548304,0.7494074183499871,0.749213314143875,0.7493100034410999
beagle,15%,8, 1%~10%,348205.0,0.9710079735563609,0.9226968274097781,0.7501547645366564,0.7495521748536293,0.7498521069237332,0.00012834722382239764,0.00033684894723081586,0.0011142851434069547,0.0011144618948759246,0.0011139670894483064,0.9533160000355202,0.9225422691548304,0.7494074183499871,0.749213314143875,0.7493100034410999
beagle,15%,8, 10%~20%,73289.0,0.882918209402812,0.9041955312010556,0.7487316635280331,0.7486387697619731,0.7486842151550727,0.0005166669446896962,0.00038896029645021045,0.0011125551565039466,0.0011138289109853781,0.0011126575116360696,0.9533160000355202,0.9225422691548304,0.7494074183499871,0.749213314143875,0.7493100034410999
beagle,15%,8, 20%~30%,47533.0,0.824513325236497,0.8769623449183789,0.7492142094378554,0.7492818261841827,0.7492474236076191,0.0007158591684025979,0.00048009107061789465,0.0010233842213686456,0.001020215383655414,0.0010217007186488422,0.9533160000355202,0.9225422691548304,0.7494074183499871,0.749213314143875,0.7493100034410999
beagle,15%,8, 30%~40%,37876.0,0.7860092723356759,0.8490859923134298,0.7490792906966673,0.7492520928397742,0.7491654264214721,0.0014138769886886534,0.0009353347600774918,0.0016519060981803294,0.0016555558872875915,0.0016537509904366874,0.9533160000355202,0.9225422691548304,0.7494074183499871,0.749213314143875,0.7493100034410999
beagle,15%,8, 40%~50%,33416.0,0.7661529065711711,0.8288228891553922,0.7490143177690282,0.7492453491992515,0.7491291451289777,0.0012819363797454272,0.000887461795148701,0.0013735393575105355,0.0013749617034435845,0.0013739904234002876,0.9533160000355202,0.9225422691548304,0.7494074183499871,0.749213314143875,0.7493100034410999
beagle,15%,8, Overall,967978.0,0.9533160000355202,0.9225422691548304,0.7494074183499871,0.749213314143875,0.7493100034410999,0.0002006009465046912,0.00031950624753382953,0.0010788345797708503,0.0010806695259589483,0.0010797405758984618,0.9533160000355202,0.9225422691548304,0.7494074183499871,0.749213314143875,0.7493100034410999
beagle,25%,8, 0.1%~0.5%,260991.0,0.9958872319840056,0.9025460203376451,0.7459452333059301,0.7382191037839153,0.7420091436648227,3.570800985700548e-05,0.0006335645062521966,0.002399271850278637,0.002379900840353763,0.0023897836365809814,0.9527932333858965,0.9203375781885333,0.747550261288079,0.7468734056348213,0.7472094199226621
beagle,25%,8, 0.5%~1%,166668.0,0.992420197520549,0.9131559294458335,0.7459335606667937,0.7420566856861642,0.7439727576583269,0.00010745227140917335,0.0011481152218545188,0.0037547139610238137,0.003708062118724992,0.0037310752165289414,0.9527932333858965,0.9203375781885333,0.747550261288079,0.7468734056348213,0.7472094199226621
beagle,25%,8, 1%~10%,348205.0,0.9704644254749266,0.9193369248746946,0.7471681339863169,0.7457287790857617,0.7464418784603067,0.00015161743034830907,0.0003746172422247284,0.0013186662823658941,0.0013073731015182167,0.0013151401735881257,0.9527932333858965,0.9203375781885333,0.747550261288079,0.7468734056348213,0.7472094199226621
beagle,25%,8, 10%~20%,73289.0,0.8820515603444399,0.902377906111613,0.7473091571481184,0.7470850812631916,0.7471955263755431,0.0008375168634269938,0.0006330699218290502,0.0018216796556017702,0.001808364704553042,0.0018153266511555866,0.9527932333858965,0.9203375781885333,0.747550261288079,0.7468734056348213,0.7472094199226621
beagle,25%,8, 20%~30%,47533.0,0.8231634258923365,0.8748511791597791,0.7473881391396805,0.7475205459842247,0.747453153822089,0.0008058461062844832,0.0005752192820900273,0.0011538901935337173,0.0011462394339168825,0.001150023267028123,0.9527932333858965,0.9203375781885333,0.747550261288079,0.7468734056348213,0.7472094199226621
beagle,25%,8, 30%~40%,37876.0,0.7843364800166402,0.846672181212404,0.747000735079283,0.7473780809816791,0.7471882415061845,0.000827279846755324,0.0005251095326308661,0.0009719938533844122,0.0009698720790778029,0.0009709006005864885,0.9527932333858965,0.9203375781885333,0.747550261288079,0.7468734056348213,0.7472094199226621
beagle,25%,8, 40%~50%,33416.0,0.7649149121585314,0.8265650341244587,0.7474583484745257,0.7479618569922263,0.7477085938206747,0.0004651653527252482,0.0003341510805072794,0.0004959682268856544,0.0004992412870732577,0.0004970520712796935,0.9527932333858965,0.9203375781885333,0.747550261288079,0.7468734056348213,0.7472094199226621
beagle,25%,8, Overall,967978.0,0.9527932333858965,0.9203375781885333,0.747550261288079,0.7468734056348213,0.7472094199226621,0.00019621136134733927,0.0003123215299397262,0.0010615852022538806,0.0010523605981669613,0.0010571276826620232,0.9527932333858965,0.9203375781885333,0.747550261288079,0.7468734056348213,0.7472094199226621
beagle,5%,9, 0.1%~0.5%,201227.0,0.996095311411512,0.9224544046672656,0.7480669427921116,0.748770933324086,0.7484146059609472,2.824929907083129e-05,0.000562484989978402,0.0018394427492078853,0.001852239703032508,0.0018468756560726751,0.9527317277674386,0.9249903749018428,0.7495034153295285,0.7494815975651424,0.7494922891045648
beagle,5%,9, 0.5%~1%,129024.0,0.9927361447457099,0.9298693496894176,0.7480430462135308,0.7485226710922026,0.7482751760069478,2.549896438481612e-05,0.00018997913628097382,0.0008732300997779523,0.0008775566795878059,0.0008815438563445898,0.9527317277674386,0.9249903749018428,0.7495034153295285,0.7494815975651424,0.7494922891045648
beagle,5%,9, 1%~10%,275205.0,0.9701528776255719,0.9283971153810061,0.7493885560598376,0.749249760187137,0.7493166390399001,0.0001284880018823386,0.00030834756622609297,0.0010875943732450764,0.0010776522160159815,0.0010812408475634884,0.9527317277674386,0.9249903749018428,0.7495034153295285,0.7494815975651424,0.7494922891045648
beagle,5%,9, 10%~20%,59808.0,0.8831435074706319,0.9063257979690263,0.7496013072441682,0.7495642729693618,0.7495821395954708,0.0002263634345614651,0.00018778032008901052,0.00048106483848079067,0.0004849531768511513,0.0004836270790790077,0.9527317277674386,0.9249903749018428,0.7495034153295285,0.7494815975651424,0.7494922891045648
beagle,5%,9, 20%~30%,38318.0,0.8250274154958728,0.8785374804770432,0.7497672636873438,0.7497899435999354,0.7497779687394609,0.0007518677757033433,0.0005118380991927727,0.001071095884273463,0.0010732158541681119,0.0010725980959725588,0.9527317277674386,0.9249903749018428,0.7495034153295285,0.7494815975651424,0.7494922891045648
beagle,5%,9, 30%~40%,29405.0,0.7864741539476766,0.8506148595912176,0.749275545321062,0.7493329271703723,0.7493031489717764,0.0005873247831660952,0.00038504230097381536,0.0006915001150871313,0.000690395551673805,0.0006899348454030399,0.9527317277674386,0.9249903749018428,0.7495034153295285,0.7494815975651424,0.7494922891045648
beagle,5%,9, 40%~50%,25412.0,0.7662949572041352,0.8298052749081929,0.7494902201708769,0.7495681942711455,0.7495269768454665,0.0009122284145134349,0.0006595567028165204,0.000979939452419051,0.0009784614579869426,0.0009770964006923387,0.9527317277674386,0.9249903749018428,0.7495034153295285,0.7494815975651424,0.7494922891045648
beagle,5%,9, Overall,758399.0,0.9527317277674386,0.9249903749018428,0.7495034153295285,0.7494815975651424,0.7494922891045648,0.00011725422871235372,0.00017123173635442366,0.0006206193069498856,0.0006182490127849893,0.0006193651328859281,0.9527317277674386,0.9249903749018428,0.7495034153295285,0.7494815975651424,0.7494922891045648
beagle,15%,9, 0.1%~0.5%,201227.0,0.9960732918752578,0.919054837245195,0.7497313528813102,0.7499937360645247,0.7498583088989431,2.465300850384813e-05,0.0005008214759623982,0.0015803484629003002,0.0015981147993139196,0.001588902299989884,0.952843735784407,0.9241434053830556,0.7508363953743098,0.7505902488343623,0.750712652679583
beagle,15%,9, 0.5%~1%,129024.0,0.9927080700718712,0.9262336985200764,0.7507879051863772,0.7494829025537656,0.7501233179858747,5.980662747655334e-05,0.0004447828536531447,0.0021069777832412374,0.0020507623742333746,0.002085874006726074,0.952843735784407,0.9241434053830556,0.7508363953743098,0.7505902488343623,0.750712652679583
beagle,15%,9, 1%~10%,275205.0,0.97007725707595,0.926622858089513,0.750297057228129,0.7495848802038384,0.7499345765169599,0.0003736390883508548,0.0008562343290107055,0.003179210957612523,0.0031739689091615474,0.0031761123653374465,0.952843735784407,0.9241434053830556,0.7508363953743098,0.7505902488343623,0.750712652679583
beagle,15%,9, 10%~20%,59808.0,0.8835011580784746,0.9056044375864362,0.7507877563478633,0.7506646307286161,0.7507256174981389,0.0007694718611372108,0.0006124493920626796,0.0016466239361599664,0.0016426459855995862,0.0016444756381014177,0.952843735784407,0.9241434053830556,0.7508363953743098,0.7505902488343623,0.750712652679583
beagle,15%,9, 20%~30%,38318.0,0.8259506149955436,0.8781396727976123,0.7512121539717285,0.7512831538420631,0.7512472144833188,0.001593164819166005,0.0010749812619862383,0.0022857615568709984,0.0022806425895690353,0.002283230236456488,0.952843735784407,0.9241434053830556,0.7508363953743098,0.7505902488343623,0.750712652679583
beagle,15%,9, 30%~40%,29405.0,0.7874609411115127,0.850087894506984,0.7503827216644381,0.7505898432796361,0.7504855635041321,0.0021029463162640385,0.0014017467707788237,0.0024757713891426555,0.002470331478616967,0.002473216798188996,0.952843735784407,0.9241434053830556,0.7508363953743098,0.7505902488343623,0.750712652679583
beagle,15%,9, 40%~50%,25412.0,0.7673979459820286,0.8293049637211097,0.7505186789108187,0.7507953152824224,0.750655832277296,0.0022914449831331098,0.0015959705779105685,0.0024530238774842423,0.0024551429231697694,0.002453784639434259,0.952843735784407,0.9241434053830556,0.7508363953743098,0.7505902488343623,0.750712652679583
beagle,15%,9, Overall,758399.0,0.952843735784407,0.9241434053830556,0.7508363953743098,0.7505902488343623,0.750712652679583,0.00044694166451594316,0.0006889628681078758,0.00238005436335458,0.0023756715080127727,0.002377817196626134,0.952843735784407,0.9241434053830556,0.7508363953743098,0.7505902488343623,0.750712652679583
beagle,25%,9, 0.1%~0.5%,201227.0,0.9958087614109744,0.9027791116020302,0.7435813185211426,0.7353387651792284,0.739372027832701,1.7643609453069534e-05,0.0003814251861678333,0.0011595132469534926,0.001089287868304077,0.0011148537782245337,0.9518739104346743,0.9211085733022021,0.746757730667086,0.7459736311588555,0.7463624615662753
beagle,25%,9, 0.5%~1%,129024.0,0.9924141897299426,0.9185691288405987,0.7456562928345011,0.7412367367549667,0.7434106501707238,8.592853330657075e-05,0.0007676218383163419,0.0031078063839749654,0.0030370368881574203,0.0030716987950799345,0.9518739104346743,0.9211085733022021,0.746757730667086,0.7459736311588555,0.7463624615662753
beagle,25%,9, 1%~10%,275205.0,0.9694254235965452,0.9230516376611145,0.7467268060824162,0.7450400823859499,0.7458711783807495,0.0003040337665986331,0.0007207097894029771,0.0025760634262474123,0.002564251214190178,0.002566752736161251,0.9518739104346743,0.9211085733022021,0.746757730667086,0.7459736311588555,0.7463624615662753
beagle,25%,9, 10%~20%,59808.0,0.8814995268339887,0.902682049125154,0.7470031484678237,0.7467276837779595,0.7468622468810477,0.0011290988014215594,0.0008859476795196439,0.002432513154462051,0.0024136190682216363,0.0024220901128251633,0.9518739104346743,0.9211085733022021,0.746757730667086,0.7459736311588555,0.7463624615662753
beagle,25%,9, 20%~30%,38318.0,0.8228224005753731,0.8746136454588734,0.7468568049027047,0.7470136223550732,0.746932549787441,0.0016564726683742114,0.0011152201084558742,0.0023752813603569126,0.0023674618436968792,0.002371382667581161,0.9518739104346743,0.9211085733022021,0.746757730667086,0.7459736311588555,0.7463624615662753
beagle,25%,9, 30%~40%,29405.0,0.7836977536519077,0.8459691080331586,0.7458286631735206,0.7462822929876819,0.7460533908101331,0.0019770019649455652,0.0013381746400627152,0.002321291382703848,0.0023160718293508582,0.0023193284420956555,0.9518739104346743,0.9211085733022021,0.746757730667086,0.7459736311588555,0.7463624615662753
beagle,25%,9, 40%~50%,25412.0,0.7628826994501964,0.8244582742521981,0.7453843678140096,0.7460092761984468,0.7456946103070958,0.0025580290197761615,0.001720805095304897,0.002751086858302686,0.002741279406672366,0.0027460529565675133,0.9518739104346743,0.9211085733022021,0.746757730667086,0.7459736311588555,0.7463624615662753
beagle,25%,9, Overall,758399.0,0.9518739104346743,0.9211085733022021,0.746757730667086,0.7459736311588555,0.7463624615662753,0.0004553665774311626,0.0007083286049455275,0.0024292990431888303,0.0024138428988305944,0.0024213872760685605,0.9518739104346743,0.9211085733022021,0.746757730667086,0.7459736311588555,0.7463624615662753
beagle,5%,10, 0.1%~0.5%,229048.0,0.9960694641785944,0.9314065732673315,0.7479065710430789,0.7486002532315251,0.7482343152704409,4.945709975756648e-05,0.0008027580653682542,0.0031641053971952597,0.0031766828943165445,0.003185940643602144,0.9515905872045461,0.9254708253918045,0.7491256692961944,0.7491084804400651,0.7491167321851867
beagle,5%,10, 0.5%~1%,147682.0,0.9926329564796926,0.9448987787424779,0.7478246356907713,0.7482915801468882,0.748053205628738,3.73979733980779e-05,0.00023322502891381805,0.001265941041875137,0.001270292711892417,0.001273236520373697,0.9515905872045461,0.9254708253918045,0.7491256692961944,0.7491084804400651,0.7491167321851867
beagle,5%,10, 1%~10%,319186.0,0.9700477077793507,0.9326531433236264,0.7493338839782903,0.7492006501354617,0.7492666458055335,0.00013969967547126016,0.00029919547870636154,0.0011716354794317678,0.001167157132939958,0.0011694226599547285,0.9515905872045461,0.9254708253918045,0.7491256692961944,0.7491084804400651,0.7491167321851867
beagle,5%,10, 10%~20%,70909.0,0.8827502737804523,0.9033261319758207,0.7492426366224008,0.7492202127072666,0.7492300477556815,0.0004875345687260933,0.0004063972008607313,0.0010435872429087384,0.0010402487607949183,0.001040999179218987,0.9515905872045461,0.9254708253918045,0.7491256692961944,0.7491084804400651,0.7491167321851867
beagle,5%,10, 20%~30%,44346.0,0.8245971290286311,0.8779475496609838,0.7492175310609964,0.7492374069295388,0.7492271919247205,0.0009047051132847061,0.0006123412933974644,0.0012931223832355764,0.0012936137225982136,0.0012933861491412645,0.9515905872045461,0.9254708253918045,0.7491256692961944,0.7491084804400651,0.7491167321851867
beagle,5%,10, 30%~40%,34042.0,0.7854025695091184,0.849362450225919,0.7489413491994443,0.7489950665785168,0.7489661069300674,0.0006827460616664427,0.0004615899117040834,0.0007968371881048108,0.000797608823125307,0.0007974569781673365,0.9515905872045461,0.9254708253918045,0.7491256692961944,0.7491084804400651,0.7491167321851867
beagle,5%,10, 40%~50%,32272.0,0.7666051725730529,0.8304790050944978,0.748802201523897,0.7488708142591132,0.7488349393405122,0.0007546744925429497,0.0005112824057355939,0.0008089031172769293,0.0008114409229473611,0.0008123256846424144,0.9515905872045461,0.9254708253918045,0.7491256692961944,0.7491084804400651,0.7491167321851867
beagle,5%,10, Overall,877485.0,0.9515905872045461,0.9254708253918045,0.7491256692961944,0.7491084804400651,0.7491167321851867,9.308955593835502e-05,0.00014286288150740326,0.00048382333074199074,0.00048296666485205816,0.0004834127884474525,0.9515905872045461,0.9254708253918045,0.7491256692961944,0.7491084804400651,0.7491167321851867
beagle,15%,10, 0.1%~0.5%,229048.0,0.9960157232499768,0.9277889716390412,0.7475393225415571,0.7478071877193851,0.7476666239329788,1.869576985784214e-05,0.0002994445145335257,0.0011608753111294235,0.0012198187323163136,0.0011957391843190601,0.9516447386832224,0.9246012040546235,0.7500857401830975,0.7498620882930522,0.7499734890508156
beagle,15%,10, 0.5%~1%,147682.0,0.9925573993475414,0.9417070347650419,0.7489262475066606,0.7476529986895187,0.7482819849245389,7.956869828018605e-05,0.0005361455369088314,0.0027475779206563664,0.002748378932116834,0.0027522229860892024,0.9516447386832224,0.9246012040546235,0.7500857401830975,0.7498620882930522,0.7499734890508156
beagle,15%,10, 1%~10%,319186.0,0.9699169489893084,0.9309193251939534,0.7497253471108448,0.7490262204046343,0.7493746914066084,0.00017019352468010016,0.0003895355418390408,0.0014285574813597982,0.0014200370867538334,0.001424280980563717,0.9516447386832224,0.9246012040546235,0.7500857401830975,0.7498620882930522,0.7499734890508156
beagle,15%,10, 10%~20%,70909.0,0.8828045928517496,0.9024196210466197,0.7497092670443054,0.7496180021753265,0.749662285145432,0.0007908266478879499,0.0006353457019080363,0.0016953782206808386,0.0016963471497544768,0.0016955592833770067,0.9516447386832224,0.9246012040546235,0.7500857401830975,0.7498620882930522,0.7499734890508156
beagle,15%,10, 20%~30%,44346.0,0.8254150433704952,0.8775709340167787,0.7504873567098915,0.7505632146627499,0.7505245533287882,0.0007980203329197255,0.0005613425001286128,0.0011422365980170222,0.0011380013178532552,0.001139697935719456,0.9516447386832224,0.9246012040546235,0.7500857401830975,0.7498620882930522,0.7499734890508156
beagle,15%,10, 30%~40%,34042.0,0.7860958531133799,0.8487641120151386,0.7496907417203578,0.7498869944250671,0.7497878601997865,0.0003568945134959459,0.00025540210757912124,0.0004165972219291801,0.00041673378818433445,0.0004161125361368561,0.9516447386832224,0.9246012040546235,0.7500857401830975,0.7498620882930522,0.7499734890508156
beagle,15%,10, 40%~50%,32272.0,0.7681234381018629,0.8304487004416066,0.7502971646004482,0.7505456610147756,0.7504208448627344,0.0016740224667232408,0.0011760121425610432,0.0018037514043449678,0.0018004987443359728,0.001802373254787984,0.9516447386832224,0.9246012040546235,0.7500857401830975,0.7498620882930522,0.7499734890508156
beagle,15%,10, Overall,877485.0,0.9516447386832224,0.9246012040546235,0.7500857401830975,0.7498620882930522,0.7499734890508156,0.0002212194154387301,0.0003449619175789815,0.0011467604999410227,0.0011469109329612284,0.0011467766703218113,0.9516447386832224,0.9246012040546235,0.7500857401830975,0.7498620882930522,0.7499734890508156
beagle,25%,10, 0.1%~0.5%,229048.0,0.995847727513483,0.9153944103002609,0.7476157518994816,0.7393367781755206,0.7433950971195326,3.948826007279962e-05,0.0006667478178156538,0.0025593115779439972,0.0025181218687425288,0.002539712279069965,0.9512396230519194,0.9225937909540848,0.7489823093403968,0.7482466231838698,0.7486118753930217
beagle,25%,10, 0.5%~1%,147682.0,0.9923783759744521,0.9366954295457499,0.7479115877501817,0.7433536141946325,0.7456041918458477,0.00010578176527360399,0.0007730383080823995,0.0036762030932355545,0.0035805197335005605,0.0036290840782545893,0.9512396230519194,0.9225937909540848,0.7489823093403968,0.7482466231838698,0.7486118753930217
beagle,25%,10, 1%~10%,319186.0,0.9695768371568306,0.9282894817825084,0.7487578675851001,0.7471176754102147,0.7479321941375883,0.00032512417973925753,0.0007439837538608099,0.0027333731532312886,0.002710001375159624,0.002722016573904207,0.9512396230519194,0.9225937909540848,0.7489823093403968,0.7482466231838698,0.7486118753930217
beagle,25%,10, 10%~20%,70909.0,0.8821406096794727,0.9006558392788958,0.74873882427643,0.7485063554857588,0.7486208488560941,0.0006867849502918941,0.0005482213129957679,0.0014641817435104116,0.0014538578506301594,0.001459117744932676,0.9512396230519194,0.9225937909540848,0.7489823093403968,0.7482466231838698,0.7486118753930217
beagle,25%,10, 20%~30%,44346.0,0.8243762595746537,0.8756179964745591,0.749083494345807,0.7492411285971704,0.7491606792664715,0.0010043000636160199,0.0006657198152849289,0.0014510512426225153,0.0014394885350898774,0.0014455641334028988,0.9512396230519194,0.9225937909540848,0.7489823093403968,0.7482466231838698,0.7486118753930217
beagle,25%,10, 30%~40%,34042.0,0.785526810279615,0.8469287202650917,0.7488839493473374,0.7493142598513,0.7490966356164387,0.0006271256999043183,0.00041863534122638335,0.0007356322594050156,0.0007321813297796903,0.0007344109299634111,0.9512396230519194,0.9225937909540848,0.7489823093403968,0.7482466231838698,0.7486118753930217
beagle,25%,10, 40%~50%,32272.0,0.7659702808133401,0.8274938357921163,0.747727683592449,0.7482759900908761,0.7479992240261609,0.0009720534819918341,0.0006585589761386865,0.0010546585715731525,0.0010455282009461848,0.0010502873963730334,0.9512396230519194,0.9225937909540848,0.7489823093403968,0.7482466231838698,0.7486118753930217
beagle,25%,10, Overall,877485.0,0.9512396230519194,0.9225937909540848,0.7489823093403968,0.7482466231838698,0.7486118753930217,0.0002966265328321494,0.00045499914921681,0.0015423539535598953,0.0015314172734044527,0.001536833591549197,0.9512396230519194,0.9225937909540848,0.7489823093403968,0.7482466231838698,0.7486118753930217
beagle,5%,11, 0.1%~0.5%,223465.0,0.9962112569863684,0.9375879255964633,0.752164962118937,0.7528834096670135,0.752488023814658,1.5274189068112643e-05,0.00026415625071133454,0.0009786433406571125,0.0009846674778445671,0.0009993556390038415,0.9526738657507656,0.9287912079563089,0.7527280866829008,0.7527120271263009,0.7527199057260131
beagle,5%,11, 0.5%~1%,149989.0,0.9926973774443502,0.9483632668123768,0.7533418580026173,0.7538152123185511,0.7535592192748686,6.690134894223555e-05,0.000467645869503211,0.0022576276213032128,0.0022725076360245356,0.0022709507435211256,0.9526738657507656,0.9287912079563089,0.7527280866829008,0.7527120271263009,0.7527199057260131
beagle,5%,11, 1%~10%,309842.0,0.9714369813850666,0.9405448821390109,0.7523822843773947,0.7522499438562408,0.7523134812221218,5.649503281820315e-05,0.00010309302600566612,0.0005076733321577132,0.0005060678116786079,0.0005056704389151177,0.9526738657507656,0.9287912079563089,0.7527280866829008,0.7527120271263009,0.7527199057260131
beagle,5%,11, 10%~20%,67234.0,0.8847804235386518,0.904583540071146,0.7538126956229583,0.7537882139432531,0.7537989750563594,0.00047757846360555346,0.00036959921694925313,0.001019347616887048,0.0010174074561867753,0.001019764689205054,0.9526738657507656,0.9287912079563089,0.7527280866829008,0.7527120271263009,0.7527199057260131
beagle,5%,11, 20%~30%,43944.0,0.826532362769807,0.8794813743331032,0.7525608816588015,0.7525852477467304,0.7525707830549674,0.0007714639874874997,0.0005226518523678959,0.0011028464919678703,0.0011012672638863175,0.001101334547303082,0.9526738657507656,0.9287912079563089,0.7527280866829008,0.7527120271263009,0.7527199057260131
beagle,5%,11, 30%~40%,34708.0,0.787913007494866,0.851403365297712,0.7520311081406468,0.752079256643266,0.7520548859117132,0.0013425619684714195,0.0009028914675951503,0.0015711963180380362,0.0015690658817935595,0.0015699973226121567,0.9526738657507656,0.9287912079563089,0.7527280866829008,0.7527120271263009,0.7527199057260131
beagle,5%,11, 40%~50%,31276.0,0.7698070946417448,0.8326664414401024,0.7524829231462208,0.7525480460606313,0.752515200971208,0.001125847526808872,0.0007734329290970582,0.0012085553696824527,0.0012097918928014523,0.0012092662070212294,0.9526738657507656,0.9287912079563089,0.7527280866829008,0.7527120271263009,0.7527199057260131
beagle,5%,11, Overall,860458.0,0.9526738657507656,0.9287912079563089,0.7527280866829008,0.7527120271263009,0.7527199057260131,0.00015337099799637803,0.00022161442951482672,0.0008017345414050221,0.000799663395992959,0.000800506027511588,0.9526738657507656,0.9287912079563089,0.7527280866829008,0.7527120271263009,0.7527199057260131
beagle,15%,11, 0.1%~0.5%,223465.0,0.9961142198188191,0.933701511646595,0.748844823066903,0.7491407109615015,0.7489812054493906,5.717230706886504e-05,0.0009898274038132762,0.0037180477330972465,0.0036814733287690664,0.003703840271361591,0.9520473991919904,0.9269833610947078,0.7501153981965688,0.7499001034752476,0.7500061639696313
beagle,15%,11, 0.5%~1%,149989.0,0.99247576423454,0.9444926555024886,0.7492787398159472,0.7481216513995443,0.7486791174778208,0.00011143136949255526,0.0008006425132567782,0.003787894377380067,0.0037470444306624143,0.003774107709130456,0.9520473991919904,0.9269833610947078,0.7501153981965688,0.7499001034752476,0.7500061639696313
beagle,15%,11, 1%~10%,309842.0,0.9710373378167828,0.9384720907021387,0.7503897046398481,0.7496996704430741,0.7500356179800206,0.000406521640011775,0.0008137542383044813,0.0035675615262172255,0.003554133824957412,0.0035582409323057624,0.9520473991919904,0.9269833610947078,0.7501153981965688,0.7499001034752476,0.7500061639696313
beagle,15%,11, 10%~20%,67234.0,0.8829517648914204,0.9021636248688201,0.7502558219598424,0.7501636698424652,0.750205648734748,0.0021056955065421536,0.0017386032922634095,0.0045042734246997325,0.0045046221637910664,0.004501295397967107,0.9520473991919904,0.9269833610947078,0.7501153981965688,0.7499001034752476,0.7500061639696313
beagle,15%,11, 20%~30%,43944.0,0.8245401971445626,0.8772332806431448,0.749813979186797,0.7498929782533698,0.7498516731607698,0.0022464564843863864,0.001526987569263099,0.00321325580089824,0.0032083394096883906,0.0032096126312221654,0.9520473991919904,0.9269833610947078,0.7501153981965688,0.7499001034752476,0.7500061639696313
beagle,15%,11, 30%~40%,34708.0,0.7858968021894924,0.8490833208689056,0.7496250377841961,0.7497997798910583,0.7497118446331331,0.0016346396121887964,0.001100036771688956,0.001916706786671806,0.0019107340385047255,0.0019134161701593615,0.9520473991919904,0.9269833610947078,0.7501153981965688,0.7499001034752476,0.7500061639696313
beagle,15%,11, 40%~50%,31276.0,0.7672547340485973,0.8298151299278435,0.7496032595687158,0.7498454102410244,0.7497234779061905,0.0026838546851762784,0.001844152050948792,0.0028940392504592603,0.002886728287211999,0.0028899630702209633,0.9520473991919904,0.9269833610947078,0.7501153981965688,0.7499001034752476,0.7500061639696313
beagle,15%,11, Overall,860458.0,0.9520473991919904,0.9269833610947078,0.7501153981965688,0.7499001034752476,0.7500061639696313,0.0006095724259673464,0.0008997886598349392,0.003196718458786019,0.0031885979033387515,0.0031920547552644002,0.9520473991919904,0.9269833610947078,0.7501153981965688,0.7499001034752476,0.7500061639696313
beagle,25%,11, 0.1%~0.5%,223465.0,0.9958943902801529,0.9210511798605682,0.745593843059582,0.7372906770421536,0.7413346780448684,5.644886261751665e-05,0.0008704338934130077,0.0038119089788718804,0.0036142884890104504,0.003715085125460777,0.9514656357398793,0.9248083223194654,0.7480621785601526,0.7473485241816517,0.7477026801638624
beagle,25%,11, 0.5%~1%,149989.0,0.9922154240613894,0.9393492207374599,0.7453723244283568,0.7411861927044859,0.7432481697457156,9.121720170327235e-05,0.0006012625421096962,0.0031762755352380085,0.003087164495884315,0.0031324916698268587,0.9514656357398793,0.9248083223194654,0.7480621785601526,0.7473485241816517,0.7477026801638624
beagle,25%,11, 1%~10%,309842.0,0.9705399585114188,0.9358071500918702,0.747969086514778,0.7463214664916454,0.7471318569639323,0.00013706030457398525,0.0002798816668090895,0.0011995717505764798,0.0011860540998505842,0.0011944425577590319,0.9514656357398793,0.9248083223194654,0.7480621785601526,0.7473485241816517,0.7477026801638624
beagle,25%,11, 10%~20%,67234.0,0.8817442650496744,0.8999539608808463,0.7481281355931398,0.7479114025893295,0.7480163545754354,0.00040972389056231684,0.0003723362033277352,0.0008691736158847257,0.0008700775146465359,0.0008675308179536589,0.9514656357398793,0.9248083223194654,0.7480621785601526,0.7473485241816517,0.7477026801638624
beagle,25%,11, 20%~30%,43944.0,0.8227231881941228,0.8748193905436876,0.7472909192446351,0.7474710339235786,0.7473781949999184,0.0004119766784796385,0.00025579204370059525,0.0005926686480255051,0.0005930236779990193,0.0005937871587434296,0.9514656357398793,0.9248083223194654,0.7480621785601526,0.7473485241816517,0.7477026801638624
beagle,25%,11, 30%~40%,34708.0,0.7844295548171359,0.8467778182180664,0.7477825495345846,0.7481724827688921,0.7479750357473246,0.00045542881886672445,0.0003152754767229114,0.0005289022804581377,0.00053196575530727,0.0005290480802326495,0.9514656357398793,0.9248083223194654,0.7480621785601526,0.7473485241816517,0.7477026801638624
beagle,25%,11, 40%~50%,31276.0,0.765772935219545,0.8273577000744409,0.7477764623156243,0.7483001531564426,0.748035916023349,0.0006638927004987539,0.0004469443985323528,0.0007141201311199218,0.0007136571258674766,0.0007141942299204791,0.9514656357398793,0.9248083223194654,0.7480621785601526,0.7473485241816517,0.7477026801638624
beagle,25%,11, Overall,860458.0,0.9514656357398793,0.9248083223194654,0.7480621785601526,0.7473485241816517,0.7477026801638624,4.2254625187638996e-05,6.432611163150323e-05,0.0002203654035419782,0.00022076416856896416,0.00022102926551217917,0.9514656357398793,0.9248083223194654,0.7480621785601526,0.7473485241816517,0.7477026801638624
beagle,5%,12, 0.1%~0.5%,216817.0,0.9962011733853245,0.9324295316926395,0.7535628110897118,0.7542731697045791,0.7539103739997545,1.9351238640763717e-05,0.0004013038636232878,0.001283581894816072,0.0013004453328705613,0.0012864340628105514,0.9531412303932488,0.9267355608262114,0.7519565802010746,0.7519357451865405,0.7519456095875056
beagle,5%,12, 0.5%~1%,145381.0,0.9929283318656196,0.9335689033238043,0.7528623118458886,0.7533221687780175,0.753090269159881,4.857580238355869e-05,0.000436939225124272,0.001708106135555232,0.0017173262538833886,0.0017139907631658234,0.9531412303932488,0.9267355608262114,0.7519565802010746,0.7519357451865405,0.7519456095875056
beagle,5%,12, 1%~10%,305300.0,0.9710847399366577,0.9352484732129535,0.752490000510068,0.7523450828414976,0.752417357086697,0.00014095664640475383,0.0003161237249579374,0.0012056428728790198,0.0011995680326886836,0.001202440409412657,0.9531412303932488,0.9267355608262114,0.7519565802010746,0.7519357451865405,0.7519456095875056
beagle,5%,12, 10%~20%,65546.0,0.8837625503729093,0.9051837842419411,0.7515405333346671,0.7515144603965274,0.7515256373187823,0.00024292911957646875,0.00018566562122586446,0.0005168204262506989,0.0005186209235887132,0.0005183861135155925,0.9531412303932488,0.9267355608262114,0.7519565802010746,0.7519357451865405,0.7519456095875056
beagle,5%,12, 20%~30%,40859.0,0.8252444160884548,0.8787186792672688,0.751294562288666,0.751315410665158,0.7513017468500175,0.00028780756580601695,0.00019989603909785914,0.0004096529351583317,0.00041175322786012335,0.00040996080063984225,0.9531412303932488,0.9267355608262114,0.7519565802010746,0.7519357451865405,0.7519456095875056
beagle,5%,12, 30%~40%,33818.0,0.7872983474276417,0.8502217787539958,0.7518276846842857,0.7518782109902126,0.7518525874247386,0.00021245358979533045,0.00014589038768222248,0.00024820663843150737,0.00024729052989023103,0.0002478840896004707,0.9531412303932488,0.9267355608262114,0.7519565802010746,0.7519357451865405,0.7519456095875056
beagle,5%,12, 40%~50%,28204.0,0.7681722823700365,0.830993209900964,0.7518579989205182,0.7519323386213764,0.7518940999121329,0.0006564480052540445,0.00045509933018492556,0.0006997599492684792,0.0007019972654658068,0.0007014747013158728,0.9531412303932488,0.9267355608262114,0.7519565802010746,0.7519357451865405,0.7519456095875056
beagle,5%,12, Overall,835925.0,0.9531412303932488,0.9267355608262114,0.7519565802010746,0.7519357451865405,0.7519456095875056,4.454668636887362e-05,6.799002767769113e-05,0.00023498070464864272,0.0002329589872638938,0.00023405927814024925,0.9531412303932488,0.9267355608262114,0.7519565802010746,0.7519357451865405,0.7519456095875056
beagle,15%,12, 0.1%~0.5%,216817.0,0.9960686242309101,0.9274574919161344,0.7480924470957384,0.7483703773855311,0.7482282819281547,4.4276676721796073e-05,0.0007811593450009888,0.002885101081187013,0.002855738343493695,0.0028734383057336583,0.9524605185098678,0.9247449635004954,0.7490378737890881,0.7488167023344273,0.748926283452719
beagle,15%,12, 0.5%~1%,145381.0,0.9927357955093549,0.9286294036027668,0.7496866578728989,0.7485225057547916,0.7491016867687814,6.0153997086244074e-05,0.0006101778331988057,0.0020872645402754695,0.002111565800850539,0.0020996744983971766,0.9524605185098678,0.9247449635004954,0.7490378737890881,0.7488167023344273,0.748926283452719
beagle,15%,12, 1%~10%,305300.0,0.9704589929413484,0.9324606065624893,0.748623890974352,0.7479317323473961,0.7482754762689545,0.0003253589970500811,0.0007025680028320948,0.0028004041423560777,0.0027905819514455264,0.002794682894993616,0.9524605185098678,0.9247449635004954,0.7490378737890881,0.7488167023344273,0.748926283452719
beagle,15%,12, 10%~20%,65546.0,0.8822527214800182,0.9030620221637412,0.7486745196722276,0.7485761776034517,0.7486239166800002,0.0005250779053586151,0.0004265049048537382,0.001130513599947004,0.0011370000248257142,0.001132578167474228,0.9524605185098678,0.9247449635004954,0.7490378737890881,0.7488167023344273,0.748926283452719
beagle,15%,12, 20%~30%,40859.0,0.8233617785558304,0.8764949304373048,0.7487197707954452,0.7487944122670124,0.7487546990561382,0.0009323750626926415,0.0006126617404828236,0.0013237386294349708,0.0013200257470111563,0.0013229837281737362,0.9524605185098678,0.9247449635004954,0.7490378737890881,0.7488167023344273,0.748926283452719
beagle,15%,12, 30%~40%,33818.0,0.7848466191312161,0.8475340463809532,0.7488960208733305,0.7490969964776092,0.7489953295591527,0.002064737870862592,0.0013785520527715353,0.002413696543344288,0.0024080982377315107,0.002411420964078912,0.9524605185098678,0.9247449635004954,0.7490378737890881,0.7488167023344273,0.748926283452719
beagle,15%,12, 40%~50%,28204.0,0.7659578799328952,0.8283363553371473,0.7493456428438897,0.7496039687778425,0.749474388847649,0.0019499338362982202,0.0013502817374470254,0.002091626660698667,0.002087061570693722,0.002089452462051484,0.9524605185098678,0.9247449635004954,0.7490378737890881,0.7488167023344273,0.748926283452719
beagle,15%,12, Overall,835925.0,0.9524605185098678,0.9247449635004954,0.7490378737890881,0.7488167023344273,0.748926283452719,0.00033525042779475117,0.000512777936410922,0.0017814339441816192,0.0017782297027769413,0.0017796172095868553,0.9524605185098678,0.9247449635004954,0.7490378737890881,0.7488167023344273,0.748926283452719
beagle,25%,12, 0.1%~0.5%,216817.0,0.9958223721612801,0.9133950920077503,0.7428895244110638,0.7347688459928987,0.7387467937760759,7.37605414955988e-05,0.0011443443498092118,0.0051582341009792105,0.004943274488205655,0.005044698031368587,0.9519305969840639,0.9225177464141563,0.7472307409538143,0.7464956689950174,0.7468604875104919
beagle,25%,12, 0.5%~1%,145381.0,0.9923823777440561,0.9209492598030972,0.7421482274753369,0.7379696988665415,0.7400346651675315,0.0001810498630093672,0.0016789904374687208,0.006394830275750971,0.006194249871328444,0.006293426719750534,0.9519305969840639,0.9225177464141563,0.7472307409538143,0.7464956689950174,0.7468604875104919
beagle,25%,12, 1%~10%,305300.0,0.9700563969782677,0.9297572247672967,0.7470401158471832,0.7453917211985909,0.7462092728397574,0.0005226983533576532,0.0011019367695065474,0.004530059083033175,0.004490124642580515,0.004509137874515524,0.9519305969840639,0.9225177464141563,0.7472307409538143,0.7464956689950174,0.7468604875104919
beagle,25%,12, 10%~20%,65546.0,0.8813859843281145,0.9010965390092474,0.7472742707868806,0.7470369586665201,0.7471530790643306,0.0014199409301935443,0.0011233561935696937,0.003054130895693841,0.003035556617518491,0.0030444028236152544,0.9519305969840639,0.9225177464141563,0.7472307409538143,0.7464956689950174,0.7468604875104919
beagle,25%,12, 20%~30%,40859.0,0.8220915286553333,0.874346024947101,0.7469914847824096,0.747153830477977,0.7470702204830898,0.0010102167446053164,0.0006686161911617475,0.0014372975055885644,0.0014311016991700334,0.0014355468034031916,0.9519305969840639,0.9225177464141563,0.7472307409538143,0.7464956689950174,0.7468604875104919
beagle,25%,12, 30%~40%,33818.0,0.7838500072069973,0.8454315083876248,0.7475855870725047,0.7480257340277282,0.7478041715029531,0.002456063250271773,0.0016244359258264416,0.0028720276768781547,0.002866390872590499,0.0028691642395366423,0.9519305969840639,0.9225177464141563,0.7472307409538143,0.7464956689950174,0.7468604875104919
beagle,25%,12, 40%~50%,28204.0,0.7633740434304549,0.824961710636606,0.746291835748241,0.7468846621077763,0.7465864639441895,0.0019868186507527104,0.0013695804152362397,0.002131846041034274,0.002126282636877683,0.002129132138978406,0.9519305969840639,0.9225177464141563,0.7472307409538143,0.7464956689950174,0.7468604875104919
beagle,25%,12, Overall,835925.0,0.9519305969840639,0.9225177464141563,0.7472307409538143,0.7464956689950174,0.7468604875104919,0.0005654327268433696,0.0008437042373997936,0.0030173951084506,0.002993268613924735,0.003005337593752137,0.9519305969840639,0.9225177464141563,0.7472307409538143,0.7464956689950174,0.7468604875104919
beagle,5%,13, 0.1%~0.5%,163104.0,0.996145064581094,0.9462241236645305,0.7497730496575897,0.750468553868179,0.7501181006717297,3.6413989589782316e-05,0.00048788178531621756,0.0023453575415913926,0.0023314760180366003,0.0023399735199249195,0.951375865574537,0.9306558808314144,0.7498221920562922,0.7497995042566007,0.749809136797741
beagle,5%,13, 0.5%~1%,108108.0,0.9928750543452698,0.9561526074757462,0.7505153387267818,0.750968207205068,0.7507335464890813,0.00010747157020955624,0.0006589630349691362,0.0037465238986224914,0.003735774316339249,0.0037458131630540422,0.951375865574537,0.9306558808314144,0.7498221920562922,0.7497995042566007,0.749809136797741
beagle,5%,13, 1%~10%,225326.0,0.9705117295929276,0.9459636684095022,0.7490306520089004,0.7488921208267555,0.7489610060254916,0.00036098919679450694,0.0006446832591189421,0.003079238112573856,0.0030760965750326434,0.003077802952297628,0.951375865574537,0.9306558808314144,0.7498221920562922,0.7497995042566007,0.749809136797741
beagle,5%,13, 10%~20%,50293.0,0.882532491412742,0.9067077187672662,0.7493486382350399,0.749321389411051,0.7493336235143103,0.0012595542507350857,0.0009670902503022607,0.0026948302465367962,0.0026946052836447723,0.0026941314155490993,0.951375865574537,0.9306558808314144,0.7498221920562922,0.7497995042566007,0.749809136797741
beagle,5%,13, 20%~30%,32384.0,0.8252507458032131,0.8790886935976762,0.7500622411824516,0.7500846319135821,0.7500722995523136,0.0016075059945993046,0.00107139396288355,0.0023049006935663154,0.002299768363585745,0.002302474228666197,0.951375865574537,0.9306558808314144,0.7498221920562922,0.7497995042566007,0.749809136797741
beagle,5%,13, 30%~40%,26224.0,0.7866566467234418,0.8491989710698027,0.750318789210597,0.7503718814377436,0.7503417956018749,0.001812848213825277,0.0012272883045604127,0.002121894353108997,0.002120051236386601,0.0021223404836854297,0.951375865574537,0.9306558808314144,0.7498221920562922,0.7497995042566007,0.749809136797741
beagle,5%,13, 40%~50%,23152.0,0.7685033301713348,0.8321828833235257,0.7500561549227518,0.7501269811425204,0.750085181072802,0.00218759868593821,0.001507794017502781,0.00235258709671761,0.002352121840837049,0.0023578214501581854,0.951375865574537,0.9306558808314144,0.7498221920562922,0.7497995042566007,0.749809136797741
beagle,5%,13, Overall,628591.0,0.951375865574537,0.9306558808314144,0.7498221920562922,0.7497995042566007,0.749809136797741,0.00042023474115285433,0.000578994684748645,0.0021668401505145606,0.0021646592815805035,0.0021665552414636786,0.951375865574537,0.9306558808314144,0.7498221920562922,0.7497995042566007,0.749809136797741
beagle,15%,13, 0.1%~0.5%,163104.0,0.99604550677565,0.9426844503390637,0.7465082693576077,0.7467418141021107,0.7466197902878752,1.807763494504823e-05,0.000221488329501557,0.0011651236469927945,0.0011361755154849459,0.0011563716144718684,0.9506328837538013,0.9287384847492489,0.7466764015200226,0.7464450514524902,0.7465596073485211
beagle,15%,13, 0.5%~1%,108108.0,0.9926908279253018,0.9529542189996024,0.7477290804438536,0.7464455224843997,0.7470796184163327,9.300448849817089e-05,0.0005832543346760806,0.003273735123871057,0.003234909754553673,0.0032506719524993005,0.9506328837538013,0.9287384847492489,0.7466764015200226,0.7464450514524902,0.7465596073485211
beagle,15%,13, 1%~10%,225326.0,0.9700771248129468,0.9440353119058859,0.7468162304022901,0.7460958981392077,0.7464546558290358,0.00023755221797559756,0.0004448485526987795,0.002016714472147361,0.0020076970722667305,0.0020128316824957757,0.9506328837538013,0.9287384847492489,0.7466764015200226,0.7464450514524902,0.7465596073485211
beagle,15%,13, 10%~20%,50293.0,0.8810595512325655,0.9046751255183407,0.7465715172602835,0.746473372797647,0.746518975181952,0.001068947404614028,0.0008325282055200443,0.0022909554303181877,0.002282044059140825,0.00228563883605832,0.9506328837538013,0.9287384847492489,0.7466764015200226,0.7464450514524902,0.7465596073485211
beagle,15%,13, 20%~30%,32384.0,0.8229684063732047,0.8765917511379072,0.7468949536731136,0.7469774606417102,0.7469352833536073,0.0008520713136209875,0.0005793432240712862,0.0012154471027943422,0.0012167982882538794,0.00121582183959812,0.9506328837538013,0.9287384847492489,0.7466764015200226,0.7464450514524902,0.7465596073485211
beagle,15%,13, 30%~40%,26224.0,0.783139903771427,0.8457808600440874,0.7461238600355523,0.746333336740551,0.7462257492213462,0.0019363780454033507,0.0013052204308415367,0.00226849534400874,0.002267919735707861,0.002267661796269849,0.9506328837538013,0.9287384847492489,0.7466764015200226,0.7464450514524902,0.7465596073485211
beagle,15%,13, 40%~50%,23152.0,0.7644977852871594,0.8282795527750402,0.7455798434713322,0.7458447385749313,0.7457082290236275,0.002051605663376619,0.0014168631319695954,0.0022145933624104657,0.002211301394850956,0.0022146157948173327,0.9506328837538013,0.9287384847492489,0.7466764015200226,0.7464450514524902,0.7465596073485211
beagle,15%,13, Overall,628591.0,0.9506328837538013,0.9287384847492489,0.7466764015200226,0.7464450514524902,0.7465596073485211,0.00037061111899963547,0.0005193695427712713,0.0019077711450987752,0.0019009667311471734,0.001904294187607163,0.9506328837538013,0.9287384847492489,0.7466764015200226,0.7464450514524902,0.7465596073485211
beagle,25%,13, 0.1%~0.5%,163104.0,0.9958370197384928,0.9324259420712043,0.7438737295831208,0.7356071385663755,0.739658273574622,3.3507554382246005e-05,0.0006065733194375335,0.0022253600276746755,0.00204894478842643,0.0021360083829423827,0.9505283185109077,0.9273089028548259,0.7471498378524896,0.7463986076931454,0.7467710149440877
beagle,25%,13, 0.5%~1%,108108.0,0.9925166487270417,0.9489646436185523,0.7467998622700391,0.7422375874417352,0.7444890630719253,6.726027774545862e-05,0.0004225337363244895,0.002359025730666987,0.002345367363105524,0.0023508606100914376,0.9505283185109077,0.9273089028548259,0.7471498378524896,0.7463986076931454,0.7467710149440877
beagle,25%,13, 1%~10%,225326.0,0.9699732786542977,0.9424046371914411,0.7478453692471292,0.7461456093407106,0.7469903447521601,0.00010317342531962167,0.00014839064451907706,0.0009050562707615323,0.0008909845897455684,0.000897377579060479,0.9505283185109077,0.9273089028548259,0.7471498378524896,0.7463986076931454,0.7467710149440877
beagle,25%,13, 10%~20%,50293.0,0.8809339249186081,0.9033248739483253,0.7467819540267192,0.7465360278447628,0.7466563547393168,0.0006022511731551406,0.0004625645872625681,0.0012948700943343943,0.001292017163023639,0.001293644618248191,0.9505283185109077,0.9273089028548259,0.7471498378524896,0.7463986076931454,0.7467710149440877
beagle,25%,13, 20%~30%,32384.0,0.8223068660860547,0.8748193819774218,0.7460466559766474,0.746211251366493,0.7461241881752247,0.00024091350865601142,8.597459160932255e-05,0.00034875689437270993,0.00034959437735914567,0.0003534654702705064,0.9505283185109077,0.9273089028548259,0.7471498378524896,0.7463986076931454,0.7467710149440877
beagle,25%,13, 30%~40%,26224.0,0.7836803388724306,0.8448186836354407,0.7465905626765337,0.7470446692964193,0.7468127685782507,0.00029176029761273834,0.00015595734655099292,0.0003447053246513737,0.0003346776628895612,0.0003434134256991585,0.9505283185109077,0.9273089028548259,0.7471498378524896,0.7463986076931454,0.7467710149440877
beagle,25%,13, 40%~50%,23152.0,0.7655376426731412,0.8274475593160343,0.7464567511625123,0.7470170172480364,0.746732870945578,0.0004125869672681838,0.0002760989339233632,0.00044875110755177803,0.00044059554673631806,0.00044669976130331845,0.9505283185109077,0.9273089028548259,0.7471498378524896,0.7463986076931454,0.7467710149440877
beagle,25%,13, Overall,628591.0,0.9505283185109077,0.9273089028548259,0.7471498378524896,0.7463986076931454,0.7467710149440877,6.110218982999225e-05,7.303338226201163e-05,0.00031492687127325465,0.0003115067509154047,0.00031406794076409685,0.9505283185109077,0.9273089028548259,0.7471498378524896,0.7463986076931454,0.7467710149440877
beagle,5%,14, 0.1%~0.5%,149550.0,0.9960772643236003,0.9375302268709057,0.7467966636637144,0.7474586571280817,0.7470780487022152,7.857919767503486e-05,0.0012235194120150188,0.0050879324006322165,0.005110185863475242,0.005085559526222904,0.9530495984396384,0.9253934196199404,0.7487478966178811,0.7487278125588309,0.7487377637738236
beagle,5%,14, 0.5%~1%,98700.0,0.9926048002999707,0.9347111943623427,0.7477839044462812,0.7482386950675975,0.7480083821023822,0.00021442291033055597,0.0018913848731367143,0.007305997980252102,0.007310219239004842,0.007303753063683483,0.9530495984396384,0.9253934196199404,0.7487478966178811,0.7487278125588309,0.7487377637738236
beagle,5%,14, 1%~10%,204264.0,0.9706506210283697,0.9307116786116953,0.7491548688681805,0.7490190265965365,0.7490853825900395,0.0004110603207018697,0.0009442836808403181,0.003521862437604681,0.0035155027220812197,0.0035192849776595576,0.9530495984396384,0.9253934196199404,0.7487478966178811,0.7487278125588309,0.7487377637738236
beagle,5%,14, 10%~20%,42284.0,0.8819882191983496,0.9078023544774334,0.7479712599152087,0.7479350842806379,0.7479522117386481,0.0010384937373006068,0.0007799453073760559,0.0022264837688916444,0.002226064959883886,0.0022251303101265695,0.9530495984396384,0.9253934196199404,0.7487478966178811,0.7487278125588309,0.7487377637738236
beagle,5%,14, 20%~30%,28921.0,0.8237214887511625,0.8756250025611139,0.7490460161954058,0.7490733901202001,0.7490595542114268,0.0017482299073368057,0.0012058899213777219,0.002486028476790579,0.0024873585900001233,0.002486504574921252,0.9530495984396384,0.9253934196199404,0.7487478966178811,0.7487278125588309,0.7487377637738236
beagle,5%,14, 30%~40%,21685.0,0.7845873614399982,0.8478353912991717,0.7486148313903218,0.7486742897963659,0.7486442628652955,0.002230281582175921,0.0015244003850233099,0.0026051428136793153,0.002602052112532862,0.002603866337865019,0.9530495984396384,0.9253934196199404,0.7487478966178811,0.7487278125588309,0.7487377637738236
beagle,5%,14, 40%~50%,18872.0,0.7656831346228961,0.8294051919136879,0.7488827800912373,0.7489574736455101,0.7489200458889081,0.0022306112577793968,0.0015443359598634422,0.0023918304872138593,0.002390064716351584,0.002390996901043151,0.9530495984396384,0.9253934196199404,0.7487478966178811,0.7487278125588309,0.7487377637738236
beagle,5%,14, Overall,564276.0,0.9530495984396384,0.9253934196199404,0.7487478966178811,0.7487278125588309,0.7487377637738236,0.0005327040539744842,0.0008318456476486653,0.0028541844093669905,0.0028525588227629566,0.002853321033358621,0.9530495984396384,0.9253934196199404,0.7487478966178811,0.7487278125588309,0.7487377637738236
beagle,15%,14, 0.1%~0.5%,149550.0,0.9959828026538423,0.9335378475059392,0.7437636304547866,0.7439608202074401,0.7438439782643602,2.3783445175843152e-05,0.0003141653393654991,0.0015297835485420705,0.0016443031194460515,0.0015992563751365,0.9524779898763418,0.923521853563135,0.7463784299298166,0.7461532976158142,0.7462650261011934
beagle,15%,14, 0.5%~1%,98700.0,0.9924219543546459,0.9300957741259158,0.7450727850935291,0.7439508361841178,0.7445061301528052,5.161718594922122e-05,0.00043252448130488765,0.001759946837789074,0.0017399949617776906,0.0017510213318294875,0.9524779898763418,0.923521853563135,0.7463784299298166,0.7461532976158142,0.7462650261011934
beagle,15%,14, 1%~10%,204264.0,0.9701008156297845,0.9279322070373718,0.7458960391152175,0.7452143116686155,0.7455534860586471,0.00016949204559893726,0.0003667988174213563,0.001456847369172886,0.0014552369495745472,0.0014562232937668518,0.9524779898763418,0.923521853563135,0.7463784299298166,0.7461532976158142,0.7462650261011934
beagle,15%,14, 10%~20%,42284.0,0.8810912126691397,0.9061966381156196,0.7464564172193123,0.7463407447117206,0.7463939344185205,0.0010549087975461934,0.0007536811794893564,0.002275077683356829,0.0022682264871004866,0.002265982741205164,0.9524779898763418,0.923521853563135,0.7463784299298166,0.7461532976158142,0.7462650261011934
beagle,15%,14, 20%~30%,28921.0,0.8222711850546585,0.8736323347554028,0.7470667179127197,0.747162693584142,0.7471139763879894,0.001372851758740253,0.0009226178323507843,0.0019595336241958936,0.001956616109359469,0.0019578978490942442,0.9524779898763418,0.923521853563135,0.7463784299298166,0.7461532976158142,0.7462650261011934
beagle,15%,14, 30%~40%,21685.0,0.7822357975541608,0.8451303892015524,0.7458019239618722,0.7460125384084489,0.7459054800518604,0.002079792657648338,0.0013893014595193433,0.0024349552193990106,0.002427576671412253,0.002431792342236758,0.9524779898763418,0.923521853563135,0.7463784299298166,0.7461532976158142,0.7462650261011934
beagle,15%,14, 40%~50%,18872.0,0.7631821285791117,0.8264610616702507,0.7460514786475226,0.7463215678805951,0.7461848558306038,0.0017836459700202394,0.001190409858174527,0.0019114838042767171,0.0019117279453555263,0.0019127056326776254,0.9524779898763418,0.923521853563135,0.7463784299298166,0.7461532976158142,0.7462650261011934
beagle,15%,14, Overall,564276.0,0.9524779898763418,0.923521853563135,0.7463784299298166,0.7461532976158142,0.7462650261011934,0.00034666237563735116,0.0005055118168309212,0.0018670489374721247,0.0018623216196186822,0.0018647531563473244,0.9524779898763418,0.923521853563135,0.7463784299298166,0.7461532976158142,0.7462650261011934
beagle,25%,14, 0.1%~0.5%,149550.0,0.995819321081114,0.9223086899112123,0.7438948793869905,0.7358649662001344,0.7397812406795334,4.906940262734973e-05,0.0007629089596023753,0.0032768573307643935,0.0031085261662906595,0.0032051076560053395,0.9524326139207142,0.922011794337514,0.7471624060727459,0.7464209126024368,0.7467889518912604
beagle,25%,14, 0.5%~1%,98700.0,0.9923239759458512,0.9250203017064793,0.7465521965933849,0.7424018945266561,0.7444523727681461,0.00010667086939533648,0.0009231824101926824,0.003663506452885093,0.0036183677747758823,0.003642220198345228,0.9524326139207142,0.922011794337514,0.7471624060727459,0.7464209126024368,0.7467889518912604
beagle,25%,14, 1%~10%,204264.0,0.9700360618334473,0.9258933069123138,0.7471994443936664,0.7455966379388498,0.746391439557777,0.00021318152402209642,0.0004904397874542132,0.0018311095479641715,0.0018123444422479902,0.001823261428171215,0.9524326139207142,0.922011794337514,0.7471624060727459,0.7464209126024368,0.7467889518912604
beagle,25%,14, 10%~20%,42284.0,0.8811868002458839,0.9050193338102593,0.7471634485809823,0.7468728785677868,0.7470139490107967,0.0007387180796299117,0.0005855041014845464,0.001569370887192176,0.0015712101179716042,0.0015722192111031685,0.9524326139207142,0.922011794337514,0.7471624060727459,0.7464209126024368,0.7467889518912604
beagle,25%,14, 20%~30%,28921.0,0.8221053997496522,0.8721870472098753,0.7469114491717623,0.7471142141705606,0.7470101612643658,0.001551422427197666,0.0010193961628506987,0.0022129682550116364,0.002203978674138798,0.002209473324981792,0.9524326139207142,0.922011794337514,0.7471624060727459,0.7464209126024368,0.7467889518912604
beagle,25%,14, 30%~40%,21685.0,0.7829763233391577,0.8440787832906969,0.7465322157189646,0.7469791796830818,0.7467535916662004,0.001823152231712327,0.001243299537999518,0.0021398618454298544,0.0021287961338685942,0.0021339824648582695,0.9524326139207142,0.922011794337514,0.7471624060727459,0.7464209126024368,0.7467889518912604
beagle,25%,14, 40%~50%,18872.0,0.7635231626470583,0.8251064140548401,0.7461361073552948,0.7467349511806017,0.7464331031182372,0.0013545892599655033,0.0009409941293643501,0.0014511720893597944,0.001451263721861709,0.0014509381988202243,0.9524326139207142,0.922011794337514,0.7471624060727459,0.7464209126024368,0.7467889518912604
beagle,25%,14, Overall,564276.0,0.9524326139207142,0.922011794337514,0.7471624060727459,0.7464209126024368,0.7467889518912604,0.00033791576170470137,0.0005324427125243423,0.001818036326597339,0.0018034722113984475,0.0018107346326752018,0.9524326139207142,0.922011794337514,0.7471624060727459,0.7464209126024368,0.7467889518912604
beagle,5%,15, 0.1%~0.5%,133690.0,0.9961084801577832,0.921561689302306,0.7478145134386054,0.7485263856946945,0.7481645817055304,0.00010649031432204073,0.0020594361699379656,0.006913005783286807,0.006947659203820772,0.006928552418499852,0.953653031115441,0.9256559329578807,0.7495198513241409,0.7494861915015654,0.7495027679568191
beagle,5%,15, 0.5%~1%,89779.0,0.9927498492954766,0.9398327689575566,0.7507335712755268,0.7512169119567709,0.7509640224044961,0.000163335107099581,0.001340802141461624,0.005594966997148872,0.00559004213065293,0.005587622470895164,0.953653031115441,0.9256559329578807,0.7495198513241409,0.7494861915015654,0.7495027679568191
beagle,5%,15, 1%~10%,180724.0,0.9712046047486398,0.9363256557471414,0.749643015945909,0.7494559751616864,0.7495483899540097,0.00040650785355437466,0.0008979292828428188,0.0035460675491276925,0.003545283113554296,0.003544563488968851,0.953653031115441,0.9256559329578807,0.7495198513241409,0.7494861915015654,0.7495027679568191
beagle,5%,15, 10%~20%,38162.0,0.8824078910075112,0.9006054115636742,0.7499527068517499,0.7499151895198173,0.7499331541344086,0.0012644669754747903,0.0010482341696982276,0.002696048894650338,0.0026871223086555583,0.0026920644496776975,0.953653031115441,0.9256559329578807,0.7495198513241409,0.7494861915015654,0.7495027679568191
beagle,5%,15, 20%~30%,23145.0,0.8239080727906751,0.8769007478253861,0.7492185905258443,0.7492483016231843,0.7492329633721878,0.002496514710094846,0.001672931065236927,0.003558087239885736,0.003553729218862696,0.003556195363577813,0.953653031115441,0.9256559329578807,0.7495198513241409,0.7494861915015654,0.7495027679568191
beagle,5%,15, 30%~40%,19591.0,0.7845010955665669,0.8478438076520297,0.7490626275454714,0.7491295272713331,0.7490955048349391,0.0024842302072415083,0.0016644601588059146,0.002888573439845085,0.002891011891485423,0.0028898055176857272,0.953653031115441,0.9256559329578807,0.7495198513241409,0.7494861915015654,0.7495027679568191
beagle,5%,15, 40%~50%,17695.0,0.765900945860914,0.829270951271894,0.7492093911843706,0.7492990348437356,0.7492533712567142,0.0026116250124614904,0.0017967505137761737,0.002799104933284547,0.002799044582800294,0.0028002231877982953,0.953653031115441,0.9256559329578807,0.7495198513241409,0.7494861915015654,0.7495027679568191
beagle,5%,15, Overall,502786.0,0.953653031115441,0.9256559329578807,0.7495198513241409,0.7494861915015654,0.7495027679568191,0.0005926172379790188,0.0009370811562013649,0.0032075854130452146,0.0032049275587863264,0.003206168364698819,0.953653031115441,0.9256559329578807,0.7495198513241409,0.7494861915015654,0.7495027679568191
beagle,15%,15, 0.1%~0.5%,133690.0,0.9960583386209949,0.9174570434447311,0.7478404874720006,0.7479825057656626,0.7479104225648635,6.225153847457068e-05,0.0012402944537128271,0.004015046490808413,0.004086244375151335,0.004049772741263674,0.9534487801019612,0.9241940107719032,0.7492433417605745,0.7489264145821283,0.7490840039715909
beagle,15%,15, 0.5%~1%,89779.0,0.9925592107734594,0.9353418923916008,0.7479259466900476,0.7464897407828047,0.7472003341726766,0.00014391658974053045,0.001054980017205738,0.004998185313723283,0.004970879126354794,0.004990554954340422,0.9534487801019612,0.9241940107719032,0.7492433417605745,0.7489264145821283,0.7490840039715909
beagle,15%,15, 1%~10%,180724.0,0.9709243911736624,0.9341033291886528,0.7490063602610505,0.7480863229467504,0.7485427162025098,0.0004388533516339807,0.0009581781330977893,0.0038408789899743384,0.0038402527704123734,0.0038401057251066933,0.9534487801019612,0.9241940107719032,0.7492433417605745,0.7489264145821283,0.7490840039715909
beagle,15%,15, 10%~20%,38162.0,0.8821752094283665,0.8992403677343339,0.7498851582064802,0.7497415020615104,0.7498124392513272,0.0007785590672861125,0.0006485379953557763,0.0016580916022483768,0.001661464412517589,0.0016596946072294921,0.9534487801019612,0.9241940107719032,0.7492433417605745,0.7489264145821283,0.7490840039715909
beagle,15%,15, 20%~30%,23145.0,0.8234866922890106,0.8753101432288436,0.7487482303172901,0.7488440995144172,0.748794769356175,0.0016071461171891044,0.0010839685405332115,0.002298768699570087,0.002293373119794621,0.002296194290245035,0.9534487801019612,0.9241940107719032,0.7492433417605745,0.7489264145821283,0.7490840039715909
beagle,15%,15, 30%~40%,19591.0,0.7844833046187435,0.846506940649466,0.7489589228763057,0.7492039688547356,0.7490804587261426,0.0029688896765119287,0.001985885764826532,0.0034679997563485895,0.0034571481166784184,0.003462591700459568,0.9534487801019612,0.9241940107719032,0.7492433417605745,0.7489264145821283,0.7490840039715909
beagle,15%,15, 40%~50%,17695.0,0.7653780023500584,0.8274383406238331,0.7484480472163827,0.7487911032902886,0.7486173377246441,0.0034984242496383343,0.002422393546135857,0.0037432421093905586,0.003745247222263757,0.0037442754292459656,0.9534487801019612,0.9241940107719032,0.7492433417605745,0.7489264145821283,0.7490840039715909
beagle,15%,15, Overall,502786.0,0.9534487801019612,0.9241940107719032,0.7492433417605745,0.7489264145821283,0.7490840039715909,0.0005555246125406786,0.0008711538722947673,0.003013309325057773,0.0030118022038013994,0.003012443417051123,0.9534487801019612,0.9241940107719032,0.7492433417605745,0.7489264145821283,0.7490840039715909
beagle,25%,15, 0.1%~0.5%,133690.0,0.9958519989446483,0.9016882157203204,0.7458349415876236,0.7369625609385858,0.741302847734952,3.1223748443314285e-05,0.0006740001221187508,0.002119995906263134,0.0019414269270060665,0.0020278710102609046,0.9530352667080977,0.9218227546605805,0.7482185779929876,0.7472483267724918,0.7477290287299928
beagle,25%,15, 0.5%~1%,89779.0,0.9924175447805356,0.9299610191884794,0.7483150160456802,0.7434228120391522,0.7458286183534121,0.00013448644698672117,0.0010916133891828608,0.004678270962028715,0.004573694654110825,0.004633659783697299,0.9530352667080977,0.9218227546605805,0.7482185779929876,0.7472483267724918,0.7477290287299928
beagle,25%,15, 1%~10%,180724.0,0.9705267159617019,0.9311082128836188,0.7477899037815557,0.7456517870262243,0.7467121743296863,0.00037604003411997145,0.0008107142719876623,0.003302800773996195,0.0032738795866874434,0.0032884311099180825,0.9530352667080977,0.9218227546605805,0.7482185779929876,0.7472483267724918,0.7477290287299928
beagle,25%,15, 10%~20%,38162.0,0.8809960923709337,0.8965626323497995,0.7479646298756751,0.747605365270836,0.7477804979068338,0.0011049206665119245,0.0009153635238698923,0.0023630694079899294,0.002349569219705423,0.002358679474616609,0.9530352667080977,0.9218227546605805,0.7482185779929876,0.7472483267724918,0.7477290287299928
beagle,25%,15, 20%~30%,23145.0,0.8228661485794767,0.8731513897308346,0.7479912048155496,0.7481863378097406,0.7480859446962311,0.0011355923217292018,0.0007847806633304748,0.001617195514347402,0.0016070384630829829,0.001612456837404958,0.9530352667080977,0.9218227546605805,0.7482185779929876,0.7472483267724918,0.7477290287299928
beagle,25%,15, 30%~40%,19591.0,0.78412030458879,0.8444473373562622,0.7483396876038909,0.7488835543068797,0.7486083777856732,0.00206207124223977,0.0014527911936292077,0.0024140792355747515,0.00240101496470673,0.002408176975284998,0.9530352667080977,0.9218227546605805,0.7482185779929876,0.7472483267724918,0.7477290287299928
beagle,25%,15, 40%~50%,17695.0,0.7637242230428206,0.824311101668363,0.7463439790744671,0.7470788155033953,0.746708237134759,0.0017973723600111895,0.001230633947731656,0.0019278996911038606,0.0019248910163306128,0.0019273081230089873,0.9530352667080977,0.9218227546605805,0.7482185779929876,0.7472483267724918,0.7477290287299928
beagle,25%,15, Overall,502786.0,0.9530352667080977,0.9218227546605805,0.7482185779929876,0.7472483267724918,0.7477290287299928,0.00043983317563749043,0.0006937932520610777,0.002388544198969664,0.0023741408522281585,0.0023819172934367496,0.9530352667080977,0.9218227546605805,0.7482185779929876,0.7472483267724918,0.7477290287299928
beagle,5%,16, 0.1%~0.5%,150178.0,0.9961462461250671,0.9244761138015196,0.7493465115319067,0.7500605555251597,0.7496994733224657,3.7998535998264576e-05,0.0007424053759650478,0.0024850553338472427,0.002509136065301964,0.0024946942496883923,0.9537213895718373,0.9248210102760969,0.7489741114351647,0.7489482236373731,0.748961007686336
beagle,5%,16, 0.5%~1%,97314.0,0.9928277201161864,0.9352781255988872,0.7496262380078127,0.7501555052782338,0.7498883028300419,9.437267625966156e-05,0.0008653624249755305,0.0033024273669755313,0.0033298531748672698,0.0033181701362786486,0.9537213895718373,0.9248210102760969,0.7489741114351647,0.7489482236373731,0.748961007686336
beagle,5%,16, 1%~10%,194392.0,0.970621342859353,0.9314830098599639,0.7495965174013287,0.7494271998434862,0.7495044229382403,0.0003609436560712533,0.0007805760109197293,0.0030786068676456413,0.003063755654691868,0.003077856049557591,0.9537213895718373,0.9248210102760969,0.7489741114351647,0.7489482236373731,0.748961007686336
beagle,5%,16, 10%~20%,41843.0,0.8815363192853773,0.9011304129406247,0.7482328657778391,0.7482045565290503,0.7482180193065752,0.0009169596228452317,0.0007581942702438587,0.0019511819844858418,0.001948027942575629,0.0019488693267913921,0.9537213895718373,0.9248210102760969,0.7489741114351647,0.7489482236373731,0.748961007686336
beagle,5%,16, 20%~30%,27126.0,0.8245196546520406,0.8782831148649993,0.7485693685513256,0.7485946854471002,0.7485806694123384,0.001706333266149008,0.0011302749410262187,0.0024505179586040114,0.002446689371619482,0.002448826693025884,0.9537213895718373,0.9248210102760969,0.7489741114351647,0.7489482236373731,0.748961007686336
beagle,5%,16, 30%~40%,20540.0,0.7846939971837695,0.8483668230980933,0.7485284841707429,0.7485955082080147,0.7485614270894799,0.0021919924067567557,0.001476820414682662,0.002557011297138233,0.002558295259243603,0.002558136179524242,0.9537213895718373,0.9248210102760969,0.7489741114351647,0.7489482236373731,0.748961007686336
beagle,5%,16, 40%~50%,18535.0,0.7667723482754342,0.8303179611470548,0.7492831902258233,0.7493717688688175,0.7493268556213525,0.0032345781688335948,0.002240001880340774,0.0034799090514747335,0.0034766766948800686,0.0034774962275122157,0.9537213895718373,0.9248210102760969,0.7489741114351647,0.7489482236373731,0.748961007686336
beagle,5%,16, Overall,549928.0,0.9537213895718373,0.9248210102760969,0.7489741114351647,0.7489482236373731,0.748961007686336,0.000494470623597777,0.0007762520956346079,0.002686986579832779,0.0026840434924161297,0.002685629633345913,0.9537213895718373,0.9248210102760969,0.7489741114351647,0.7489482236373731,0.748961007686336
beagle,15%,16, 0.1%~0.5%,150178.0,0.9961240164839625,0.9209313186165108,0.7511895244115797,0.7513496409329802,0.7512677707826327,4.705343203977457e-05,0.0008461547046527124,0.003091610121780113,0.003042722255158406,0.0030683880612628832,0.9536329922410952,0.9235116574958818,0.7493163411291345,0.7490295013395699,0.7491722426910341
beagle,15%,16, 0.5%~1%,97314.0,0.9927017380112457,0.9307865618355059,0.7492431628171904,0.7477886551152263,0.7485117300917383,6.321451058652584e-05,0.0005822738684323495,0.0022437160005106503,0.0022676424701462464,0.0022558138483110258,0.9536329922410952,0.9235116574958818,0.7493163411291345,0.7490295013395699,0.7491722426910341
beagle,15%,16, 1%~10%,194392.0,0.970336362139382,0.9290766087095083,0.748902596475249,0.7480573677329595,0.7484763856492352,6.887714203026766e-05,0.0001541922782444312,0.0005796853973932452,0.0005803203152121946,0.0005816405128176398,0.9536329922410952,0.9235116574958818,0.7493163411291345,0.7490295013395699,0.7491722426910341
beagle,15%,16, 10%~20%,41843.0,0.8819976369509938,0.9003451623779627,0.7496458502705606,0.7495360322433938,0.7495889616555087,0.0006453362298384571,0.0005015560909886184,0.0013780227520875585,0.0013727057836414214,0.0013760395306302168,0.9536329922410952,0.9235116574958818,0.7493163411291345,0.7490295013395699,0.7491722426910341
beagle,15%,16, 20%~30%,27126.0,0.8244907326809022,0.8770567342740431,0.7486610334760617,0.7487476533854851,0.7487034587188813,0.0015142138906280112,0.0010142663253184154,0.0021760812939442442,0.00217085346775606,0.002173719324659724,0.9536329922410952,0.9235116574958818,0.7493163411291345,0.7490295013395699,0.7491722426910341
beagle,15%,16, 30%~40%,20540.0,0.7847851976359461,0.8470782813082102,0.7485598068920272,0.748802776850186,0.7486804236989978,0.0017137789240155921,0.0011894969510187602,0.0020055295969389235,0.0020016328693030928,0.0020030332647759767,0.9536329922410952,0.9235116574958818,0.7493163411291345,0.7490295013395699,0.7491722426910341
beagle,15%,16, 40%~50%,18535.0,0.7668798419596673,0.8288802201216922,0.749201855387744,0.7495422628002023,0.7493703659385934,0.0009203182268422824,0.0006614283354032575,0.0009892602085362797,0.0009886627176617095,0.0009904341872908095,0.9536329922410952,0.9235116574958818,0.7493163411291345,0.7490295013395699,0.7491722426910341
beagle,15%,16, Overall,549928.0,0.9536329922410952,0.9235116574958818,0.7493163411291345,0.7490295013395699,0.7491722426910341,0.00022151234195079238,0.0003530659361192189,0.0012078616562430661,0.0012015266352150861,0.001204671190223637,0.9536329922410952,0.9235116574958818,0.7493163411291345,0.7490295013395699,0.7491722426910341
beagle,25%,16, 0.1%~0.5%,150178.0,0.9959004625875224,0.9053853746118202,0.7479874243247865,0.7391560370941561,0.7434770687158684,8.877815048191554e-05,0.001727764266914234,0.00607423809498088,0.0057764938571951314,0.0059233575593950144,0.9534923839044702,0.9215516628160909,0.749762946272824,0.7488346276786868,0.7492947582696795
beagle,25%,16, 0.5%~1%,97314.0,0.9924834801683224,0.9238320127771696,0.7473110935824044,0.7421334954753146,0.74468524052924,9.945720120789219e-05,0.0008475937605534989,0.0035984491700672425,0.003504989314326907,0.003550968684339708,0.9534923839044702,0.9215516628160909,0.749762946272824,0.7488346276786868,0.7492947582696795
beagle,25%,16, 1%~10%,194392.0,0.9700796845447489,0.92624613981034,0.7489251927297446,0.7468968788222141,0.7478991489917955,0.00034190613289541104,0.0007799038425337184,0.0029499523555503804,0.002892631629429753,0.00292170412850962,0.9534923839044702,0.9215516628160909,0.749762946272824,0.7488346276786868,0.7492947582696795
beagle,25%,16, 10%~20%,41843.0,0.8817534687499081,0.8985366059412404,0.7496736629330812,0.7493875736719026,0.749528034625825,0.0007697509829295973,0.0006308436742407214,0.0016495530408077981,0.001639211153440316,0.0016443474708686865,0.9534923839044702,0.9215516628160909,0.749762946272824,0.7488346276786868,0.7492947582696795
beagle,25%,16, 20%~30%,27126.0,0.8249123673619247,0.8756785594669355,0.7494012882144022,0.7495716800815275,0.7494837907362925,0.002092517886410155,0.0014027474239491813,0.003017653800225882,0.0030034453666027217,0.003011061192841076,0.9534923839044702,0.9215516628160909,0.749762946272824,0.7488346276786868,0.7492947582696795
beagle,25%,16, 30%~40%,20540.0,0.7857782212332918,0.8458882833798566,0.7495462570490443,0.7500802990471115,0.7498107852442432,0.00248881202146887,0.001658270762716029,0.0029188483577491263,0.0029047746079910912,0.0029116993823685693,0.9534923839044702,0.9215516628160909,0.749762946272824,0.7488346276786868,0.7492947582696795
beagle,25%,16, 40%~50%,18535.0,0.7671909718981285,0.8270727972996416,0.7492155733675615,0.7499416084104125,0.7495753765036209,0.002183029804090819,0.0015674232790403068,0.0023611614085868433,0.0023441322406786784,0.002353664111924557,0.9534923839044702,0.9215516628160909,0.749762946272824,0.7488346276786868,0.7492947582696795
beagle,25%,16, Overall,549928.0,0.9534923839044702,0.9215516628160909,0.749762946272824,0.7488346276786868,0.7492947582696795,0.0004679200490788469,0.000748439997269057,0.0025622907181444116,0.0025320545493235026,0.002547169640456351,0.9534923839044702,0.9215516628160909,0.749762946272824,0.7488346276786868,0.7492947582696795
beagle,5%,17, 0.1%~0.5%,127951.0,0.996162900565379,0.924921507043047,0.747734500595532,0.7484741648678622,0.7481031149399415,4.593859845564571e-05,0.0008130597953217951,0.0030296915785504655,0.0030514304602807358,0.0030400986677085197,0.9545141752088767,0.9238507532819784,0.7499967912161153,0.7499653850497898,0.7499809497101012
beagle,5%,17, 0.5%~1%,84968.0,0.9927512112514973,0.9262785184573707,0.748825010605966,0.7493487338782362,0.7490840373727221,3.6635396424637566e-05,0.00032847140656663305,0.0012838932152837905,0.0012969572634559563,0.00129033079348141,0.9545141752088767,0.9238507532819784,0.7499967912161153,0.7499653850497898,0.7499809497101012
beagle,5%,17, 1%~10%,170503.0,0.9711493392617254,0.9252162153224127,0.7486820067674426,0.748494838795565,0.7485869990957238,8.40537470781451e-05,0.00018526954733596692,0.0007424916279004766,0.0007375615131801176,0.0007389063544505427,0.9545141752088767,0.9238507532819784,0.7499967912161153,0.7499653850497898,0.7499809497101012
beagle,5%,17, 10%~20%,34247.0,0.8825408851368772,0.9003766858759077,0.7500417025272096,0.7500143879189198,0.7500279222434995,0.0007963508810005657,0.0006463206065113793,0.0016990887644860774,0.001694262287804276,0.0016966732325996768,0.9545141752088767,0.9238507532819784,0.7499967912161153,0.7499653850497898,0.7499809497101012
beagle,5%,17, 20%~30%,22664.0,0.8264427329182542,0.8798965994505963,0.7505145613778726,0.7505411906606011,0.7505277181639437,0.0007504471468725047,0.0005046158594959486,0.0010827861094859545,0.0010770497162765206,0.0010798491500312577,0.9545141752088767,0.9238507532819784,0.7499967912161153,0.7499653850497898,0.7499809497101012
beagle,5%,17, 30%~40%,17686.0,0.7862577247053121,0.8499554247329354,0.7500749514053964,0.7501476679418344,0.7501104687496939,0.0012693904218103534,0.0008626245079325252,0.001486222435516017,0.0014852598730582035,0.0014849301520678236,0.9545141752088767,0.9238507532819784,0.7499967912161153,0.7499653850497898,0.7499809497101012
beagle,5%,17, 40%~50%,16569.0,0.7691679324491711,0.8324215891520859,0.751003244013059,0.7510973648540329,0.7510497993338431,0.0013178897554364272,0.000947628826470046,0.001416304124014084,0.00141734597126754,0.0014171938441157276,0.9545141752088767,0.9238507532819784,0.7499967912161153,0.7499653850497898,0.7499809497101012
beagle,5%,17, Overall,474588.0,0.9545141752088767,0.9238507532819784,0.7499967912161153,0.7499653850497898,0.7499809497101012,0.0002269460757376318,0.00037438415736594424,0.0012530444702299453,0.0012484612424419595,0.001250759285001273,0.9545141752088767,0.9238507532819784,0.7499967912161153,0.7499653850497898,0.7499809497101012
beagle,15%,17, 0.1%~0.5%,127951.0,0.9960755730922383,0.9200580088485196,0.7455033501615844,0.745664139453544,0.7455802975867599,4.681652881893124e-05,0.0009036278289588539,0.0031242711579307987,0.003158665922540529,0.0031411718553579883,0.9539605711558788,0.9216576496780525,0.7478306570112746,0.7475139523154604,0.7476714223895811
beagle,15%,17, 0.5%~1%,84968.0,0.9925618758255549,0.9202450733101474,0.7463867737374157,0.7449121944937885,0.7456425539640774,0.0001145176383148099,0.0010664750682868988,0.004013654153975255,0.003999513678860119,0.00400448037572611,0.9539605711558788,0.9216576496780525,0.7478306570112746,0.7475139523154604,0.7476714223895811
beagle,15%,17, 1%~10%,170503.0,0.9707939901700082,0.9222533110740105,0.747465591199402,0.746532531965863,0.746995735544949,0.00029436190980550994,0.0007098645525112369,0.002579459332137715,0.0025549029792514047,0.0025678586711626182,0.9539605711558788,0.9216576496780525,0.7478306570112746,0.7475139523154604,0.7476714223895811
beagle,15%,17, 10%~20%,34247.0,0.8811707226592115,0.8978724638746703,0.7475909305686531,0.7474769008414195,0.7475323873669657,0.0006384125065705558,0.000493419156729888,0.0013666835787912962,0.0013614615483743232,0.0013629498156471594,0.9539605711558788,0.9216576496780525,0.7478306570112746,0.7475139523154604,0.7476714223895811
beagle,15%,17, 20%~30%,22664.0,0.8242686905236446,0.877202845134314,0.7475347453917722,0.7476234971428233,0.747576359081803,0.0004370826321107061,0.0002806955495166998,0.0006330432320379242,0.0006275339341801977,0.0006305553953775069,0.9539605711558788,0.9216576496780525,0.7478306570112746,0.7475139523154604,0.7476714223895811
beagle,15%,17, 30%~40%,17686.0,0.7847915768195133,0.8475006409256179,0.7482730770377691,0.7485440012762022,0.7484073805306233,0.001117226745278259,0.0007527314792670316,0.0013036930340032105,0.0013045903647879143,0.001304360186436206,0.9539605711558788,0.9216576496780525,0.7478306570112746,0.7475139523154604,0.7476714223895811
beagle,15%,17, 40%~50%,16569.0,0.7659837981369303,0.8287302050221306,0.7473712324610227,0.7477228057433204,0.7475451863977396,0.001174362512329823,0.0007934867579395925,0.0012675898477778071,0.0012628965464092233,0.001267225874641814,0.9539605711558788,0.9216576496780525,0.7478306570112746,0.7475139523154604,0.7476714223895811
beagle,15%,17, Overall,474588.0,0.9539605711558788,0.9216576496780525,0.7478306570112746,0.7475139523154604,0.7476714223895811,0.0002104795759822027,0.00032976469096771026,0.0011653241601711228,0.0011606003661172534,0.0011630343585881022,0.9539605711558788,0.9216576496780525,0.7478306570112746,0.7475139523154604,0.7476714223895811
beagle,25%,17, 0.1%~0.5%,127951.0,0.9958887045826191,0.9042752046325027,0.745783330582216,0.7358618244185052,0.7407058249185762,8.394375951071888e-05,0.0015880548629863156,0.005762700373611986,0.005445054380670936,0.005600729096839022,0.9540492238625911,0.9198881896189309,0.7496430236378817,0.74861406381607,0.7491236203593923
beagle,25%,17, 0.5%~1%,84968.0,0.9923762993633986,0.9127885961542793,0.745717099101475,0.740423711187946,0.743031106663618,0.00021568268290911343,0.0022079254930323132,0.007667372886190083,0.00738871289351498,0.007526473028862177,0.9540492238625911,0.9198881896189309,0.7496430236378817,0.74861406381607,0.7491236203593923
beagle,25%,17, 1%~10%,170503.0,0.9706921963773971,0.919265038675977,0.7490196963262958,0.7467947651702245,0.7478970408368397,0.0007070947077828821,0.0017225295130523792,0.0062430027022122945,0.00619782538771212,0.006220383451972304,0.9540492238625911,0.9198881896189309,0.7496430236378817,0.74861406381607,0.7491236203593923
beagle,25%,17, 10%~20%,34247.0,0.8815751505974102,0.8963316108045242,0.749079345362429,0.7487496901015452,0.7489067101586236,0.0009549327556793824,0.0007635821231004224,0.002062362547946771,0.002042628017734157,0.0020523692636746733,0.9540492238625911,0.9198881896189309,0.7496430236378817,0.74861406381607,0.7491236203593923
beagle,25%,17, 20%~30%,22664.0,0.8257330207042921,0.876446692466189,0.7497970504899641,0.7499609492311854,0.7498761315512344,0.0016861825095220886,0.0011094369230733839,0.0024410213850001683,0.0024233376949357745,0.0024322478132509286,0.9540492238625911,0.9198881896189309,0.7496430236378817,0.74861406381607,0.7491236203593923
beagle,25%,17, 30%~40%,17686.0,0.7862416722527769,0.8465416187256115,0.7497879605615977,0.7503645001121279,0.7500723498918992,0.0016934077836767902,0.0011195625307323612,0.001999288976584088,0.0019805388217518007,0.0019894437394577446,0.9540492238625911,0.9198881896189309,0.7496430236378817,0.74861406381607,0.7491236203593923
beagle,25%,17, 40%~50%,16569.0,0.767578542578904,0.8278035744062281,0.7487718695084563,0.7495092634192938,0.7491360468800458,0.00164368557296414,0.0011488922598730138,0.001782214825997877,0.001776963636846042,0.0017770180384505739,0.9540492238625911,0.9198881896189309,0.7496430236378817,0.74861406381607,0.7491236203593923
beagle,25%,17, Overall,474588.0,0.9540492238625911,0.9198881896189309,0.7496430236378817,0.74861406381607,0.7491236203593923,0.0005758914706625319,0.0009199197228578507,0.0031971739106785493,0.0031691932354535896,0.0031830805853458413,0.9540492238625911,0.9198881896189309,0.7496430236378817,0.74861406381607,0.7491236203593923
beagle,5%,18, 0.1%~0.5%,127610.0,0.9961869821001866,0.9367493376335991,0.7506734344831822,0.7513615957363012,0.750994649233696,3.311045294383719e-05,0.0005700751196153305,0.0021678267166172585,0.0022015857023245486,0.0022048175085977325,0.951614136290074,0.9268854311845917,0.7506389084962409,0.7506157250040829,0.7506272417080085
beagle,5%,18, 0.5%~1%,84541.0,0.9929205572613548,0.9482147273339653,0.7524868761801305,0.752976310222361,0.7527222762185882,2.2593031598826778e-05,0.00013993704389077128,0.0008137135047881702,0.0008213052563553464,0.0008093252461759286,0.951614136290074,0.9268854311845917,0.7506389084962409,0.7506157250040829,0.7506272417080085
beagle,5%,18, 1%~10%,179581.0,0.9709688463729848,0.9390229208277433,0.7514107002923275,0.7512638678562142,0.7513363809378295,6.493147742944855e-05,0.00013069811025745933,0.0005549757988488791,0.0005572357692130561,0.0005554172346594788,0.951614136290074,0.9268854311845917,0.7506389084962409,0.7506157250040829,0.7506272417080085
beagle,5%,18, 10%~20%,39126.0,0.8831682011132083,0.9035056244946732,0.7502892790959018,0.7502621284674174,0.7502753391016167,0.0005662768274447013,0.00044348098185833384,0.0012135178940393314,0.0012119003113656968,0.001212631685384704,0.951614136290074,0.9268854311845917,0.7506389084962409,0.7506157250040829,0.7506272417080085
beagle,5%,18, 20%~30%,26284.0,0.824347398476117,0.8754352243935996,0.7501973421390821,0.750228146137971,0.7502111972673898,0.0008263205644952113,0.0005657041182378752,0.0011800015071852803,0.0011778477121892896,0.0011783922798278502,0.951614136290074,0.9268854311845917,0.7506389084962409,0.7506157250040829,0.7506272417080085
beagle,5%,18, 30%~40%,19639.0,0.7855262132957422,0.8490231416545452,0.7497874795744773,0.749846954703305,0.7498168998820521,0.0010588526543878099,0.0007182877584027837,0.0012348305971184228,0.0012356453475372074,0.0012350555387970216,0.951614136290074,0.9268854311845917,0.7506389084962409,0.7506157250040829,0.7506272417080085
beagle,5%,18, 40%~50%,18270.0,0.7671111333101631,0.8301820939341952,0.75070076084459,0.7507800501025246,0.7507402189717594,0.0014316613418864335,0.0009932689481349328,0.00153629484703286,0.0015321998361961329,0.001534217331320473,0.951614136290074,0.9268854311845917,0.7506389084962409,0.7506157250040829,0.7506272417080085
beagle,5%,18, Overall,495051.0,0.951614136290074,0.9268854311845917,0.7506389084962409,0.7506157250040829,0.7506272417080085,0.0001780025923640739,0.0002666538878745508,0.0009213320527193034,0.0009216452165019179,0.0009215029489094192,0.951614136290074,0.9268854311845917,0.7506389084962409,0.7506157250040829,0.7506272417080085
beagle,15%,18, 0.1%~0.5%,127610.0,0.9961227416908836,0.9332643739286418,0.7495881232115579,0.7498521737833622,0.749703923288369,1.876138479103416e-05,0.00029178202042939226,0.0013076518574909473,0.0013730408228931502,0.0013327187548469364,0.9512841604298202,0.9254004885750463,0.7496398595937083,0.7493959199828684,0.7495170279903473
beagle,15%,18, 0.5%~1%,84541.0,0.9927302355556057,0.9442758873024434,0.7495571264874945,0.7481854994695167,0.7488654164007141,8.301499843147545e-06,1.4198631020081497e-05,0.00034720733012801405,0.0003193039611944364,0.0003283126803366823,0.9512841604298202,0.9254004885750463,0.7496398595937083,0.7493959199828684,0.7495170279903473
beagle,15%,18, 1%~10%,179581.0,0.9705731992996034,0.936846053833358,0.7495449885609764,0.7488002082234289,0.7491689504328539,0.00034259991815316983,0.0007129058291267727,0.0029510749523950414,0.0029355979924469366,0.0029440353494916255,0.9512841604298202,0.9254004885750463,0.7496398595937083,0.7493959199828684,0.7495170279903473
beagle,15%,18, 10%~20%,39126.0,0.8827200049860037,0.9020776367403011,0.7497221422689035,0.749615051100191,0.7496675176897344,0.0009324226307042747,0.000771965446024948,0.0019966531230439766,0.0019935067513747263,0.00199574152479245,0.9512841604298202,0.9254004885750463,0.7496398595937083,0.7493959199828684,0.7495170279903473
beagle,15%,18, 20%~30%,26284.0,0.8236467066665201,0.8738728993601974,0.7492857589902014,0.7493854224987851,0.7493344462526584,0.0009260733536051126,0.0006571698190693113,0.0013141610181816317,0.0013147493075151403,0.001313785573236082,0.9512841604298202,0.9254004885750463,0.7496398595937083,0.7493959199828684,0.7495170279903473
beagle,15%,18, 30%~40%,19639.0,0.7849206052646983,0.8474222451155212,0.7490098645225585,0.7492299903586915,0.7491190097328312,0.0015609735996237014,0.0010393958991319634,0.0018286689337763606,0.001822443858098579,0.0018252941078542334,0.9512841604298202,0.9254004885750463,0.7496398595937083,0.7493959199828684,0.7495170279903473
beagle,15%,18, 40%~50%,18270.0,0.7660071467072909,0.8281958816306192,0.7493523953579254,0.7496426373025805,0.7494966582790298,0.0019106171168509266,0.0013168623077881346,0.002055917895102326,0.0020467239432531282,0.0020510448488084048,0.9512841604298202,0.9254004885750463,0.7496398595937083,0.7493959199828684,0.7495170279903473
beagle,15%,18, Overall,495051.0,0.9512841604298202,0.9254004885750463,0.7496398595937083,0.7493959199828684,0.7495170279903473,0.0003619465610587022,0.0005390993786847488,0.0018712572080636385,0.001863681823398529,0.0018676929879271758,0.9512841604298202,0.9254004885750463,0.7496398595937083,0.7493959199828684,0.7495170279903473
beagle,25%,18, 0.1%~0.5%,127610.0,0.9958654522964804,0.9199867470102817,0.7438413197915166,0.7352212105690524,0.7394344401130168,4.0247653137597774e-05,0.000550203582923807,0.0027804322417190703,0.002697300448822371,0.00273596218248259,0.9505831764631417,0.9228772744214121,0.7470674394615231,0.7462702057237371,0.7466657997784675
beagle,25%,18, 0.5%~1%,84541.0,0.9924224076245979,0.9382602434976395,0.7442105473053062,0.7393043057448384,0.7417201963669927,5.830977870493573e-05,0.0003850777498233739,0.0020747213595275417,0.0019473794343508727,0.002012944408018126,0.9505831764631417,0.9228772744214121,0.7470674394615231,0.7462702057237371,0.7466657997784675
beagle,25%,18, 1%~10%,179581.0,0.9699742201620728,0.9338594476081569,0.7463416595515034,0.7445549784309132,0.7454421379763535,0.00016219019279758358,0.00035289479209546775,0.001394458323080954,0.0013930575031760157,0.0013940728909984943,0.9505831764631417,0.9228772744214121,0.7470674394615231,0.7462702057237371,0.7466657997784675
beagle,25%,18, 10%~20%,39126.0,0.8811403695460643,0.8993269496504289,0.7468528186773543,0.7465751636504036,0.7467111640249819,0.00041125072123853336,0.00029014143829350105,0.0008780770469538429,0.0008713653273488039,0.0008747100360009945,0.9505831764631417,0.9228772744214121,0.7470674394615231,0.7462702057237371,0.7466657997784675
beagle,25%,18, 20%~30%,26284.0,0.8223737341882632,0.8715431572963702,0.7475382409837384,0.747754816191609,0.747642107654168,0.0008030336691743268,0.0005552544972214975,0.0011528748335664337,0.0011471626309571114,0.0011505087782444294,0.9505831764631417,0.9228772744214121,0.7470674394615231,0.7462702057237371,0.7466657997784675
beagle,25%,18, 30%~40%,19639.0,0.7832630566000208,0.8445877362640736,0.7469123776142602,0.747402956267352,0.7471554088572622,0.0007054310688884563,0.00044492986481809853,0.0008260295999125678,0.0008268785636361685,0.0008264650456543685,0.9505831764631417,0.9228772744214121,0.7470674394615231,0.7462702057237371,0.7466657997784675
beagle,25%,18, 40%~50%,18270.0,0.7631180094665083,0.8244505659617033,0.7459555049572796,0.7466016129766467,0.7462749111375064,0.0006718383410045538,0.0005027920845586336,0.0007266273741333611,0.0007185530318928002,0.0007232100726742568,0.9505831764631417,0.9228772744214121,0.7470674394615231,0.7462702057237371,0.7466657997784675
beagle,25%,18, Overall,495051.0,0.9505831764631417,0.9228772744214121,0.7470674394615231,0.7462702057237371,0.7466657997784675,8.110496430386254e-05,0.00010860926273720083,0.00042290119860919256,0.00042285560377280647,0.00042286259490840073,0.9505831764631417,0.9228772744214121,0.7470674394615231,0.7462702057237371,0.7466657997784675
beagle,5%,19, 0.1%~0.5%,101246.0,0.9961932996736457,0.8950844314590555,0.7494544489677871,0.7502428839967643,0.7498446147283359,4.2354201952071136e-05,0.001098616868689699,0.002804300425259949,0.002852880258025121,0.0028305087187169235,0.9507453412729147,0.9214736226571558,0.7504896907034192,0.7504631304729208,0.7504761351956795
beagle,5%,19, 0.5%~1%,67987.0,0.9927732773336615,0.907532333596175,0.7488100623970734,0.749394763883627,0.7490993409420706,6.301423385263703e-05,0.0007718077380968137,0.0021664245242796754,0.002138709377313006,0.002152301277295541,0.9507453412729147,0.9214736226571558,0.7504896907034192,0.7504631304729208,0.7504761351956795
beagle,5%,19, 1%~10%,142921.0,0.9707514505274698,0.9211608018476776,0.7491802333545273,0.7490093349829167,0.7490941325949584,0.0004971494135912229,0.0012717141385639474,0.004284033182053322,0.004276630315322465,0.00427993407526598,0.9507453412729147,0.9214736226571558,0.7504896907034192,0.7504631304729208,0.7504761351956795
beagle,5%,19, 10%~20%,33925.0,0.8826275062507413,0.9011729182830627,0.7503613082350974,0.7503327387589988,0.750345267249572,0.0012201791491091947,0.0010069263698936637,0.002604954257378673,0.0025957191423579204,0.002599558762968978,0.9507453412729147,0.9214736226571558,0.7504896907034192,0.7504631304729208,0.7504761351956795
beagle,5%,19, 20%~30%,21727.0,0.8270617945244371,0.8804946057532957,0.7509035191402847,0.7509240765392602,0.7509134972584878,0.002437908414888944,0.001627765917679629,0.0035134024424646154,0.0035126318161995936,0.003513235269199264,0.9507453412729147,0.9214736226571558,0.7504896907034192,0.7504631304729208,0.7504761351956795
beagle,5%,19, 30%~40%,16401.0,0.7873712297211467,0.8504608464267246,0.7514033849150105,0.751474418178243,0.7514380488710884,0.001751165558874511,0.0011948103563338879,0.0020469518369313515,0.0020450245783870183,0.0020463264751293983,0.9507453412729147,0.9214736226571558,0.7504896907034192,0.7504631304729208,0.7504761351956795
beagle,5%,19, 40%~50%,14477.0,0.7683593739398528,0.8315097834164193,0.7507404975401638,0.7508320510279579,0.7507809324028814,0.0026945129203157126,0.0018579143776784766,0.0029022465906756445,0.0028979599211517797,0.0029021989983107435,0.9507453412729147,0.9214736226571558,0.7504896907034192,0.7504631304729208,0.7504761351956795
beagle,5%,19, Overall,398684.0,0.9507453412729147,0.9214736226571558,0.7504896907034192,0.7504631304729208,0.7504761351956795,0.0005894836605284375,0.0009165477399802458,0.002992630403451999,0.0029884682244504723,0.0029906751957664898,0.9507453412729147,0.9214736226571558,0.7504896907034192,0.7504631304729208,0.7504761351956795
beagle,15%,19, 0.1%~0.5%,101246.0,0.9961267524264897,0.8884942331600914,0.7485203712431363,0.7488452456061759,0.7486785745180212,3.429526216523311e-05,0.0007415980462266171,0.00231020609610131,0.0023027792367219663,0.0023081081998539256,0.9504349283795145,0.9197231710673698,0.7497422631263749,0.7494609941558764,0.7496008959441948
beagle,15%,19, 0.5%~1%,67987.0,0.992700982889389,0.9011031158196104,0.7505150958252443,0.7490951772168436,0.7497996694917791,0.00010139516744447278,0.0012237669256424833,0.0036010715113045755,0.00361003898676295,0.003606407238408963,0.9504349283795145,0.9197231710673698,0.7497422631263749,0.7494609941558764,0.7496008959441948
beagle,15%,19, 1%~10%,142921.0,0.970594433261716,0.9185913770609817,0.7496969878791702,0.7488265757481604,0.7492589264408612,0.0003835923321800072,0.0010140861385144924,0.003317469838656896,0.00331925073775482,0.0033178207878962374,0.9504349283795145,0.9197231710673698,0.7497422631263749,0.7494609941558764,0.7496008959441948
beagle,15%,19, 10%~20%,33925.0,0.8819033262256544,0.8993317850385717,0.7492658707995843,0.7491515034018414,0.7492072729886345,0.001119991819544567,0.0008792076300726714,0.0023850636025367546,0.0023821009394246837,0.002384577481704738,0.9504349283795145,0.9197231710673698,0.7497422631263749,0.7494609941558764,0.7496008959441948
beagle,15%,19, 20%~30%,21727.0,0.8262399240068734,0.8787280313891143,0.7498804507019449,0.7499483131604264,0.7499132160787217,0.001183790546039565,0.0008029119235666988,0.0017064440414269984,0.0016945952835405388,0.0017001440455228201,0.9504349283795145,0.9197231710673698,0.7497422631263749,0.7494609941558764,0.7496008959441948
beagle,15%,19, 30%~40%,16401.0,0.7857130106366972,0.8479352949109632,0.7493854574071839,0.7496473260910855,0.7495153985114665,0.0017189809872560633,0.0011842817851158787,0.0020026911740379703,0.0020058873236556756,0.0020038041680555943,0.9504349283795145,0.9197231710673698,0.7497422631263749,0.7494609941558764,0.7496008959441948
beagle,15%,19, 40%~50%,14477.0,0.7669749831755331,0.8290640037718644,0.7490538580344781,0.7493973496923533,0.7492204236802164,0.0021364500038377194,0.0014379614217804415,0.002311754204822181,0.0023024092608492854,0.0023051066516356403,0.9504349283795145,0.9197231710673698,0.7497422631263749,0.7494609941558764,0.7496008959441948
beagle,15%,19, Overall,398684.0,0.9504349283795145,0.9197231710673698,0.7497422631263749,0.7494609941558764,0.7496008959441948,0.0004629436668269848,0.0007175445481391352,0.002354478584647857,0.0023496027874983522,0.0023520752827669166,0.9504349283795145,0.9197231710673698,0.7497422631263749,0.7494609941558764,0.7496008959441948
beagle,25%,19, 0.1%~0.5%,101246.0,0.9958536157850871,0.863281693055117,0.7427460116776645,0.7332383116009414,0.7378584424303468,3.2219314705607844e-05,0.0008104707827241629,0.0022908039053398405,0.0022682141543798645,0.002284741565948362,0.9496208622693122,0.9165678288545408,0.746814124126816,0.7459272085549032,0.7463653196667245
beagle,25%,19, 0.5%~1%,67987.0,0.9923351297514698,0.8890150385857982,0.7434714831299772,0.7384087217672076,0.740891077691986,0.00014428846011337493,0.0017015058735077692,0.005153368937187134,0.005068625748807017,0.005117356527777193,0.9496208622693122,0.9165678288545408,0.746814124126816,0.7459272085549032,0.7463653196667245
beagle,25%,19, 1%~10%,142921.0,0.9698271982689898,0.913683156800011,0.7454687708476088,0.7434372347017068,0.744441937818434,0.00029042907480403057,0.0007165841097034741,0.002528437458569811,0.002495672970017271,0.0025136585798423727,0.9496208622693122,0.9165678288545408,0.746814124126816,0.7459272085549032,0.7463653196667245
beagle,25%,19, 10%~20%,33925.0,0.8806125493031018,0.8965897323992683,0.7471002782086504,0.7468011205568036,0.746947708000838,0.0004125775744574259,0.0003375780623727447,0.0008956523215261099,0.0008939902978928138,0.0008948989602896543,0.9496208622693122,0.9165678288545408,0.746814124126816,0.7459272085549032,0.7463653196667245
beagle,25%,19, 20%~30%,21727.0,0.8237032614008503,0.8753947060029538,0.7463710702495231,0.7465186060064649,0.746441844343995,0.0005769754591245293,0.00035826125359946615,0.0008332252316876797,0.0008331385953590283,0.0008325729268163299,0.9496208622693122,0.9165678288545408,0.746814124126816,0.7459272085549032,0.7463653196667245
beagle,25%,19, 30%~40%,16401.0,0.7836025640342034,0.8445263903816098,0.7467484897941473,0.7473091563472439,0.7470234604068106,0.0025184057133065102,0.0016916308677388937,0.0029510874686321862,0.002944810078517743,0.0029452462057998796,0.9496208622693122,0.9165678288545408,0.746814124126816,0.7459272085549032,0.7463653196667245
beagle,25%,19, 40%~50%,14477.0,0.764981698604482,0.8257262954207462,0.7465758600873725,0.7473171485754886,0.7469367416425733,0.0015213089387448588,0.0010848906287745856,0.0016340459264614297,0.0016354299610673532,0.0016321439982884714,0.9496208622693122,0.9165678288545408,0.746814124126816,0.7459272085549032,0.7463653196667245
beagle,25%,19, Overall,398684.0,0.9496208622693122,0.9165678288545408,0.746814124126816,0.7459272085549032,0.7463653196667245,0.0002512620488413587,0.0003718455063499561,0.001284694467885776,0.001272305433036814,0.0012769940444468668,0.9496208622693122,0.9165678288545408,0.746814124126816,0.7459272085549032,0.7463653196667245
beagle,5%,20, 0.1%~0.5%,106863.0,0.996168139045685,0.9213105680707828,0.7496199139692991,0.7503489893866936,0.7499778832238259,2.871160846750575e-05,0.0006984348968874518,0.001867286948741524,0.0018422499851592235,0.001848827285866209,0.9537323572061007,0.9226665358543489,0.7500514410699628,0.750021557665501,0.7500350970177897
beagle,5%,20, 0.5%~1%,70523.0,0.9928083759207214,0.9285576900516758,0.7486220802141017,0.749147594854005,0.7488813870184261,5.255896543914174e-05,0.0005968905455130559,0.0018231330636830393,0.0018166715387099386,0.0018166908216093421,0.9537323572061007,0.9226665358543489,0.7500514410699628,0.750021557665501,0.7500350970177897
beagle,5%,20, 1%~10%,145642.0,0.9714202937567505,0.9222525584131004,0.7496497604649139,0.7494681518786832,0.7495585338971344,0.00017937240878536812,0.0004665099479961365,0.001574201310160304,0.0015652395154541084,0.0015692984443666069,0.9537323572061007,0.9226665358543489,0.7500514410699628,0.750021557665501,0.7500350970177897
beagle,5%,20, 10%~20%,30787.0,0.8817709958810575,0.900419475536852,0.749139100856366,0.7491094869477771,0.749118676267749,0.00046423366843670793,0.00034519558186567697,0.000992883603948977,0.0009943153727331802,0.000988543240492126,0.9537323572061007,0.9226665358543489,0.7500514410699628,0.750021557665501,0.7500350970177897
beagle,5%,20, 20%~30%,19554.0,0.8254044922947767,0.8774882924428904,0.7504060505497016,0.7504351160472379,0.7504171375407772,0.0010339743510453072,0.0007006991515612707,0.001478518630097721,0.0014768910738758806,0.0014768932736807592,0.9537323572061007,0.9226665358543489,0.7500514410699628,0.750021557665501,0.7500350970177897
beagle,5%,20, 30%~40%,15016.0,0.7853802585227214,0.8493487690474882,0.7503956756618781,0.7504674610979737,0.7504264065154674,0.0022004364382047946,0.0014705384100377895,0.002556141563908006,0.0025564232157909103,0.0025587618920546724,0.9537323572061007,0.9226665358543489,0.7500514410699628,0.750021557665501,0.7500350970177897
beagle,5%,20, 40%~50%,14020.0,0.7672910688876474,0.8303702670251084,0.7506855984159498,0.7507795915499966,0.7507320907850411,0.001965077559448,0.0013596878362944174,0.0021121622310944148,0.00210561466098447,0.0021084952809565815,0.9537323572061007,0.9226665358543489,0.7500514410699628,0.750021557665501,0.7500350970177897
beagle,5%,20, Overall,402405.0,0.9537323572061007,0.9226665358543489,0.7500514410699628,0.750021557665501,0.7500350970177897,0.0002623173583782742,0.00042515470920066425,0.0014168602961956661,0.0014182906446877184,0.0014174700229813149,0.9537323572061007,0.9226665358543489,0.7500514410699628,0.750021557665501,0.7500350970177897
beagle,15%,20, 0.1%~0.5%,106863.0,0.9960840376660797,0.9160376149308038,0.7476424262956213,0.7476536377016938,0.7476409548564508,4.510208142068936e-05,0.001057597860361067,0.002978424475595611,0.0031123326898951104,0.00305231900870768,0.9534635141824483,0.9209658005122231,0.7494354584744413,0.7491130395769474,0.7492719566364191
beagle,15%,20, 0.5%~1%,70523.0,0.9926346063299253,0.9227024412528073,0.7468366224809365,0.7451076177225353,0.7459647189785272,0.00013961997197218536,0.0014111652081602707,0.004918720262491243,0.0048292479353886685,0.004874588914005885,0.9534635141824483,0.9209658005122231,0.7494354584744413,0.7491130395769474,0.7492719566364191
beagle,15%,20, 1%~10%,145642.0,0.9711473533667263,0.9193492286320124,0.7491097436773951,0.7481468895984441,0.7486259067327247,0.0002906050455210939,0.0008014859073310965,0.002536084597798205,0.002526601309612803,0.0025311975680104713,0.9534635141824483,0.9209658005122231,0.7494354584744413,0.7491130395769474,0.7492719566364191
beagle,15%,20, 10%~20%,30787.0,0.8817700078584845,0.8991743008699663,0.7495595445759474,0.7494459680054364,0.749494811744504,0.000533514478401537,0.000463284125708654,0.0011380187855351068,0.0011338590345391342,0.0011363979460485268,0.9534635141824483,0.9209658005122231,0.7494354584744413,0.7491130395769474,0.7492719566364191
beagle,15%,20, 20%~30%,19554.0,0.8238899836441362,0.8752277565562371,0.7483388957314907,0.7484452509129045,0.748388971373703,0.0010061231553494877,0.0006647468562517386,0.0014526320251312126,0.0014424817752348,0.0014470479615876638,0.9534635141824483,0.9209658005122231,0.7494354584744413,0.7491130395769474,0.7492719566364191
beagle,15%,20, 30%~40%,15016.0,0.7848545835012994,0.8476959861245598,0.7496961353844876,0.7499464043001343,0.7498182277485009,0.0005425537125735218,0.00037495661633239595,0.0006405183603893379,0.000635142214525937,0.0006367207939361352,0.9534635141824483,0.9209658005122231,0.7494354584744413,0.7491130395769474,0.7492719566364191
beagle,15%,20, 40%~50%,14020.0,0.7666026625009718,0.8284464946881757,0.7497409197075786,0.7500909064496716,0.7499151262749454,0.0015733978338162116,0.0011031895554683535,0.0016940731459981994,0.0016854205988061561,0.0016895225237546928,0.9534635141824483,0.9209658005122231,0.7494354584744413,0.7491130395769474,0.7492719566364191
beagle,15%,20, Overall,402405.0,0.9534635141824483,0.9209658005122231,0.7494354584744413,0.7491130395769474,0.7492719566364191,0.00015587828798112959,0.00027721966473241943,0.0008442100951444708,0.0008361762948367656,0.0008413093470788483,0.9534635141824483,0.9209658005122231,0.7494354584744413,0.7491130395769474,0.7492719566364191
beagle,25%,20, 0.1%~0.5%,106863.0,0.9958740747943895,0.899398277664353,0.7462241762841608,0.7362418005799319,0.7411085076336353,2.160507677818121e-05,0.000417533001629947,0.0014659245719095466,0.0014218275077035375,0.0014372635782821256,0.9531844443080654,0.9186309384700814,0.7491740306898103,0.748158528672923,0.7486593195821288
beagle,25%,20, 0.5%~1%,70523.0,0.9924684388217547,0.915276577353694,0.7470688639496791,0.7413433476457228,0.7441542514676543,2.8807873746542665e-05,0.00012891088570113677,0.0010354357584478034,0.0010913158265022955,0.0010563452381992479,0.9531844443080654,0.9186309384700814,0.7491740306898103,0.748158528672923,0.7486593195821288
beagle,25%,20, 1%~10%,145642.0,0.97082372180938,0.9156409320616955,0.7486518343539378,0.746400541555602,0.7475136593381878,0.0002218564210281383,0.0005012459327807679,0.0020045550227424645,0.0019656892358472533,0.0019825918831565155,0.9531844443080654,0.9186309384700814,0.7491740306898103,0.748158528672923,0.7486593195821288
beagle,25%,20, 10%~20%,30787.0,0.8814387321233269,0.897239779528725,0.7493918228623307,0.7490703671796619,0.7492248706212318,0.0009671548016010409,0.0007718464438486945,0.002064949098713799,0.0020670761936802933,0.0020640218281918533,0.9531844443080654,0.9186309384700814,0.7491740306898103,0.748158528672923,0.7486593195821288
beagle,25%,20, 20%~30%,19554.0,0.8239501336068082,0.8735402178379897,0.7485276852383093,0.7487296075768932,0.7486220723006318,0.0017854443062787326,0.0012140990071686552,0.002576895662222411,0.002554964027688228,0.0025645984531196585,0.9531844443080654,0.9186309384700814,0.7491740306898103,0.748158528672923,0.7486593195821288
beagle,25%,20, 30%~40%,15016.0,0.7842968345383007,0.8454299427218355,0.7488596401478383,0.7494121223493826,0.7491287883582604,0.0032862782178181165,0.0022050375520493806,0.0038415293572048818,0.0038281707442978127,0.0038308520292092596,0.9531844443080654,0.9186309384700814,0.7491740306898103,0.748158528672923,0.7486593195821288
beagle,25%,20, 40%~50%,14020.0,0.765631842253236,0.8258520107987807,0.7483366965605699,0.749104720729413,0.7487171511149056,0.0029751609326380676,0.002034212982568541,0.0032004770964985394,0.003188603992908888,0.003193552847610423,0.9531844443080654,0.9186309384700814,0.7491740306898103,0.748158528672923,0.7486593195821288
beagle,25%,20, Overall,402405.0,0.9531844443080654,0.9186309384700814,0.7491740306898103,0.748158528672923,0.7486593195821288,0.00046484778303082866,0.0007264300673342878,0.002541604959395559,0.0025232153931086573,0.002530307323279379,0.9531844443080654,0.9186309384700814,0.7491740306898103,0.748158528672923,0.7486593195821288
beagle,5%,21, 0.1%~0.5%,63312.0,0.996105912642017,0.9098506949514095,0.7521078145744776,0.7528544683962322,0.7524675192022233,9.546235971407014e-05,0.002237383376338999,0.006047355770506645,0.006029020753307478,0.006035774816631441,0.9504171165000216,0.9230979210736727,0.7519144215536633,0.7518475067785948,0.7518805640736131
beagle,5%,21, 0.5%~1%,41385.0,0.992572665745152,0.9210716638035743,0.7507660960107826,0.751305971001276,0.7510318419090621,6.78279524333419e-05,0.0007342344078009715,0.002307709143767394,0.0023307727074789665,0.0023126865120942958,0.9504171165000216,0.9230979210736727,0.7519144215536633,0.7518475067785948,0.7518805640736131
beagle,5%,21, 1%~10%,86698.0,0.9703617829190213,0.9152084404489301,0.7513924124190611,0.7510605079142646,0.7512239689702808,0.00037783261330236504,0.0010961099649503686,0.003190943723421256,0.003194856014983015,0.003190009572238774,0.9504171165000216,0.9230979210736727,0.7519144215536633,0.7518475067785948,0.7518805640736131
beagle,5%,21, 10%~20%,19443.0,0.8825393025937114,0.9095081219211979,0.750765199047604,0.7507112682180882,0.7507359705304569,0.0013960291985054072,0.0010374573524297801,0.0029696281289068017,0.0029666853046755527,0.0029662228183096797,0.9504171165000216,0.9230979210736727,0.7519144215536633,0.7518475067785948,0.7518805640736131
beagle,5%,21, 20%~30%,12765.0,0.8252484589069149,0.88094962974026,0.7519503804279356,0.7519686147686793,0.7519584911695999,0.001441005098174382,0.0009607605985409267,0.0020432522710904346,0.002039943481323917,0.0020419240776260936,0.9504171165000216,0.9230979210736727,0.7519144215536633,0.7518475067785948,0.7518805640736131
beagle,5%,21, 30%~40%,10621.0,0.7870988544229699,0.8496663789645832,0.7525697364698597,0.7526335042830826,0.7526002946881544,0.0029630876552811766,0.001994674138630457,0.0034573272874251514,0.003450166081829732,0.0034520257168774967,0.9504171165000216,0.9230979210736727,0.7519144215536633,0.7518475067785948,0.7518805640736131
beagle,5%,21, 40%~50%,9508.0,0.7701174063013042,0.8328815448817152,0.7527324503450058,0.7528113158704718,0.7527686736837563,0.002970677386535877,0.0020661890993315863,0.0031865608423022242,0.003188223711492879,0.003189779910491671,0.9504171165000216,0.9230979210736727,0.7519144215536633,0.7518475067785948,0.7518805640736131
beagle,5%,21, Overall,243732.0,0.9504171165000216,0.9230979210736727,0.7519144215536633,0.7518475067785948,0.7518805640736131,0.0005874968391310564,0.0008994614503682328,0.0029456984144627927,0.002944335589148122,0.0029453389228558217,0.9504171165000216,0.9230979210736727,0.7519144215536633,0.7518475067785948,0.7518805640736131
beagle,15%,21, 0.1%~0.5%,63312.0,0.9960458964284307,0.9041464517032184,0.7520262578734851,0.7519069793380379,0.7519401880274809,0.00011559340091370979,0.002384949088033251,0.0074988343497867475,0.007430191758020279,0.007485979449077622,0.9499843550241985,0.9211397339123235,0.7506377483153609,0.75021916876119,0.7504265460722733
beagle,15%,21, 0.5%~1%,41385.0,0.9924319119682514,0.9146254912131909,0.7506864269508305,0.7487719775172508,0.7497230975684742,0.0002458668887915895,0.002586920711513029,0.008315146854837228,0.008251315762345788,0.008282351486367042,0.9499843550241985,0.9211397339123235,0.7506377483153609,0.75021916876119,0.7504265460722733
beagle,15%,21, 1%~10%,86698.0,0.9698431052756855,0.9107949419809761,0.7492967599014025,0.7478702870533308,0.7485773629978336,0.0007593664896213291,0.002005622090266753,0.006462046504741181,0.0064462516737496785,0.006452642673959213,0.9499843550241985,0.9211397339123235,0.7506377483153609,0.75021916876119,0.7504265460722733
beagle,15%,21, 10%~20%,19443.0,0.8825198769246976,0.9084725695430383,0.7511815072861651,0.7509915702498366,0.7510841440060839,0.0025894314990121793,0.001969067797705287,0.005506893416764734,0.005497621310241221,0.0055038815239957005,0.9499843550241985,0.9211397339123235,0.7506377483153609,0.75021916876119,0.7504265460722733
beagle,15%,21, 20%~30%,12765.0,0.8238608918060066,0.8789841425253441,0.7500859916574969,0.7501659667431376,0.7501233477939518,0.003794193695778964,0.002500972375815869,0.005402677623626442,0.005384367506229697,0.005394601009799283,0.9499843550241985,0.9211397339123235,0.7506377483153609,0.75021916876119,0.7504265460722733
beagle,15%,21, 30%~40%,10621.0,0.7858715229137482,0.8476259513029386,0.7510551645068918,0.7512943814970275,0.7511701084277838,0.005074284372325351,0.0034484513538259117,0.005906390038128801,0.005894725969788457,0.005902381951105514,0.9499843550241985,0.9211397339123235,0.7506377483153609,0.75021916876119,0.7504265460722733
beagle,15%,21, 40%~50%,9508.0,0.7680392417192007,0.8301726929269512,0.7503377259924235,0.7506246225183881,0.7504768249098723,0.004740121570938323,0.0033139418083240036,0.005110396214097162,0.005095791713304978,0.005103565709525729,0.9499843550241985,0.9211397339123235,0.7506377483153609,0.75021916876119,0.7504265460722733
beagle,15%,21, Overall,243732.0,0.9499843550241985,0.9211397339123235,0.7506377483153609,0.75021916876119,0.7504265460722733,0.0011503002012040499,0.0017393367481311748,0.0057892471352717885,0.005773335121234821,0.005781830544807298,0.9499843550241985,0.9211397339123235,0.7506377483153609,0.75021916876119,0.7504265460722733
beagle,25%,21, 0.1%~0.5%,63312.0,0.9957557246419286,0.8817298965436452,0.7467000932734945,0.7356609997729606,0.7409961231827621,3.5692634730017694e-05,0.0005439053496562178,0.002285274652483921,0.002257387146430441,0.002296978321582585,0.9494445965989322,0.9184903702117565,0.7491905046048021,0.7480452896161564,0.7486121051583884
beagle,25%,21, 0.5%~1%,41385.0,0.9922723848960416,0.9062888270314969,0.7515983493580877,0.745281581732228,0.7483833215973302,7.98143685100357e-05,0.0007793077233485226,0.0029000050937740504,0.0028280807959222033,0.002866423274746754,0.9494445965989322,0.9184903702117565,0.7491905046048021,0.7480452896161564,0.7486121051583884
beagle,25%,21, 1%~10%,86698.0,0.9696727953956161,0.9067884027093331,0.7506324213420226,0.7475863115262943,0.7490909699805551,0.00026336813369712785,0.0006521616675966247,0.0022641901039069504,0.0022023603100604747,0.002232381337894566,0.9494445965989322,0.9184903702117565,0.7491905046048021,0.7480452896161564,0.7486121051583884
beagle,25%,21, 10%~20%,19443.0,0.8811326364472355,0.9060112438630714,0.7487905489808532,0.7483914777568165,0.748586172891029,0.0015720133394168329,0.0011891179077977243,0.003372237537567613,0.003345998123697395,0.0033605995045795267,0.9494445965989322,0.9184903702117565,0.7491905046048021,0.7480452896161564,0.7486121051583884
beagle,25%,21, 20%~30%,12765.0,0.822929757332138,0.8769243114688482,0.748883167425659,0.7490337903662362,0.7489555574722903,0.0015755599001174175,0.0009970583766134326,0.0022496512461202115,0.002232529859970335,0.002242044127965617,0.9494445965989322,0.9184903702117565,0.7491905046048021,0.7480452896161564,0.7486121051583884
beagle,25%,21, 30%~40%,10621.0,0.783154925752112,0.8442373795778476,0.7477306671891767,0.7482290268925142,0.747973136805716,0.0021946041895644615,0.0015190833378621216,0.0025627912266171986,0.0025516752592858708,0.0025592005376496797,0.9494445965989322,0.9184903702117565,0.7491905046048021,0.7480452896161564,0.7486121051583884
beagle,25%,21, 40%~50%,9508.0,0.7655038542688087,0.8267581335676276,0.7473300556740347,0.7479478765804571,0.7476343241848316,0.004136739482522607,0.0028956891816465827,0.00446140471683428,0.00444286096517088,0.0044538923987168175,0.9494445965989322,0.9184903702117565,0.7491905046048021,0.7480452896161564,0.7486121051583884
beagle,25%,21, Overall,243732.0,0.9494445965989322,0.9184903702117565,0.7491905046048021,0.7480452896161564,0.7486121051583884,0.0005679937911817083,0.000858036157787926,0.002874131543950343,0.002847818166474082,0.0028614966758933307,0.9494445965989322,0.9184903702117565,0.7491905046048021,0.7480452896161564,0.7486121051583884
beagle,5%,22, 0.1%~0.5%,62625.0,0.996099805458791,0.8989452359111265,0.7476990459559989,0.7484506338812563,0.7480395278454788,3.371902856570241e-05,0.0008384051549609026,0.002242806494081367,0.0022728888041643343,0.0022485374161303954,0.9534918276147936,0.921181952326782,0.749124120164015,0.7490741620970255,0.7490957206922682
beagle,5%,22, 0.5%~1%,41501.0,0.9926889235554938,0.8981431949633879,0.7488560429867972,0.7493965564650454,0.74911958630421,0.00016774792243431181,0.0023562582808320915,0.005772447399059547,0.005779400265116157,0.005771661329421327,0.9534918276147936,0.921181952326782,0.749124120164015,0.7490741620970255,0.7490957206922682
beagle,5%,22, 1%~10%,90533.0,0.9702601703806315,0.9122135862957613,0.7499428369066656,0.7497189732106366,0.7498237861323117,0.0002157814802107608,0.0005764135969316712,0.0018225766973451194,0.0018156728938016381,0.0018229403716074656,0.9534918276147936,0.921181952326782,0.749124120164015,0.7490741620970255,0.7490957206922682
beagle,5%,22, 10%~20%,17410.0,0.883068454896411,0.9094980008196036,0.7500681100991803,0.7500120092216913,0.7500369717451498,0.0010804912626180855,0.0008355981837421869,0.0023116260017563835,0.002309887649016959,0.0023096588218027526,0.9534918276147936,0.921181952326782,0.749124120164015,0.7490741620970255,0.7490957206922682
beagle,5%,22, 20%~30%,11479.0,0.8238223301027688,0.8757900444883,0.7484197224766983,0.7484485165453544,0.748431926890591,0.0015617993102951346,0.0010459014624845512,0.002220108569378301,0.0022226023463124936,0.0022221530420815797,0.9534918276147936,0.921181952326782,0.749124120164015,0.7490741620970255,0.7490957206922682
beagle,5%,22, 30%~40%,9555.0,0.7858848014198369,0.8505529601214624,0.7481639986998712,0.7482370496048292,0.7482001915360352,0.0015099951367996223,0.0009891520933092489,0.0017798614354724177,0.0017792365694610068,0.00177930704785661,0.9534918276147936,0.921181952326782,0.749124120164015,0.7490741620970255,0.7490957206922682
beagle,5%,22, 40%~50%,8010.0,0.7665880260574155,0.8304554678332847,0.7484265763102861,0.7485251988575611,0.7484635744803088,0.0037845801586738194,0.0026276028518800987,0.004093211453181221,0.004090084600989894,0.004085632712542038,0.9534918276147936,0.921181952326782,0.749124120164015,0.7490741620970255,0.7490957206922682
beagle,5%,22, Overall,241113.0,0.9534918276147936,0.921181952326782,0.749124120164015,0.7490741620970255,0.7490957206922682,0.0004084741341636627,0.0006703771386924297,0.0022098793028534694,0.002208125453347413,0.0022093057133006156,0.9534918276147936,0.921181952326782,0.749124120164015,0.7490741620970255,0.7490957206922682
beagle,15%,22, 0.1%~0.5%,62625.0,0.9960127602842478,0.8924563955486269,0.7454452336198111,0.7456993259049689,0.7455419583333293,4.899906914810035e-05,0.0013150511215767563,0.003232072397635709,0.00330897987758481,0.003260714961778822,0.9533005883777564,0.9194217506178383,0.7490147111835445,0.7486504143862726,0.7488283877391755
beagle,15%,22, 0.5%~1%,41501.0,0.9924479349666137,0.8890253868759826,0.7444442434298285,0.7430142411147335,0.7437248032522114,4.625617909538176e-05,0.0008966982017172321,0.001465142803031641,0.0015248067636060914,0.0014949960924248004,0.9533005883777564,0.9194217506178383,0.7490147111835445,0.7486504143862726,0.7488283877391755
beagle,15%,22, 1%~10%,90533.0,0.969850877643549,0.9084545149550856,0.748359802574606,0.7473936420594954,0.747868480785426,6.456905378580195e-05,0.00013496800233660588,0.0005530373230970845,0.000537345890384817,0.0005507081369664983,0.9533005883777564,0.9194217506178383,0.7490147111835445,0.7486504143862726,0.7488283877391755
beagle,15%,22, 10%~20%,17410.0,0.8827515617162754,0.9079052908720064,0.7499776984545033,0.7497563530262479,0.7498633391035946,0.0009344068156004516,0.0006886274979433001,0.0020052437545100884,0.0020017137560896965,0.002003672921921365,0.9533005883777564,0.9194217506178383,0.7490147111835445,0.7486504143862726,0.7488283877391755
beagle,15%,22, 20%~30%,11479.0,0.8243786995837773,0.8746335055765514,0.749347501154948,0.7494558441248892,0.7493989840117002,0.0014613342170592294,0.0010080059293808726,0.0020874736432781554,0.0020887037958495017,0.0020896018604928492,0.9533005883777564,0.9194217506178383,0.7490147111835445,0.7486504143862726,0.7488283877391755
beagle,15%,22, 30%~40%,9555.0,0.7860472920766238,0.8491205315713352,0.7482745164893262,0.7485473709265468,0.7484066075509657,0.0020743752767805484,0.0013754733636413467,0.002438417340065412,0.0024447125207258226,0.0024398067833772945,0.9533005883777564,0.9194217506178383,0.7490147111835445,0.7486504143862726,0.7488283877391755
beagle,15%,22, 40%~50%,8010.0,0.767084237225648,0.8291569118212315,0.7487738322676236,0.7491209625524555,0.7489347752625983,0.0021040960674391434,0.0013825064591458406,0.0022357621974676716,0.0022405588699626207,0.002250191968611076,0.9533005883777564,0.9194217506178383,0.7490147111835445,0.7486504143862726,0.7488283877391755
beagle,15%,22, Overall,241113.0,0.9533005883777564,0.9194217506178383,0.7490147111835445,0.7486504143862726,0.7488283877391755,0.0003061681150785907,0.00046813711668779493,0.001655978279123071,0.0016503740643914982,0.0016562197578897978,0.9533005883777564,0.9194217506178383,0.7490147111835445,0.7486504143862726,0.7488283877391755
beagle,25%,22, 0.1%~0.5%,62625.0,0.995764435640759,0.8698163185676776,0.7411034958288508,0.731810081950952,0.7363238867400429,6.83252665831693e-05,0.0013494531365944315,0.004717595660657867,0.00434048011809066,0.004532687717569721,0.9526528213790465,0.9163434587682695,0.7468127799842738,0.7457662126298364,0.746281606004199
beagle,25%,22, 0.5%~1%,41501.0,0.9922083512028618,0.8777830482105414,0.741425022016454,0.7366683426629573,0.7390025856877079,0.00016950263412077922,0.002445053447497479,0.005912771710350629,0.00573580763764117,0.005822081603162992,0.9526528213790465,0.9163434587682695,0.7468127799842738,0.7457662126298364,0.746281606004199
beagle,25%,22, 1%~10%,90533.0,0.9691397252130417,0.90328863808296,0.7446612334223021,0.7424959814218589,0.7435576289966602,0.0003328596651982074,0.000982746271178039,0.002861813480012294,0.0028164604543079,0.002836139367033167,0.9526528213790465,0.9163434587682695,0.7468127799842738,0.7457662126298364,0.746281606004199
beagle,25%,22, 10%~20%,17410.0,0.8814635325326922,0.905161595325712,0.7479233317304622,0.7474444504211983,0.7476796767134442,0.0008695985944177343,0.0006618307696694433,0.0018638717318145625,0.0018603299366339934,0.0018629944284422818,0.9526528213790465,0.9163434587682695,0.7468127799842738,0.7457662126298364,0.746281606004199
beagle,25%,22, 20%~30%,11479.0,0.8220613583122142,0.8711948517245339,0.7461665712232929,0.7463864977935071,0.74626862948884,0.0017174764571459174,0.0011105974671843947,0.002466432069771833,0.0024500616165424568,0.0024598966354907005,0.9526528213790465,0.9163434587682695,0.7468127799842738,0.7457662126298364,0.746281606004199
beagle,25%,22, 30%~40%,9555.0,0.7848971235174386,0.8463273204356151,0.7467521496770043,0.7473306449821883,0.7470361560547488,0.0007518249009771873,0.0004734016145317621,0.0008759784632292719,0.0008847015689508493,0.0008780978328015148,0.9526528213790465,0.9163434587682695,0.7468127799842738,0.7457662126298364,0.746281606004199
beagle,25%,22, 40%~50%,8010.0,0.7662986222861474,0.8264140691367484,0.7475942638218273,0.7483457854739509,0.7479587336906484,0.0020684721651660133,0.001545608609080353,0.002240037740065069,0.0022300170654860384,0.0022341530801893716,0.9526528213790465,0.9163434587682695,0.7468127799842738,0.7457662126298364,0.746281606004199
beagle,25%,22, Overall,241113.0,0.9526528213790465,0.9163434587682695,0.7468127799842738,0.7457662126298364,0.746281606004199,0.00027677623730417155,0.0004493520023201577,0.0014995023984554628,0.0014990532622808565,0.0015007539864610845,0.9526528213790465,0.9163434587682695,0.7468127799842738,0.7457662126298364,0.746281606004199
scda,5%,1, 0.1%~0.5%,357366.0,0.9966113917271637,0.7667284637927395,0.8380962244543225,0.9734560884329749,0.8986235330811693,7.480781532324168e-06,0.00021165635150018866,0.0002965400581150619,0.0001018793950100489,0.00020290601025055736,0.9888749417699718,0.9253893063340263,0.9738795694749146,0.9548028118388038,0.9641961158442255
scda,5%,1, 0.5%~1%,238160.0,0.9961666396321949,0.8584132208036133,0.9049175139638376,0.9720873604908183,0.9366820524321708,3.961964246608045e-06,0.0001631298465937149,6.394207177199124e-05,6.051039018888751e-05,6.200546285371167e-05,0.9888749417699718,0.9253893063340263,0.9738795694749146,0.9548028118388038,0.9641961158442255
scda,5%,1, 1%~10%,485357.0,0.991608264997252,0.9185901562718884,0.9655002879657163,0.9529734260509803,0.9591737461662042,4.058144899604225e-06,5.662181167107066e-05,3.169975435371096e-05,1.2468840982862774e-05,1.1904270878778463e-05,0.9888749417699718,0.9253893063340263,0.9738795694749146,0.9548028118388038,0.9641961158442255
scda,5%,1, 10%~20%,104787.0,0.975853473440594,0.9200207300835462,0.9779477710757357,0.9526584046657852,0.9649302988602503,1.2490983382976736e-05,2.3713956206002282e-05,2.4925583151854573e-05,1.926048861287282e-05,1.986748831037447e-05,0.9888749417699718,0.9253893063340263,0.9738795694749146,0.9548028118388038,0.9641961158442255
scda,5%,1, 20%~30%,66311.0,0.966346293980286,0.9056190918222994,0.9742977125196788,0.9538058571819185,0.9635327329130682,4.119453720121198e-06,4.0531418242930986e-05,1.5152048704340802e-05,7.235220036688204e-06,8.039589247947963e-06,0.9888749417699718,0.9253893063340263,0.9738795694749146,0.9548028118388038,0.9641961158442255
scda,5%,1, 30%~40%,52037.0,0.9601847111174893,0.8886450911305587,0.9680697648213297,0.9550014062484439,0.9607393808852732,9.133990228107276e-06,6.817073299980463e-05,1.4567763253168814e-05,1.004306605026161e-05,1.1145077309093137e-05,0.9888749417699718,0.9253893063340263,0.9738795694749146,0.9548028118388038,0.9641961158442255
scda,5%,1, 40%~50%,46984.0,0.9574463447578735,0.8769179543579214,0.9625483789247161,0.955987252371863,0.9581473738904632,2.7683395805640507e-05,0.00017053092106936177,2.9319699251203945e-05,2.8700346972840738e-05,2.9012521883618334e-05,0.9888749417699718,0.9253893063340263,0.9738795694749146,0.9548028118388038,0.9641961158442255
scda,5%,1, Overall,1351002.0,0.9888749417699718,0.9253893063340263,0.9738795694749146,0.9548028118388038,0.9641961158442255,2.4756404012609247e-06,3.085544766306735e-05,1.545416412223968e-05,4.61311367396291e-06,7.179715864627695e-06,0.9888749417699718,0.9253893063340263,0.9738795694749146,0.9548028118388038,0.9641961158442255
scda,15%,1, 0.1%~0.5%,357366.0,0.992508484501165,0.5460080630922284,0.7180651602800244,0.9232083387143905,0.8019079230806477,1.340830587006193e-05,0.0005455939100233102,0.0003320056516206232,3.729684422707458e-05,0.00023086698256454384,0.9732456662326254,0.8057128176307861,0.9541977969852122,0.8880905700318452,0.9192960183094123
scda,15%,1, 0.5%~1%,238160.0,0.9903158371341246,0.6624254668353472,0.8176006152033767,0.8873901474211495,0.850373747208498,1.0102742312570434e-05,0.00035808906905867584,0.00017045494415157187,2.6959409215120987e-05,0.00010750307140358398,0.9732456662326254,0.8057128176307861,0.9541977969852122,0.8880905700318452,0.9192960183094123
scda,15%,1, 1%~10%,485357.0,0.9800831772730924,0.7913385624016408,0.9381215503685846,0.8836804415338113,0.9096886343570398,4.126261948456813e-06,9.651994214639844e-05,2.2615450906176495e-05,4.4505708716138525e-05,3.188797816090975e-05,0.9732456662326254,0.8057128176307861,0.9541977969852122,0.8880905700318452,0.9192960183094123
scda,15%,1, 10%~20%,104787.0,0.9423828358046572,0.7942876037038102,0.9619599486448446,0.886568183428845,0.9208834861474231,1.9515909370255498e-05,9.988112542771959e-05,4.2421899942373626e-05,3.675224805001214e-05,3.939015183091835e-05,0.9732456662326254,0.8057128176307861,0.9541977969852122,0.8880905700318452,0.9192960183094123
scda,15%,1, 20%~30%,66311.0,0.9183533887128132,0.76040757419503,0.9511587647652803,0.8877984769807701,0.9149953106620407,1.499079815587915e-05,0.00014425343660984222,2.3151422223977212e-05,1.7811416808365423e-05,1.4612228341803002e-05,0.9732456662326254,0.8057128176307861,0.9541977969852122,0.8880905700318452,0.9192960183094123
scda,15%,1, 30%~40%,52037.0,0.9021225830026909,0.7236158090812661,0.9357136199650743,0.889506170378961,0.906322083198248,4.169937497563359e-05,0.0001704203286914995,2.4253241462393486e-05,4.6994039653319735e-05,4.001356757630759e-05,0.9732456662326254,0.8057128176307861,0.9541977969852122,0.8880905700318452,0.9192960183094123
scda,15%,1, 40%~50%,46984.0,0.8946460375799803,0.6996451445409306,0.9236562192982828,0.8912928128630706,0.8993301656219798,1.9428753915927115e-05,0.00022828784860685856,2.71536537601392e-05,1.5212896020562562e-05,1.856922520868274e-05,0.9732456662326254,0.8057128176307861,0.9541977969852122,0.8880905700318452,0.9192960183094123
scda,15%,1, Overall,1351002.0,0.9732456662326254,0.8057128176307861,0.9541977969852122,0.8880905700318452,0.9192960183094123,8.154837801052441e-06,4.521637310734084e-05,3.533740289475957e-05,1.949406216208113e-05,2.6459050435420216e-05,0.9732456662326254,0.8057128176307861,0.9541977969852122,0.8880905700318452,0.9192960183094123
scda,25%,1, 0.1%~0.5%,357366.0,0.9889608192066489,0.3818789742886725,0.6416417388104704,0.7892072759615832,0.7030869781695257,1.8159182487896198e-06,4.019194421309148e-05,4.793541727474087e-05,0.00010326991867245357,6.831342267452145e-05,0.9575630744024456,0.6896324056112152,0.9399105571925214,0.8136310228575093,0.8695750994995702
scda,25%,1, 0.5%~1%,238160.0,0.9858779583056071,0.5173341701557225,0.7644590384653908,0.7906713221126239,0.7771603646064515,4.62888243000903e-06,0.00021789577041770623,9.58979734336589e-05,3.726812971634777e-05,6.484617604043456e-05,0.9575630744024456,0.6896324056112152,0.9399105571925214,0.8136310228575093,0.8695750994995702
scda,25%,1, 1%~10%,485357.0,0.9692777511087033,0.6731020097134381,0.9197103666367488,0.8079677490058509,0.8583533419645626,9.950865226181056e-06,4.833798768635859e-05,0.00010954126997631713,1.3919055855380139e-05,5.287216175308955e-05,0.9575630744024456,0.6896324056112152,0.9399105571925214,0.8136310228575093,0.8695750994995702
scda,25%,1, 10%~20%,104787.0,0.9069757574369918,0.6717793710219153,0.9479001830629906,0.8146270130714227,0.8704236505754875,3.820512322386935e-05,0.00010375116177486398,5.8762558120504894e-05,7.157211998165985e-05,6.633988937564057e-05,0.9575630744024456,0.6896324056112152,0.9399105571925214,0.8136310228575093,0.8695750994995702
scda,25%,1, 20%~30%,66311.0,0.8667916337462644,0.6255620092293364,0.9309181804862519,0.8161328551608212,0.8599404259773366,3.8187421745901025e-05,0.00010673144785519236,4.9503077893625927e-05,4.2999738145994455e-05,4.582809314701038e-05,0.9575630744024456,0.6896324056112152,0.9399105571925214,0.8136310228575093,0.8695750994995702
scda,25%,1, 30%~40%,52037.0,0.839268286071091,0.5790564237849951,0.9095811452750061,0.8183518311611299,0.8463219433337357,6.0765838189647976e-06,0.00018589714452086565,1.5746059194547045e-05,9.115034205075392e-06,7.262270285466362e-06,0.9575630744024456,0.6896324056112152,0.9399105571925214,0.8136310228575093,0.8695750994995702
scda,25%,1, 40%~50%,46984.0,0.8261563087463694,0.5501396096939587,0.8942755443168097,0.8206613198046598,0.8360245951912963,4.285062834510445e-05,0.00012145091654916927,4.020514376017883e-05,4.7963807159403844e-05,4.8536365217873106e-05,0.9575630744024456,0.6896324056112152,0.9399105571925214,0.8136310228575093,0.8695750994995702
scda,25%,1, Overall,1351002.0,0.9575630744024456,0.6896324056112152,0.9399105571925214,0.8136310228575093,0.8695750994995702,8.379383328621458e-06,1.813979711770104e-05,4.2487173962442895e-05,2.7499395110905726e-05,3.392936922323378e-05,0.9575630744024456,0.6896324056112152,0.9399105571925214,0.8136310228575093,0.8695750994995702
scda,5%,2, 0.1%~0.5%,392587.0,0.9968218680632924,0.7669301659885291,0.8408969594119657,0.9740971371886341,0.9006282108772115,2.6960758213040113e-06,0.00011593780039734638,0.00010776788257152125,3.281124939767008e-05,8.024698151633621e-05,0.9893588679168648,0.9261409779350371,0.9747660873753373,0.9552356760850383,0.9648498449623119
scda,5%,2, 0.5%~1%,254390.0,0.9963580016532005,0.8642678101671049,0.9095685042779392,0.9723760770620246,0.9393620562991019,7.30346483154494e-06,0.0003633421382559803,0.0001724204347988115,7.594980141249774e-05,0.00012092956520538588,0.9893588679168648,0.9261409779350371,0.9747660873753373,0.9552356760850383,0.9648498449623119
scda,5%,2, 1%~10%,523727.0,0.9918798990765714,0.9202599567503954,0.9672598227121126,0.9535258912681872,0.960319718787834,3.2517247193034006e-06,4.214188336944915e-05,2.2072368829480817e-05,7.98158577665199e-06,1.0830048249470618e-05,0.9893588679168648,0.9261409779350371,0.9747660873753373,0.9552356760850383,0.9648498449623119
scda,5%,2, 10%~20%,108435.0,0.9763241317317712,0.9207362671168727,0.9789889092100461,0.9533349390231193,0.9657803378114947,1.0790247650212212e-05,0.000127658375431353,1.1773718709344966e-05,1.667041404610235e-05,8.970121196596984e-06,0.9893588679168648,0.9261409779350371,0.9747660873753373,0.9552356760850383,0.9648498449623119
scda,5%,2, 20%~30%,69984.0,0.9664094143119007,0.9054780773796242,0.9745880634912675,0.9542383784202125,0.9638848962535446,2.496639130084665e-05,0.00016402355771491506,2.5748074084736604e-05,3.077907506043248e-05,2.8002997516165487e-05,0.9893588679168648,0.9261409779350371,0.9747660873753373,0.9552356760850383,0.9648498449623119
scda,5%,2, 30%~40%,52968.0,0.9604940946242215,0.8879615671303661,0.9684870538826299,0.9555703393145499,0.9612079633182967,1.6870630106400215e-06,1.2778690429631402e-05,3.376339167933617e-06,2.1376107878929065e-06,2.5346192587567706e-06,0.9893588679168648,0.9261409779350371,0.9747660873753373,0.9552356760850383,0.9648498449623119
scda,5%,2, 40%~50%,46163.0,0.9572488866598703,0.8758954735095057,0.9626858099432076,0.9556603801849809,0.9580384269391954,4.0849457640272006e-05,0.0002933469497896185,3.788145060568145e-05,3.883705597026255e-05,3.917400327187598e-05,0.9893588679168648,0.9261409779350371,0.9747660873753373,0.9552356760850383,0.9648498449623119
scda,5%,2, Overall,1448254.0,0.9893588679168648,0.9261409779350371,0.9747660873753373,0.9552356760850383,0.9648498449623119,2.8015447514488927e-06,4.706924234554522e-05,8.086414267956077e-06,1.1300629631030883e-05,7.477657835817022e-06,0.9893588679168648,0.9261409779350371,0.9747660873753373,0.9552356760850383,0.9648498449623119
scda,15%,2, 0.1%~0.5%,392587.0,0.9929141213855021,0.5444844709358322,0.7205188354431454,0.9237983993103946,0.8038176895674206,5.2179233268919415e-06,0.0001495355407572125,0.000163637690171521,4.901037331711516e-05,9.691634807274065e-05,0.9741864406236479,0.8065845407691752,0.9553336509779443,0.8881338851663855,0.9198361550452648
scda,15%,2, 0.5%~1%,254390.0,0.9906707020661418,0.6712456334730308,0.8249298920055094,0.8873636803415424,0.8544438990811902,2.786553853090483e-06,0.0002818342319725717,0.00011557974083393409,6.530523170679032e-05,9.569438436151089e-05,0.9741864406236479,0.8065845407691752,0.9553336509779443,0.8881338851663855,0.9198361550452648
scda,15%,2, 1%~10%,523727.0,0.9805625325995665,0.794070222304156,0.9408587389732822,0.8842071416980669,0.9112255618465334,5.7837788133886125e-06,7.515699396456046e-05,3.26829864595936e-05,2.6139751587123492e-05,2.5412543647396184e-05,0.9741864406236479,0.8065845407691752,0.9553336509779443,0.8881338851663855,0.9198361550452648
scda,15%,2, 10%~20%,108435.0,0.9428555699380804,0.7947625175122113,0.9632195060756509,0.886852633417026,0.9215849250776712,1.634653147702027e-05,4.192540679647531e-05,1.8380000141307715e-05,2.5782269758868663e-05,2.1755158176054426e-05,0.9741864406236479,0.8065845407691752,0.9553336509779443,0.8881338851663855,0.9198361550452648
scda,15%,2, 20%~30%,69984.0,0.9179329890648914,0.7592553823665411,0.9511824147652065,0.8880736935473381,0.915069930919219,3.0620235480289676e-06,6.70682483589517e-05,1.640027145345317e-05,2.200258719051302e-06,4.89662316115555e-06,0.9741864406236479,0.8065845407691752,0.9553336509779443,0.8881338851663855,0.9198361550452648
scda,15%,2, 30%~40%,52968.0,0.9018455364111082,0.7219979346647517,0.9357734947108599,0.8896967731966186,0.9062833770210833,1.6344811923615215e-05,6.67368080225123e-05,2.3571337501424027e-05,1.73306673388615e-05,1.891463996240338e-05,0.9741864406236479,0.8065845407691752,0.9553336509779443,0.8881338851663855,0.9198361550452648
scda,15%,2, 40%~50%,46163.0,0.893623018253471,0.6971820771729469,0.9236814984906535,0.8898675180126072,0.8985040166747802,2.5844164602368365e-05,0.0001538191099354866,1.9560610768018883e-05,2.630643154504069e-05,2.4725557496606664e-05,0.9741864406236479,0.8065845407691752,0.9553336509779443,0.8881338851663855,0.9198361550452648
scda,15%,2, Overall,1448254.0,0.9741864406236479,0.8065845407691752,0.9553336509779443,0.8881338851663855,0.9198361550452648,8.693974359442328e-07,4.4818970699352445e-05,5.168418363558487e-06,4.807800637383134e-06,2.846651484394101e-06,0.9741864406236479,0.8065845407691752,0.9553336509779443,0.8881338851663855,0.9198361550452648
scda,25%,2, 0.1%~0.5%,392587.0,0.9895156480504093,0.37846369211122016,0.6450180920206954,0.7893011441087562,0.7050503060255386,6.546291048469225e-06,0.00012564368935163268,0.00017488930928887875,1.901246941037909e-05,0.00011802932621648879,0.9589675380679491,0.6906673195356366,0.9413928793821257,0.8132488117022487,0.8699566610073027
scda,25%,2, 0.5%~1%,254390.0,0.9863354974605372,0.5268010023673803,0.7734491361548277,0.7906213620709455,0.7818340792452014,9.783892897632115e-06,0.00038441956393484467,0.0001787009362835909,3.959408071023378e-05,9.680750919179865e-05,0.9589675380679491,0.6906673195356366,0.9413928793821257,0.8132488117022487,0.8699566610073027
scda,25%,2, 1%~10%,523727.0,0.9699099926050879,0.67659806186299,0.9232496624716401,0.8083311501962749,0.8600090299610486,6.022115445578465e-06,8.179303931369714e-05,3.8999775601730224e-05,2.1865119685314453e-05,2.8706889785967202e-05,0.9589675380679491,0.6906673195356366,0.9413928793821257,0.8132488117022487,0.8699566610073027
scda,25%,2, 10%~20%,108435.0,0.9074462731465288,0.6721457253299038,0.9493632160259559,0.8145911058670491,0.870945382463376,6.600559838966088e-06,8.398034031295083e-05,4.48107558728741e-05,1.2641634719576951e-05,1.0450896586895533e-05,0.9589675380679491,0.6906673195356366,0.9413928793821257,0.8132488117022487,0.8699566610073027
scda,25%,2, 20%~30%,69984.0,0.8658697399890932,0.6240052544994987,0.9308079763480509,0.8163053339566574,0.8597798778846909,2.387712200003582e-05,8.818817045852454e-05,4.553150999866841e-05,2.8421087017761792e-05,3.449223606224888e-05,0.9589675380679491,0.6906673195356366,0.9413928793821257,0.8132488117022487,0.8699566610073027
scda,25%,2, 30%~40%,52968.0,0.8383998593789511,0.5770886321639462,0.9094869354402505,0.8182002558211391,0.8458205013630772,3.6760556459203084e-05,8.180025206790525e-05,2.6775845521418776e-05,4.380999179215368e-05,4.0617626467313654e-05,0.9589675380679491,0.6906673195356366,0.9413928793821257,0.8132488117022487,0.8699566610073027
scda,25%,2, 40%~50%,46163.0,0.8247151830729744,0.5472767711721663,0.8943833340034925,0.8185399872545486,0.8347345531777348,2.7194520442438312e-05,0.00015598790283654615,2.8617663782482946e-05,3.135773719477687e-05,3.15013254257636e-05,0.9589675380679491,0.6906673195356366,0.9413928793821257,0.8132488117022487,0.8699566610073027
scda,25%,2, Overall,1448254.0,0.9589675380679491,0.6906673195356366,0.9413928793821257,0.8132488117022487,0.8699566610073027,6.817269361313585e-06,4.903390028068101e-05,3.979591572512034e-05,1.9197299180286613e-05,2.5961964425090933e-05,0.9589675380679491,0.6906673195356366,0.9413928793821257,0.8132488117022487,0.8699566610073027
scda,5%,3, 0.1%~0.5%,327569.0,0.996502262677919,0.7312187020598794,0.8184718938508371,0.9719996466419142,0.8858932366597992,9.508199684097026e-06,0.000592845419713256,0.00038973472241149757,0.00011799843625696076,0.0002903897153914238,0.9886322546848109,0.9243501092003096,0.9732496124428588,0.9544916015900099,0.9637300489517734
scda,5%,3, 0.5%~1%,217095.0,0.9960341519635749,0.8420410285169165,0.8961793235926386,0.9714672634988638,0.9316456835756187,4.388213923096469e-06,0.00015208797603240615,7.928620799833043e-05,7.617268460052891e-05,6.859855021495117e-05,0.9886322546848109,0.9243501092003096,0.9732496124428588,0.9544916015900099,0.9637300489517734
scda,5%,3, 1%~10%,442087.0,0.9914836742372478,0.9166978159074791,0.9645014483142269,0.9523457298825493,0.9583662051505407,7.973164578929042e-06,0.00010327398674398059,7.545069694935667e-05,2.5971241680479888e-05,4.054733871283559e-05,0.9886322546848109,0.9243501092003096,0.9732496124428588,0.9544916015900099,0.9637300489517734
scda,5%,3, 10%~20%,97918.0,0.975498536047764,0.9192937172992434,0.9776857949168614,0.9523459016506978,0.9646389130302825,1.1801409142502117e-05,6.194692040654604e-05,2.2056432697519823e-05,1.683483988405352e-05,1.701914974042754e-05,0.9886322546848109,0.9243501092003096,0.9732496124428588,0.9544916015900099,0.9637300489517734
scda,5%,3, 20%~30%,60497.0,0.9655440706997108,0.9037582382356787,0.9737398105396117,0.9539912732932369,0.963322865815965,6.502951424125358e-06,0.00010732846030000814,1.9333172747694122e-05,9.686376979513085e-06,1.3907264314151684e-05,0.9886322546848109,0.9243501092003096,0.9732496124428588,0.9544916015900099,0.9637300489517734
scda,5%,3, 30%~40%,48858.0,0.9592964915631189,0.8867867685771408,0.9670214588072801,0.9543000364457717,0.9598433090549392,3.7233294262571764e-06,7.33567556293245e-05,8.037718314944746e-06,3.7153707620644555e-06,4.118023809458195e-06,0.9886322546848109,0.9243501092003096,0.9732496124428588,0.9544916015900099,0.9637300489517734
scda,5%,3, 40%~50%,42874.0,0.9576255603932246,0.8773213633255278,0.9626780925710009,0.9562171531048377,0.9583520223928006,2.6214536626786874e-05,4.9710472886144424e-05,1.96857156326186e-05,2.7671093648162348e-05,2.546750604681451e-05,0.9886322546848109,0.9243501092003096,0.9732496124428588,0.9544916015900099,0.9637300489517734
scda,5%,3, Overall,1236898.0,0.9886322546848109,0.9243501092003096,0.9732496124428588,0.9544916015900099,0.9637300489517734,4.347065197339425e-06,6.727595845654268e-05,1.902048712511201e-05,3.7997692355207227e-06,9.513493077498563e-06,0.9886322546848109,0.9243501092003096,0.9732496124428588,0.9544916015900099,0.9637300489517734
scda,15%,3, 0.1%~0.5%,327569.0,0.9923200925002921,0.501595952218481,0.6914794245667618,0.9219211615319761,0.7821417802118155,3.592220627461536e-06,0.00019931664354678756,6.490791474260598e-05,2.272193596555376e-05,6.374239375614987e-05,0.972845848984813,0.8044606260647232,0.9530507129033431,0.8880920556613031,0.9187819696459921
scda,15%,3, 0.5%~1%,217095.0,0.9901315652930762,0.6362248413781592,0.8029542992105242,0.8864414365331795,0.8416786604534657,1.0714856491912327e-05,0.00023895937576497378,0.00024095498947371695,4.735781268578757e-05,0.00012659431314539327,0.972845848984813,0.8044606260647232,0.9530507129033431,0.8880920556613031,0.9187819696459921
scda,15%,3, 1%~10%,442087.0,0.9799735150112951,0.7885176597068719,0.9363014354797002,0.8834622920030295,0.9087389022109816,9.071618131861496e-06,1.7067560225721863e-05,7.974087439021534e-05,1.774653480993873e-05,4.115207968483367e-05,0.972845848984813,0.8044606260647232,0.9530507129033431,0.8880920556613031,0.9187819696459921
scda,15%,3, 10%~20%,97918.0,0.9416941067913555,0.7928574257498117,0.9614220322394208,0.8860997650305488,0.9203627828177198,1.029668607931547e-05,4.6560136170897564e-05,3.219371054519999e-05,2.3916907588202925e-05,1.925908946406528e-05,0.972845848984813,0.8044606260647232,0.9530507129033431,0.8880920556613031,0.9187819696459921
scda,15%,3, 20%~30%,60497.0,0.9163606411638886,0.7569027361340314,0.9496183094684373,0.8882932421861156,0.9143411914379597,2.3561680737382584e-05,0.00013698329916125415,1.2739198082515273e-05,2.532215203953504e-05,1.8031709375853828e-05,0.972845848984813,0.8044606260647232,0.9530507129033431,0.8880920556613031,0.9187819696459921
scda,15%,3, 30%~40%,48858.0,0.9011426040472893,0.7218909785546718,0.9343265066883957,0.8891343026845812,0.9053743937665195,3.7914977992931644e-05,3.771675593359495e-05,3.4738683194144024e-05,4.274161818458806e-05,4.0315096823648914e-05,0.972845848984813,0.8044606260647232,0.9530507129033431,0.8880920556613031,0.9187819696459921
scda,15%,3, 40%~50%,42874.0,0.8955945895755021,0.7024551994963154,0.9240767810986225,0.8922833830431453,0.900228630030964,3.7252879583220226e-05,5.112177023148637e-05,2.1385617656075956e-05,4.296513537199661e-05,3.763803613773533e-05,0.972845848984813,0.8044606260647232,0.9530507129033431,0.8880920556613031,0.9187819696459921
scda,15%,3, Overall,1236898.0,0.972845848984813,0.8044606260647232,0.9530507129033431,0.8880920556613031,0.9187819696459921,4.185785605941302e-06,3.0289619487943776e-05,1.5491646742666408e-05,1.3746361497347766e-05,1.44621732457962e-05,0.972845848984813,0.8044606260647232,0.9530507129033431,0.8880920556613031,0.9187819696459921
scda,25%,3, 0.1%~0.5%,327569.0,0.988775023361113,0.33687656194625254,0.6139165329615909,0.7876652276554207,0.6819296545977641,1.0506617797581806e-06,2.836011849361686e-05,8.220954165675325e-05,0.00011574785878094191,9.614072829626859e-05,0.9570257158766121,0.6882398955228949,0.9383702692265348,0.813920483042207,0.8691347226777086
scda,25%,3, 0.5%~1%,217095.0,0.9857310924168603,0.4890900843931664,0.7468068550993276,0.7902635389129907,0.7673309937033413,9.10579190176397e-06,0.00019199108280964786,0.00018900180871847923,3.129399772346426e-05,0.00011283814404449398,0.9570257158766121,0.6882398955228949,0.9383702692265348,0.813920483042207,0.8691347226777086
scda,25%,3, 1%~10%,442087.0,0.9692096603790886,0.6697662100962051,0.9173263125647048,0.8080182447953037,0.8574039533472435,1.077840986164015e-05,0.00014790267023140574,8.253335155309339e-05,4.5605505350984964e-05,3.780195049885561e-05,0.9570257158766121,0.6882398955228949,0.9383702692265348,0.813920483042207,0.8691347226777086
scda,25%,3, 10%~20%,97918.0,0.905980058687527,0.6698405880988424,0.9472089465599794,0.8140729066938736,0.8697543050030107,2.175790283685331e-05,0.0001501365958742434,2.9151167641408553e-05,3.489209104651261e-05,3.199588586097063e-05,0.9570257158766121,0.6882398955228949,0.9383702692265348,0.813920483042207,0.8691347226777086
scda,25%,3, 20%~30%,60497.0,0.863390852447344,0.6210997096000056,0.9286869242988954,0.8168488448121329,0.8588786273978792,1.633361697262858e-05,4.5445402147408746e-05,5.27013974445668e-05,6.694189651300565e-06,2.0559608953612115e-05,0.9570257158766121,0.6882398955228949,0.9383702692265348,0.813920483042207,0.8691347226777086
scda,25%,3, 30%~40%,48858.0,0.8381114905246996,0.5774314140518109,0.9079602635038384,0.8182713650169854,0.8453729839771077,3.046914617030871e-05,0.0001378133593082013,5.291689841565299e-05,3.129427980420512e-05,3.596414019100817e-05,0.9570257158766121,0.6882398955228949,0.9383702692265348,0.813920483042207,0.8691347226777086
scda,25%,3, 40%~50%,42874.0,0.8276835065913364,0.553849493596367,0.8946874695671686,0.8222135580817497,0.8374400153826317,1.6705065147255954e-05,0.00022487629740154194,2.882425696019092e-05,1.564108047986085e-05,1.9358476259257058e-05,0.9570257158766121,0.6882398955228949,0.9383702692265348,0.813920483042207,0.8691347226777086
scda,25%,3, Overall,1236898.0,0.9570257158766121,0.6882398955228949,0.9383702692265348,0.813920483042207,0.8691347226777086,3.585227330081806e-06,6.455471652954976e-05,8.676764211649628e-06,2.5163638269724565e-05,1.9110905950629658e-05,0.9570257158766121,0.6882398955228949,0.9383702692265348,0.813920483042207,0.8691347226777086
scda,5%,4, 0.1%~0.5%,326690.0,0.9960302556180417,0.7482476784420068,0.820985758554072,0.9711594805239078,0.8870979660558803,5.939011522236865e-06,0.00012451642796844454,0.00022158030968800463,4.915789974250277e-05,0.00015883135405481006,0.9878134255768467,0.9231168772256994,0.971558600785423,0.9537569733776824,0.9625297647295232
scda,5%,4, 0.5%~1%,214523.0,0.995581590581898,0.8500145349609767,0.8949658191314552,0.9703598436288295,0.9303029174057968,7.94664665582079e-06,8.192923858146613e-05,0.00016938534501547672,4.2759344811348265e-05,0.00011601461754631797,0.9878134255768467,0.9231168772256994,0.971558600785423,0.9537569733776824,0.9625297647295232
scda,5%,4, 1%~10%,441846.0,0.9907696019684025,0.9157474138811224,0.9618456549045978,0.9514145936519421,0.9565830127684668,6.023313462173445e-06,3.058621201725052e-05,4.566600193871906e-05,3.714615941930873e-05,4.071468536391058e-05,0.9878134255768467,0.9231168772256994,0.971558600785423,0.9537569733776824,0.9625297647295232
scda,5%,4, 10%~20%,99906.0,0.974666630231911,0.9183459423632242,0.9761534218992768,0.951596884761273,0.9635144999336408,1.6524193082641604e-05,7.164651446300965e-05,2.0973534991768138e-05,2.954989971299518e-05,2.490210031298949e-05,0.9878134255768467,0.9231168772256994,0.971558600785423,0.9537569733776824,0.9625297647295232
scda,5%,4, 20%~30%,69440.0,0.9657645191953882,0.9051064236062506,0.9732755841820793,0.9536452778142741,0.9629580221949552,1.857072130429315e-05,5.0925139917257506e-05,2.4653096683227365e-05,1.6485550505066986e-05,1.9737387831473524e-05,0.9878134255768467,0.9231168772256994,0.971558600785423,0.9537569733776824,0.9625297647295232
scda,5%,4, 30%~40%,49710.0,0.9592693388446398,0.8869549524564665,0.966637101491353,0.9544403822763458,0.9597385362886101,3.0267366961784666e-05,0.00018646950667741742,2.6548827075386372e-05,2.9285713967587303e-05,2.8165442637733154e-05,0.9878134255768467,0.9231168772256994,0.971558600785423,0.9537569733776824,0.9625297647295232
scda,5%,4, 40%~50%,44556.0,0.9565373991130173,0.8759121846562427,0.9615845891242687,0.9549690928890429,0.9571871225318906,1.3740427050484702e-05,4.690537032731192e-05,1.4647635683910711e-05,1.595612727318838e-05,1.4726510884038022e-05,0.9878134255768467,0.9231168772256994,0.971558600785423,0.9537569733776824,0.9625297647295232
scda,5%,4, Overall,1246671.0,0.9878134255768467,0.9231168772256994,0.971558600785423,0.9537569733776824,0.9625297647295232,8.548702763486248e-06,3.4584939165479536e-05,3.607575871987528e-05,2.133289515743337e-05,2.8505837550967992e-05,0.9878134255768467,0.9231168772256994,0.971558600785423,0.9537569733776824,0.9625297647295232
scda,15%,4, 0.1%~0.5%,326690.0,0.9913914971775314,0.5228041088637054,0.6970939627201815,0.9210506511094098,0.7862677716105436,3.15965167652762e-06,4.829654906423918e-05,7.953431966465502e-05,5.832032158156893e-05,5.4472430589026595e-05,0.9713152793487931,0.802744190293243,0.9508110076654304,0.8881184990891207,0.9177808177682073
scda,15%,4, 0.5%~1%,214523.0,0.9892018869795173,0.6522382929447689,0.8032596151136872,0.8855726643510285,0.8413810279905231,1.667542632032622e-05,0.00021724421740829212,0.0003509806017661257,0.00011274881273247572,0.00023204946069893895,0.9713152793487931,0.802744190293243,0.9508110076654304,0.8881184990891207,0.9177808177682073
scda,15%,4, 1%~10%,441846.0,0.9786181717494985,0.7874603070913615,0.9326979860540203,0.8831932944554156,0.9069314287457519,9.851249973497876e-06,9.521124811837468e-05,4.6268200233812175e-05,3.4376685204044797e-06,2.167127956037058e-05,0.9713152793487931,0.802744190293243,0.9508110076654304,0.8881184990891207,0.9177808177682073
scda,15%,4, 10%~20%,99906.0,0.9406708973101382,0.7919198733640297,0.9594556900258665,0.8862968593337036,0.9196155373517721,1.6009793701044706e-05,0.00015635476341535842,4.1995535554796176e-05,1.1613067217863966e-05,1.7012507326124987e-05,0.9713152793487931,0.802744190293243,0.9508110076654304,0.8881184990891207,0.9177808177682073
scda,15%,4, 20%~30%,69440.0,0.9182439417567592,0.7611752610738436,0.9499207883702875,0.8892107590222399,0.9152578497580007,1.2661985573226332e-05,0.00012806346893128452,2.477495966889268e-05,2.3877165671532464e-05,2.2923607299993016e-05,0.9713152793487931,0.802744190293243,0.9508110076654304,0.8881184990891207,0.9177808177682073
scda,15%,4, 30%~40%,49710.0,0.9018304391070237,0.7231214433727721,0.9339853556086225,0.8904077533018869,0.9059834956798287,3.810089407902496e-05,0.00026138693459354547,3.479762385151978e-05,3.520798947670197e-05,3.566832688627743e-05,0.9713152793487931,0.802744190293243,0.9508110076654304,0.8881184990891207,0.9177808177682073
scda,15%,4, 40%~50%,44556.0,0.8945215949032567,0.7008553776593826,0.923005691311568,0.8909642408680208,0.8990732452042337,1.6912476673081032e-05,0.00020373314110544365,7.209051549975178e-06,1.934367783672343e-05,1.2926483849110718e-05,0.9713152793487931,0.802744190293243,0.9508110076654304,0.8881184990891207,0.9177808177682073
scda,15%,4, Overall,1246671.0,0.9713152793487931,0.802744190293243,0.9508110076654304,0.8881184990891207,0.9177808177682073,3.547709793456959e-06,1.9686996508736694e-05,2.494596908173277e-05,8.131979204110551e-06,9.077149989943876e-06,0.9713152793487931,0.802744190293243,0.9508110076654304,0.8881184990891207,0.9177808177682073
scda,25%,4, 0.1%~0.5%,326690.0,0.9875322166985745,0.36290868089378087,0.6189276396133155,0.7880582228351122,0.6872135094492696,1.0305453030175526e-05,0.00017869276911933258,0.0002362645098917655,5.807123541462873e-05,0.00014540634946274322,0.9547951826470289,0.686449692533781,0.9355334937226281,0.8146865937867176,0.8684353978198619
scda,25%,4, 0.5%~1%,214523.0,0.9844702705203593,0.508457607336338,0.7479492461935195,0.7909608105848869,0.7685210355377757,7.792798223804931e-06,0.00025398589219342144,0.00017797308709730455,7.083867205531793e-05,7.350244726424494e-05,0.9547951826470289,0.686449692533781,0.9355334937226281,0.8146865937867176,0.8684353978198619
scda,25%,4, 1%~10%,441846.0,0.9672656738955099,0.6687076566177579,0.9128661378975426,0.8083012017499435,0.8557324935894798,1.5222234873121625e-06,1.9209157634519308e-05,1.7891452597767124e-05,2.2764789658633124e-05,6.448669212384486e-06,0.9547951826470289,0.686449692533781,0.9355334937226281,0.8146865937867176,0.8684353978198619
scda,25%,4, 10%~20%,99906.0,0.9046415163840829,0.6690206538405367,0.9446830717437994,0.8149610444410748,0.8693237302964484,2.701616563854722e-05,0.0001395926387684555,3.817397889946767e-05,5.6850099881694495e-05,4.755783613734656e-05,0.9547951826470289,0.686449692533781,0.9355334937226281,0.8146865937867176,0.8684353978198619
scda,25%,4, 20%~30%,69440.0,0.8668113512116488,0.6272055299768805,0.9293296864459867,0.8186967254130858,0.86090709551181,1.8925510901619566e-05,8.856446219772984e-05,2.327289550838786e-05,1.9287068532375945e-05,2.0848999802033286e-05,0.9547951826470289,0.686449692533781,0.9355334937226281,0.8146865937867176,0.8684353978198619
scda,25%,4, 30%~40%,49710.0,0.8392191057945974,0.579222246754627,0.9074837851950827,0.8203654031391666,0.8465397175953759,1.5591994767509848e-05,0.00011556000021933913,7.801329770950029e-06,2.1919623196552937e-05,1.8287766789136854e-05,0.9547951826470289,0.686449692533781,0.9355334937226281,0.8146865937867176,0.8684353978198619
scda,25%,4, 40%~50%,44556.0,0.8267461883599921,0.5519041341544458,0.89361994422139,0.820944706838215,0.8363701996062393,2.065305582194363e-05,0.00019183744121196918,2.3539344522334645e-05,1.5724819565011357e-05,1.7044589656965536e-05,0.9547951826470289,0.686449692533781,0.9355334937226281,0.8146865937867176,0.8684353978198619
scda,25%,4, Overall,1246671.0,0.9547951826470289,0.686449692533781,0.9355334937226281,0.8146865937867176,0.8684353978198619,2.565730032592486e-06,2.0950371287088925e-05,1.4154004931885096e-05,1.1289955701212733e-05,8.681743241632421e-06,0.9547951826470289,0.686449692533781,0.9355334937226281,0.8146865937867176,0.8684353978198619
scda,5%,5, 0.1%~0.5%,305740.0,0.9966786851291342,0.7275379611816422,0.8168528489074672,0.973212568920081,0.8852946507955458,4.48208827689244e-06,0.0003567702054786035,0.00020302469110899024,4.854179170227696e-05,0.00011119176596143412,0.9890620222733982,0.9250468590664078,0.9739767082252507,0.9552046585122019,0.9644506444931205
scda,5%,5, 0.5%~1%,200027.0,0.9963681962504137,0.8310635118002158,0.8900863356473908,0.9723058353530784,0.9286532431038795,4.568704098976595e-06,0.00018107848368556346,0.00012850623283178667,4.669841775995482e-05,7.905290166275144e-05,0.9890620222733982,0.9250468590664078,0.9739767082252507,0.9552046585122019,0.9644506444931205
scda,5%,5, 1%~10%,399038.0,0.992083613180955,0.9142239435591245,0.9631957152296792,0.9528711794488443,0.9579922955629607,5.229181160402115e-06,7.185874749780208e-05,3.751710709075989e-05,2.697818548964978e-05,3.175155970694615e-05,0.9890620222733982,0.9250468590664078,0.9739767082252507,0.9552046585122019,0.9644506444931205
scda,5%,5, 10%~20%,86447.0,0.9760299295011897,0.920360628508603,0.9781478279371072,0.9529265980390315,0.965168495628007,1.0310369311315698e-05,0.00010633354159726214,5.082738450420184e-06,1.3799087956651432e-05,8.151881603847539e-06,0.9890620222733982,0.9250468590664078,0.9739767082252507,0.9552046585122019,0.9644506444931205
scda,5%,5, 20%~30%,57340.0,0.9664533657992727,0.9052658097174957,0.9747407395138682,0.9545462102870234,0.9641129286491484,9.250425298735084e-06,8.900433059068465e-05,2.3035311516363437e-05,1.3101558769645432e-05,1.7562931945606283e-05,0.9890620222733982,0.9250468590664078,0.9739767082252507,0.9552046585122019,0.9644506444931205
scda,5%,5, 30%~40%,44679.0,0.960442963779566,0.8884572949907806,0.9683808764153256,0.9554722359203618,0.9611195140205909,2.2069054270029048e-05,4.68519894550193e-05,2.411984843029389e-05,2.447040156848307e-05,2.4206693487134097e-05,0.9890620222733982,0.9250468590664078,0.9739767082252507,0.9552046585122019,0.9644506444931205
scda,5%,5, 40%~50%,41359.0,0.9577691100745701,0.8761120512991836,0.9628568656757048,0.9564873851380628,0.9585410210522531,3.2989559056173925e-05,0.0001750062555541745,3.0037339232855904e-05,3.3365899671599965e-05,3.244080603894926e-05,0.9890620222733982,0.9250468590664078,0.9739767082252507,0.9552046585122019,0.9644506444931205
scda,5%,5, Overall,1134630.0,0.9890620222733982,0.9250468590664078,0.9739767082252507,0.9552046585122019,0.9644506444931205,3.9995057679482e-06,3.072881660134986e-05,1.810318308688841e-05,1.3249433874982333e-05,1.4544543512558319e-05,0.9890620222733982,0.9250468590664078,0.9739767082252507,0.9552046585122019,0.9644506444931205
scda,15%,5, 0.1%~0.5%,305740.0,0.9926974906733795,0.49809142675296214,0.6891880392130677,0.9228459770785763,0.7805798180722835,3.8311141878055024e-06,0.00025181477015978154,0.00011290110520124971,1.751668098713654e-05,7.849953320075001e-05,0.9736223118110662,0.8051885467489038,0.9539535488748547,0.8883643216836888,0.9193443914517346
scda,15%,5, 0.5%~1%,200027.0,0.9908713464366722,0.6137778040182663,0.7923136360424653,0.8868131919284817,0.8354151738866084,1.3388864464228048e-05,0.0004397441864109423,0.00033072470285207544,6.639526295619407e-05,0.0002239913473394004,0.9736223118110662,0.8051885467489038,0.9539535488748547,0.8883643216836888,0.9193443914517346
scda,15%,5, 1%~10%,399038.0,0.9813023928377914,0.782584842270518,0.9331350920729501,0.8832856603345438,0.9071924815152613,6.687179187185581e-06,0.00014434233498506008,4.179369060508838e-05,2.4783905468496636e-05,2.438420335665501e-05,0.9736223118110662,0.8051885467489038,0.9539535488748547,0.8883643216836888,0.9193443914517346
scda,15%,5, 10%~20%,86447.0,0.9425204565364952,0.7941617517999581,0.9621041933725897,0.886469630523536,0.9208986658929917,2.558650690116048e-05,0.00010527875776518027,4.4310287237785234e-05,4.858779184760638e-05,4.6240925499807133e-05,0.9736223118110662,0.8051885467489038,0.9539535488748547,0.8883643216836888,0.9193443914517346
scda,15%,5, 20%~30%,57340.0,0.9177732229385301,0.7591559897743001,0.9511625375137699,0.8884371195507259,0.9152258376267715,2.0365225643016827e-05,5.0704209797358164e-05,2.4990220641811018e-05,3.477331015791188e-05,2.7743540703605166e-05,0.9736223118110662,0.8051885467489038,0.9539535488748547,0.8883643216836888,0.9193443914517346
scda,15%,5, 30%~40%,44679.0,0.9021346497849992,0.7233646437319186,0.9358332804817705,0.8898750280060864,0.906493900417992,1.7347564678767916e-05,5.407667433713393e-05,1.9933139950949542e-05,2.4600518162443906e-05,1.8118379782650056e-05,0.9736223118110662,0.8051885467489038,0.9539535488748547,0.8883643216836888,0.9193443914517346
scda,15%,5, 40%~50%,41359.0,0.8947539659461432,0.6994822317291316,0.9238124131207067,0.891657647625626,0.8995108044716167,2.370977814422637e-05,0.00015158755458467507,2.5902881353970315e-05,2.605230353817976e-05,2.397059832189566e-05,0.9736223118110662,0.8051885467489038,0.9539535488748547,0.8883643216836888,0.9193443914517346
scda,15%,5, Overall,1134630.0,0.9736223118110662,0.8051885467489038,0.9539535488748547,0.8883643216836888,0.9193443914517346,6.0362659031043695e-06,4.941621600715811e-05,2.883142280524229e-05,1.9097453179670985e-05,2.1076713259651373e-05,0.9736223118110662,0.8051885467489038,0.9539535488748547,0.8883643216836888,0.9193443914517346
scda,25%,5, 0.1%~0.5%,305740.0,0.9893626119196518,0.332911926387389,0.6132935094301067,0.7887810509640746,0.6814084529468861,9.692367233346837e-06,0.00040265815573589116,0.00021638612311317146,8.412416050780046e-05,0.00018309501680442513,0.9581693409666041,0.6889968616493708,0.9395181173513188,0.8138208079748526,0.8695546862836286
scda,25%,5, 0.5%~1%,200027.0,0.9868247127575674,0.4628396207870374,0.7349456204310035,0.7899913246798307,0.7599061779361062,3.9597898708484785e-06,0.00019840054879497498,0.0001112181320940718,0.00014638118601854741,0.00013416452487520733,0.9581693409666041,0.6889968616493708,0.9395181173513188,0.8138208079748526,0.8695546862836286
scda,25%,5, 1%~10%,399038.0,0.9713346688773826,0.6623488397384234,0.913039006494377,0.8072299432346801,0.8551868545169908,7.023635613658628e-06,0.0001222062230223074,5.481896707655773e-05,1.8677641556745298e-05,3.166016859352944e-05,0.9581693409666041,0.6889968616493708,0.9395181173513188,0.8138208079748526,0.8695546862836286
scda,25%,5, 10%~20%,86447.0,0.9071064634531488,0.6713163251713862,0.9479669754061169,0.814240182060502,0.8702272709800868,2.8426072436808354e-05,0.00016847787429880953,6.238885248775161e-05,2.3984321153315644e-05,3.735206796611031e-05,0.9581693409666041,0.6889968616493708,0.9395181173513188,0.8138208079748526,0.8695546862836286
scda,25%,5, 20%~30%,57340.0,0.8654602900096062,0.6237916248493911,0.9306426214362169,0.8166995355406628,0.8598600369806825,1.5447129962255367e-05,0.0001593388724189184,2.01334426875565e-06,1.757383458613056e-05,1.2538620439681329e-05,0.9581693409666041,0.6889968616493708,0.9395181173513188,0.8138208079748526,0.8695546862836286
scda,25%,5, 30%~40%,44679.0,0.8389613548338946,0.5785539419518079,0.9095855878766866,0.8185838939681084,0.8462744375178821,1.1597341674152573e-05,6.641827153801241e-05,8.741827290888961e-06,1.3536569571899313e-05,1.1041112515933094e-05,0.9581693409666041,0.6889968616493708,0.9395181173513188,0.8138208079748526,0.8695546862836286
scda,25%,5, 40%~50%,41359.0,0.8260074979197727,0.5499496427784788,0.8943577377592967,0.8208804935951785,0.8360009703851023,2.9814702641514534e-05,0.0002828093780934982,1.949755066017224e-05,2.9228274384468514e-05,2.801414222814004e-05,0.9581693409666041,0.6889968616493708,0.9395181173513188,0.8138208079748526,0.8695546862836286
scda,25%,5, Overall,1134630.0,0.9581693409666041,0.6889968616493708,0.9395181173513188,0.8138208079748526,0.8695546862836286,4.86277699499732e-06,6.331783248484942e-05,2.6848104193654018e-05,9.240825083813405e-06,1.2580972310238874e-05,0.9581693409666041,0.6889968616493708,0.9395181173513188,0.8138208079748526,0.8695546862836286
scda,5%,6, 0.1%~0.5%,283847.0,0.9962736489676826,0.7050345855865906,0.8016617024003231,0.9717525503118948,0.8749788111501441,4.998603720712464e-06,0.00012457533715866736,0.00019440960224667323,1.7855448443795452e-05,0.0001258249570720494,0.9877619635636957,0.9228562823705405,0.9712223283373844,0.9536824170145232,0.9623280773222045
scda,5%,6, 0.5%~1%,189041.0,0.9958178277311092,0.8354428404188433,0.889249161780867,0.9707917636918862,0.9274596957377557,1.1544434791914162e-05,0.00024747011917651546,0.0002846197217990092,4.0691149418871584e-05,0.00015039055676519685,0.9877619635636957,0.9228562823705405,0.9712223283373844,0.9536824170145232,0.9623280773222045
scda,5%,6, 1%~10%,403807.0,0.9910102180444388,0.9106833723189897,0.9594178171576511,0.9510985337191588,0.9552305860174917,3.552336154607067e-06,4.148873084024969e-05,2.93113650244074e-05,8.870087388235721e-06,1.7250229104861915e-05,0.9877619635636957,0.9228562823705405,0.9712223283373844,0.9536824170145232,0.9623280773222045
scda,5%,6, 10%~20%,91320.0,0.9744372634677316,0.9171966961353775,0.9750275422634028,0.9509105689208418,0.9626256115051456,9.100527695105295e-06,6.756507752092839e-05,1.514522096201458e-05,2.9691390824667186e-05,1.302376145227898e-05,0.9877619635636957,0.9228562823705405,0.9712223283373844,0.9536824170145232,0.9623280773222045
scda,5%,6, 20%~30%,60752.0,0.9651030489683503,0.9046470333620279,0.9722615481661298,0.9529247914254843,0.9621015427106875,2.8819453570879563e-06,5.6944644855002074e-05,1.1014192175275783e-05,5.50156450043182e-07,4.905760493036552e-06,0.9877619635636957,0.9228562823705405,0.9712223283373844,0.9536824170145232,0.9623280773222045
scda,5%,6, 30%~40%,48948.0,0.9594734299652004,0.887618945572117,0.9665393923495232,0.9549825169764428,0.9599766851934474,3.0477339139804865e-05,8.309635081412726e-05,2.6566279290350496e-05,3.339473047986928e-05,3.072347339308209e-05,0.9877619635636957,0.9228562823705405,0.9712223283373844,0.9536824170145232,0.9623280773222045
scda,5%,6, 40%~50%,41091.0,0.956793631150176,0.8759644803115177,0.9618239903849356,0.9553162285764504,0.957486336333388,3.427631425219598e-05,0.00011197839308060804,3.277053560026428e-05,3.4230800483385485e-05,3.3741290240462944e-05,0.9877619635636957,0.9228562823705405,0.9712223283373844,0.9536824170145232,0.9623280773222045
scda,5%,6, Overall,1118806.0,0.9877619635636957,0.9228562823705405,0.9712223283373844,0.9536824170145232,0.9623280773222045,1.9259010126934184e-06,7.773351541841754e-06,8.74651946309127e-06,7.16601596832003e-06,7.947152399299459e-06,0.9877619635636957,0.9228562823705405,0.9712223283373844,0.9536824170145232,0.9623280773222045
scda,15%,6, 0.1%~0.5%,283847.0,0.9918855497595027,0.4711732463357083,0.6707736787120165,0.9209147683356552,0.7659479996953663,9.960845366235213e-06,0.00038881609087565867,0.00020872551479768047,6.093773839914852e-05,0.00018878756171476633,0.9713215655236586,0.8031650032651138,0.9503798691409414,0.8882731808977059,0.9176733536626672
scda,15%,6, 0.5%~1%,189041.0,0.9897275119179524,0.6263374954710482,0.7919311784416666,0.8864586753100342,0.8352963973838788,1.2608315748895475e-05,0.00030845660017389076,0.00026502118359048927,4.1215934799196124e-05,0.00017117610231937475,0.9713215655236586,0.8031650032651138,0.9503798691409414,0.8882731808977059,0.9176733536626672
scda,15%,6, 1%~10%,403807.0,0.979358254391773,0.7783481934925419,0.9278533650304679,0.8825548949048093,0.9043567927868006,2.845761729678337e-06,7.973407468263206e-05,1.810531091212754e-05,2.1978954065720333e-05,1.7239075983843277e-05,0.9713215655236586,0.8031650032651138,0.9503798691409414,0.8882731808977059,0.9176733536626672
scda,15%,6, 10%~20%,91320.0,0.9408829770047751,0.7912270475109392,0.9581597497103349,0.8857848873502553,0.9188136242852858,1.956761368976557e-05,9.363047561091993e-05,6.558448713023788e-05,3.319832663551133e-05,4.094892132539019e-05,0.9713215655236586,0.8031650032651138,0.9503798691409414,0.8882731808977059,0.9176733536626672
scda,15%,6, 20%~30%,60752.0,0.9175549421479768,0.7613181927575905,0.9486510663067286,0.8886359980160607,0.9143986148032273,1.340724500967849e-05,5.046846979270241e-05,6.288477800973164e-06,1.8478258704230752e-05,9.470240395970927e-06,0.9713215655236586,0.8031650032651138,0.9503798691409414,0.8882731808977059,0.9176733536626672
scda,15%,6, 30%~40%,48948.0,0.9023481166687536,0.7254628403353127,0.9336033711016194,0.8916463625190971,0.9065110569385556,1.8711426370716146e-05,0.0001715515157699078,2.9099438051459967e-05,1.7577394244667692e-05,1.9419329227672317e-05,0.9713215655236586,0.8031650032651138,0.9503798691409414,0.8882731808977059,0.9176733536626672
scda,15%,6, 40%~50%,41091.0,0.8949160074679221,0.701705826763444,0.9233328994507598,0.8914546176341824,0.8994960731793477,3.486799141582763e-05,9.734254423583857e-05,2.152309591654149e-05,3.9829290558314457e-05,3.594840786004534e-05,0.9713215655236586,0.8031650032651138,0.9503798691409414,0.8882731808977059,0.9176733536626672
scda,15%,6, Overall,1118806.0,0.9713215655236586,0.8031650032651138,0.9503798691409414,0.8882731808977059,0.9176733536626672,3.594810322315599e-06,4.3971275459437517e-05,2.7205912619132383e-05,7.200825006624804e-06,1.4858903868222306e-05,0.9713215655236586,0.8031650032651138,0.9503798691409414,0.8882731808977059,0.9176733536626672
scda,25%,6, 0.1%~0.5%,283847.0,0.98827799922898,0.3097157275179597,0.5932203481877263,0.7880878863424122,0.6660274229926234,1.636445494329305e-05,0.00034143110063174605,0.0003870694129465505,9.897160468641384e-05,0.0003078151543432964,0.9548573121589673,0.6872350596925317,0.9350021708216224,0.8150969870225288,0.8684751318724827
scda,25%,6, 0.5%~1%,189041.0,0.9852655403667806,0.4794799967470371,0.7342238328375498,0.7911764530338786,0.7608194409676398,5.567137162030593e-06,0.00014229529622134183,0.00010815284041792593,0.00016344759127485562,6.937814945374968e-05,0.9548573121589673,0.6872350596925317,0.9350021708216224,0.8150969870225288,0.8684751318724827
scda,25%,6, 1%~10%,403807.0,0.9686049964959135,0.6576827748244108,0.9062443573058743,0.8074026836245213,0.8524675036973056,1.49984070183196e-05,0.000131031077189854,0.0001495165008390578,2.7051249514444753e-05,7.744366832392699e-05,0.9548573121589673,0.6872350596925317,0.9350021708216224,0.8150969870225288,0.8684751318724827
scda,25%,6, 10%~20%,91320.0,0.9053696884505357,0.6683868058586716,0.9432448565948618,0.8146150137643837,0.8686931052527092,1.9045925801432317e-05,0.00014992033038344668,2.7587832847791544e-05,1.9203234681328406e-05,2.2371972250806963e-05,0.9548573121589673,0.6872350596925317,0.9350021708216224,0.8150969870225288,0.8684751318724827
scda,25%,6, 20%~30%,60752.0,0.8661804162648585,0.6276486402261378,0.9278895572565781,0.8183511799861573,0.8601764522544801,3.0725934988927415e-05,0.00018116387589310842,3.1562629046723877e-05,3.7570985076554433e-05,3.595744163739277e-05,0.9548573121589673,0.6872350596925317,0.9350021708216224,0.8150969870225288,0.8684751318724827
scda,25%,6, 30%~40%,48948.0,0.8398130376686964,0.5820867585853868,0.9067795434798542,0.8220713467868189,0.84726815949899,3.530813749198222e-05,7.718220963471187e-05,3.16080560015943e-05,4.139313943040737e-05,3.9133006632512e-05,0.9548573121589673,0.6872350596925317,0.9350021708216224,0.8150969870225288,0.8684751318724827
scda,25%,6, 40%~50%,41091.0,0.8271291216481124,0.5530087954580085,0.8939342317220342,0.8214297395365966,0.8367866604310912,2.8502476112962165e-05,5.113970570791575e-05,1.9225585900427146e-05,3.06136184628559e-05,2.8498132843541747e-05,0.9548573121589673,0.6872350596925317,0.9350021708216224,0.8150969870225288,0.8684751318724827
scda,25%,6, Overall,1118806.0,0.9548573121589673,0.6872350596925317,0.9350021708216224,0.8150969870225288,0.8684751318724827,7.624332408141839e-06,5.079419040418775e-05,2.4854732589772445e-05,1.6416694874285035e-05,1.7371807311159238e-05,0.9548573121589673,0.6872350596925317,0.9350021708216224,0.8150969870225288,0.8684751318724827
scda,5%,7, 0.1%~0.5%,268202.0,0.9964585363647128,0.7261719287078048,0.8141552159941572,0.9722195696001825,0.8832494010656374,5.2715568193610095e-06,4.461109916894812e-05,0.00021624312572215352,0.0001254093645511577,0.00017865208828102427,0.988440412801436,0.9239490194116673,0.9730099785877465,0.9543339210624945,0.9635323186030833
scda,5%,7, 0.5%~1%,178023.0,0.9960519477457189,0.8344992059960451,0.8905831511351449,0.9707859676816607,0.9282274279088782,1.2882462490205516e-05,0.00042769502836901836,0.00033345555655285824,9.17192442580174e-05,0.00022728925438373967,0.988440412801436,0.9239490194116673,0.9730099785877465,0.9543339210624945,0.9635323186030833
scda,5%,7, 1%~10%,368386.0,0.9914715771384257,0.9140022518852057,0.9626320652727585,0.9518390209267148,0.9571905483016216,8.755204440756069e-06,6.39492298450416e-05,7.086107359789157e-05,4.17601814242934e-05,5.520924913590992e-05,0.988440412801436,0.9239490194116673,0.9730099785877465,0.9543339210624945,0.9635323186030833
scda,5%,7, 10%~20%,80361.0,0.9752872608488543,0.9188429779621553,0.977280069289422,0.9520445057820712,0.9642882593584009,1.0171552975831838e-05,0.00010645029774175546,2.7065220294626564e-05,1.9003528193378823e-05,2.0585062201718606e-05,0.988440412801436,0.9239490194116673,0.9730099785877465,0.9543339210624945,0.9635323186030833
scda,5%,7, 20%~30%,54503.0,0.9660912608454687,0.9052109333656414,0.9741769971481716,0.9541920998085693,0.9636579637057147,7.577001300702232e-06,9.361248792220433e-05,1.347501359184207e-05,6.582828997973976e-06,9.637533369205345e-06,0.988440412801436,0.9239490194116673,0.9730099785877465,0.9543339210624945,0.9635323186030833
scda,5%,7, 30%~40%,42095.0,0.9600846416706975,0.888099597015518,0.9679025315011106,0.9550321907651961,0.9606708709858273,4.043652186727454e-05,0.00012782160183666058,4.069123465573521e-05,4.384476052989968e-05,4.279827422818803e-05,0.988440412801436,0.9239490194116673,0.9730099785877465,0.9543339210624945,0.9635323186030833
scda,5%,7, 40%~50%,36391.0,0.9567454577882616,0.8747202859701576,0.9617645384171047,0.9553999975744514,0.9574394685105969,5.549473791854587e-06,9.182363212745988e-05,2.441154661450929e-06,4.581330872262661e-06,3.8075688766015826e-06,0.988440412801436,0.9239490194116673,0.9730099785877465,0.9543339210624945,0.9635323186030833
scda,5%,7, Overall,1027961.0,0.988440412801436,0.9239490194116673,0.9730099785877465,0.9543339210624945,0.9635323186030833,3.6546310510720357e-06,4.28353661066688e-05,1.8315380973545374e-05,1.1585044285248495e-05,1.3066566028660983e-05,0.988440412801436,0.9239490194116673,0.9730099785877465,0.9543339210624945,0.9635323186030833
scda,15%,7, 0.1%~0.5%,268202.0,0.9922374306357004,0.495151011589874,0.6858685149193713,0.9214946042216817,0.7778404006468665,9.359999811304024e-06,0.00040263836038146136,0.0002757574481816835,0.00011083829140728534,0.00023939301161447578,0.9724415849250266,0.8035812197024202,0.9526073665313443,0.8879221264559266,0.9184861347453376
scda,15%,7, 0.5%~1%,178023.0,0.9902225931744183,0.6219379298170967,0.7932366962820216,0.8867471954528904,0.8361345878998949,7.443824013485651e-06,0.0004550310950619349,0.0001393110944756253,0.0001360343357120875,9.239603650964211e-05,0.9724415849250266,0.8035812197024202,0.9526073665313443,0.8879221264559266,0.9184861347453376
scda,15%,7, 1%~10%,368386.0,0.9800849149267764,0.783291414756165,0.9327397974841203,0.8829164121645544,0.9068093218645469,8.846462704908664e-06,9.489915565264534e-05,6.147027466981479e-05,2.4358824240170277e-05,3.7748078548161836e-05,0.9724415849250266,0.8035812197024202,0.9526073665313443,0.8879221264559266,0.9184861347453376
scda,15%,7, 10%~20%,80361.0,0.9413724465686991,0.7918296063439324,0.9607826484803851,0.8857505880419212,0.9198915623245366,2.5530513726689665e-05,8.501511779331972e-05,2.632009962197668e-05,6.290731703960713e-05,4.7827819911938726e-05,0.9724415849250266,0.8035812197024202,0.9526073665313443,0.8879221264559266,0.9184861347453376
scda,15%,7, 20%~30%,54503.0,0.9177240903496039,0.759816761518616,0.950618924303453,0.8887688498062939,0.9151915551094086,3.677235883583807e-05,0.00016706351933611077,3.584019457932502e-05,4.546758591421491e-05,4.089973021940482e-05,0.9724415849250266,0.8035812197024202,0.9526073665313443,0.8879221264559266,0.9184861347453376
scda,15%,7, 30%~40%,42095.0,0.9023583116889179,0.7241767445932571,0.9355782246027481,0.8900708952550169,0.9065819045132435,4.203317183066338e-05,0.00016811331060100467,4.0310849140244256e-05,4.3936972430198696e-05,4.324213302636038e-05,0.9724415849250266,0.8035812197024202,0.9526073665313443,0.8879221264559266,0.9184861347453376
scda,15%,7, 40%~50%,36391.0,0.8938166615173412,0.6978628178264961,0.9227031143338129,0.8907075065758933,0.8984702024928862,1.0021219413635916e-05,0.0004077446748602926,7.996163757000601e-06,1.3357031675546158e-05,1.0658907582652724e-05,0.9724415849250266,0.8035812197024202,0.9526073665313443,0.8879221264559266,0.9184861347453376
scda,15%,7, Overall,1027961.0,0.9724415849250266,0.8035812197024202,0.9526073665313443,0.8879221264559266,0.9184861347453376,5.036589684232085e-06,3.811982160983827e-05,1.8056384095339103e-05,1.5536886495744296e-05,1.4949726277025825e-05,0.9724415849250266,0.8035812197024202,0.9526073665313443,0.8879221264559266,0.9184861347453376
scda,25%,7, 0.1%~0.5%,268202.0,0.9887111032375584,0.33070468026196703,0.6085411745556296,0.7876337186118142,0.6779762785807878,8.568267305096492e-06,0.0001294501812987376,0.0001981114417585317,5.0717502029644075e-05,0.00015734143177801167,0.9564380927891697,0.6871958548309028,0.9378400887894509,0.8137672389401983,0.8688193309515739
scda,25%,7, 0.5%~1%,178023.0,0.9858996445447262,0.472334089680752,0.735645935419987,0.7888151428077198,0.7603363888366159,3.6063617123073746e-06,0.00026017763793369594,0.00010818963063961951,8.170831433197363e-05,3.504624861736143e-05,0.9564380927891697,0.6871958548309028,0.9378400887894509,0.8137672389401983,0.8688193309515739
scda,25%,7, 1%~10%,368386.0,0.9695346350249512,0.6636256217237327,0.9127370303909917,0.8074057892025701,0.8551601452586312,2.103966606383412e-06,0.00010258192052661741,3.702447192508621e-05,5.00988264006277e-05,2.6144991073130124e-05,0.9564380927891697,0.6871958548309028,0.9378400887894509,0.8137672389401983,0.8688193309515739
scda,25%,7, 10%~20%,80361.0,0.9055800308206811,0.6684997285648082,0.9463806464257551,0.8136416324047473,0.8691760633275001,2.781005094095724e-05,0.00012015946875204903,5.9860411441758355e-05,4.4191003691599446e-05,4.925703820956194e-05,0.9564380927891697,0.6871958548309028,0.9378400887894509,0.8137672389401983,0.8688193309515739
scda,25%,7, 20%~30%,54503.0,0.8656181691327697,0.6249607118960419,0.9300563744466886,0.8175647035576222,0.8602069418814103,2.291375818278946e-05,0.00015303928760585322,2.2165517687327294e-05,3.443808811519371e-05,2.5524701141122983e-05,0.9564380927891697,0.6871958548309028,0.9378400887894509,0.8137672389401983,0.8688193309515739
scda,25%,7, 30%~40%,42095.0,0.8397092941594627,0.5802591385957432,0.9094460337050906,0.8193208651708751,0.8468655592294726,2.941251856301346e-05,7.418867290083414e-05,2.1379140029929746e-05,3.5348402964895e-05,2.9458291246899073e-05,0.9564380927891697,0.6871958548309028,0.9378400887894509,0.8137672389401983,0.8688193309515739
scda,25%,7, 40%~50%,36391.0,0.825239697875131,0.5485516886821666,0.893313854189548,0.8201477989182702,0.8351213764451278,2.094231081957257e-05,0.00019028297226211766,4.391478241758605e-05,1.7797408436486176e-05,2.330638037348676e-05,0.9564380927891697,0.6871958548309028,0.9378400887894509,0.8137672389401983,0.8688193309515739
scda,25%,7, Overall,1027961.0,0.9564380927891697,0.6871958548309028,0.9378400887894509,0.8137672389401983,0.8688193309515739,1.757219510211543e-06,3.8523875081375225e-05,2.263964194136239e-05,1.634220889805579e-05,1.2628106083414697e-05,0.9564380927891697,0.6871958548309028,0.9378400887894509,0.8137672389401983,0.8688193309515739
scda,5%,8, 0.1%~0.5%,260991.0,0.9966427125849301,0.7461644183008816,0.8265834100272174,0.9720143715547481,0.8910222380466654,7.507600254313577e-06,0.00046861515258202197,0.00030941534657191104,7.077726840066674e-05,0.00021929398141463369,0.9891408893299879,0.9251894643903774,0.9739906764030869,0.9550570378656209,0.9643815024319308
scda,5%,8, 0.5%~1%,166668.0,0.9963653902936077,0.8426503940265606,0.896960185595847,0.9716461105259485,0.9321952641813981,3.2846166886438304e-06,0.00015470586461925333,7.034628024889217e-05,9.119612412454259e-05,7.90776013883574e-05,0.9891408893299879,0.9251894643903774,0.9739906764030869,0.9550570378656209,0.9643815024319308
scda,5%,8, 1%~10%,348205.0,0.9920482138078816,0.9146548398682496,0.9636727869842439,0.9524417035002676,0.9580088187714867,3.507728330255285e-06,5.803465636201544e-05,3.4975362982071487e-05,1.3184784673798105e-05,1.0806729606773189e-05,0.9891408893299879,0.9251894643903774,0.9739906764030869,0.9550570378656209,0.9643815024319308
scda,5%,8, 10%~20%,73289.0,0.9760403199853572,0.92052853696747,0.9783311242329642,0.953096394693666,0.9653422564296429,7.16760877217586e-06,0.00012083782473164955,1.3069182451334288e-05,1.790082573455559e-05,1.4960567052795703e-05,0.9891408893299879,0.9251894643903774,0.9739906764030869,0.9550570378656209,0.9643815024319308
scda,5%,8, 20%~30%,47533.0,0.9664246868235388,0.905435025758356,0.9746343749655092,0.9545144935897127,0.9640461294270607,2.5645161930853176e-05,0.0001537355436784211,2.7599650231586932e-05,2.8427157582346126e-05,2.792218124807142e-05,0.9891408893299879,0.9251894643903774,0.9739906764030869,0.9550570378656209,0.9643815024319308
scda,5%,8, 30%~40%,37876.0,0.9605694507632871,0.8879503679911597,0.9684919040599146,0.9556664175682089,0.9612691580433808,2.1683957577335275e-05,8.479265766786872e-05,1.877183331886374e-05,2.400246150963009e-05,2.1290448803246e-05,0.9891408893299879,0.9251894643903774,0.9739906764030869,0.9550570378656209,0.9643815024319308
scda,5%,8, 40%~50%,33416.0,0.9576506537551133,0.8761753534533395,0.9629800528420615,0.9561955494573463,0.9584557317753079,1.0732361995971588e-05,0.00016009382990571247,1.2022644134309179e-05,1.4511344712400546e-05,1.303354564232496e-05,0.9891408893299879,0.9251894643903774,0.9739906764030869,0.9550570378656209,0.9643815024319308
scda,5%,8, Overall,967978.0,0.9891408893299879,0.9251894643903774,0.9739906764030869,0.9550570378656209,0.9643815024319308,3.983060754328725e-06,4.2431761187112095e-05,1.632090697339973e-05,7.538792738254823e-06,1.065801478295909e-05,0.9891408893299879,0.9251894643903774,0.9739906764030869,0.9550570378656209,0.9643815024319308
scda,15%,8, 0.1%~0.5%,260991.0,0.9926180944941655,0.5199752618866168,0.7021277077998381,0.9222834339642733,0.7902466570530775,7.304179060604694e-06,0.0003106950927092157,0.00023743933028711904,0.0001470911932505483,0.00020850136658459085,0.973841203604851,0.8054995000623602,0.9540466435613664,0.8883404094369353,0.9193748609657811
scda,15%,8, 0.5%~1%,166668.0,0.9908042332619513,0.6323239800116752,0.8028494228898357,0.8867175098236224,0.8416807895467849,3.7781213464437314e-06,0.0003493527812208782,0.00014828422733747804,9.248388156370883e-05,8.885450982039239e-05,0.973841203604851,0.8054995000623602,0.9540466435613664,0.8883404094369353,0.9193748609657811
scda,15%,8, 1%~10%,348205.0,0.9812924000289808,0.7840067993594199,0.9343184160927214,0.8833208554786319,0.9077546815328507,6.8646392072180796e-06,9.184943723938013e-05,6.312110020061797e-05,2.0010702040805806e-05,1.8159031389568438e-05,0.973841203604851,0.8054995000623602,0.9540466435613664,0.8883404094369353,0.9193748609657811
scda,15%,8, 10%~20%,73289.0,0.9426726191763942,0.7953525333763904,0.9625481944655799,0.8872716677852047,0.9215362774813904,2.393584390087282e-05,0.0001825087319742595,2.6429519928688235e-05,4.170925764183132e-05,2.889454070086973e-05,0.973841203604851,0.8054995000623602,0.9540466435613664,0.8883404094369353,0.9193748609657811
scda,15%,8, 20%~30%,47533.0,0.9178621205781204,0.759582935257364,0.9510939639152642,0.8886195918691016,0.9153068621499806,4.151957762492656e-05,0.00023307266426493697,5.352533330962094e-05,5.472740741471858e-05,5.441037933632046e-05,0.973841203604851,0.8054995000623602,0.9540466435613664,0.8883404094369353,0.9193748609657811
scda,15%,8, 30%~40%,37876.0,0.9021506842219176,0.7225372082755358,0.9358329934743134,0.8900411824949842,0.9065541803225329,2.391501894211314e-05,0.00038745429491648616,2.726667511694581e-05,2.179269801008142e-05,2.25727322132488e-05,0.973841203604851,0.8054995000623602,0.9540466435613664,0.8883404094369353,0.9193748609657811
scda,15%,8, 40%~50%,33416.0,0.8941841723021203,0.6981298419903115,0.9239603076914727,0.8906896781376998,0.8990547608650902,3.7050720734187134e-05,0.00020049758038711318,2.5491137776551256e-05,3.56006729909364e-05,3.425751917606222e-05,0.973841203604851,0.8054995000623602,0.9540466435613664,0.8883404094369353,0.9193748609657811
scda,15%,8, Overall,967978.0,0.973841203604851,0.8054995000623602,0.9540466435613664,0.8883404094369353,0.9193748609657811,3.824454468000116e-06,1.2450704144433758e-05,2.4150021318244984e-05,7.147282139177251e-06,1.3365881045683321e-05,0.973841203604851,0.8054995000623602,0.9540466435613664,0.8883404094369353,0.9193748609657811
scda,25%,8, 0.1%~0.5%,260991.0,0.9891836030513685,0.354548688444359,0.6254326424636325,0.7885750819550704,0.6910637479682423,4.1734569975242e-06,0.0003605772628761126,0.0001039114907044689,1.3854959810735375e-05,7.458800610059107e-05,0.9585238533673847,0.6894498333647062,0.9397431645226805,0.8138381097652961,0.8696625463459169
scda,25%,8, 0.5%~1%,166668.0,0.9867058706115901,0.4835087900391594,0.7478337713774678,0.7902060860412833,0.7675999512335228,1.4196203830314006e-05,0.0003000808256952508,0.0003194419738889375,8.812510409025169e-05,0.00018668899318381827,0.9585238533673847,0.6894498333647062,0.9397431645226805,0.8138381097652961,0.8696625463459169
scda,25%,8, 1%~10%,348205.0,0.9713482084263075,0.6645028305735288,0.9150229250015766,0.8077795292301279,0.8563263085817793,4.808129180151638e-06,5.8393867028373476e-05,3.914323308698919e-05,2.9536093615697164e-05,2.7584396252961042e-05,0.9585238533673847,0.6894498333647062,0.9397431645226805,0.8138381097652961,0.8696625463459169
scda,25%,8, 10%~20%,73289.0,0.907219471653975,0.67302855355988,0.9485645706704314,0.8153797056314721,0.8711411539302407,2.5991345493424094e-05,0.00012317207584201963,5.270358765139406e-05,5.567186005235728e-05,5.528583105487671e-05,0.9585238533673847,0.6894498333647062,0.9397431645226805,0.8138381097652961,0.8696625463459169
scda,25%,8, 20%~30%,47533.0,0.8655875044532467,0.6243864950044941,0.930573927801464,0.8169751445535692,0.8600166929658103,1.0497111328127735e-05,0.000166553451133789,3.0379189675266286e-05,2.1927652692799614e-05,1.3751228960044898e-05,0.9585238533673847,0.6894498333647062,0.9397431645226805,0.8138381097652961,0.8696625463459169
scda,25%,8, 30%~40%,37876.0,0.8388239671017734,0.5776499729423455,0.9094616389430631,0.8186805851120115,0.8462120270004033,1.3964707710594821e-05,0.00035739939347259755,3.684238374718211e-05,1.9904949319837456e-05,1.975185325677952e-05,0.9585238533673847,0.6894498333647062,0.9397431645226805,0.8138381097652961,0.8696625463459169
scda,25%,8, 40%~50%,33416.0,0.8252607298159121,0.548044598255924,0.8946066241152278,0.8194975953506463,0.8353248080326597,2.0373459251058846e-05,0.00014123004003490145,1.2396903287488213e-05,2.6624328342851217e-05,2.107626233071801e-05,0.9585238533673847,0.6894498333647062,0.9397431645226805,0.8138381097652961,0.8696625463459169
scda,25%,8, Overall,967978.0,0.9585238533673847,0.6894498333647062,0.9397431645226805,0.8138381097652961,0.8696625463459169,2.913738915364027e-06,3.9703167417348576e-05,1.360261031605102e-05,1.3907413124101757e-05,1.0023338340593978e-05,0.9585238533673847,0.6894498333647062,0.9397431645226805,0.8138381097652961,0.8696625463459169
scda,5%,9, 0.1%~0.5%,201227.0,0.9966389659514922,0.7483718261225155,0.8292899255454858,0.9729807932853883,0.8930710667859194,4.951049262598302e-06,0.00022316847147399953,0.00022658188244295408,9.530446031415932e-05,0.00012432442305025134,0.9887613793242398,0.9247314326916601,0.9738047786908579,0.9543714436810274,0.9639374904796926
scda,5%,9, 0.5%~1%,129024.0,0.99628357330205,0.84578345728,0.8994104234404817,0.9718283283146514,0.9336167426356162,3.887340059063534e-06,0.0002527426985352049,0.00012114555726634107,6.846298336347105e-05,9.531659181287005e-05,0.9887613793242398,0.9247314326916601,0.9738047786908579,0.9543714436810274,0.9639374904796926
scda,5%,9, 1%~10%,275205.0,0.9916907338737163,0.9164151791624291,0.9650607226480413,0.9526284214385173,0.958785465429172,1.8654569724173386e-06,5.337604489129274e-05,3.669351390396935e-05,2.7879492999414362e-05,5.111046156842038e-06,0.9887613793242398,0.9247314326916601,0.9738047786908579,0.9543714436810274,0.9639374904796926
scda,5%,9, 10%~20%,59808.0,0.9754020003851785,0.9196538646235414,0.9776072011837963,0.9523211977609582,0.9645866210285292,1.7830246277124545e-05,0.00011409619296806652,4.19166093138398e-05,1.9635034994198654e-05,2.9674945629703706e-05,0.9887613793242398,0.9247314326916601,0.9738047786908579,0.9543714436810274,0.9639374904796926
scda,5%,9, 20%~30%,38318.0,0.9659041662623058,0.9043001559653909,0.974157579436199,0.9539120376589357,0.9634944049283559,1.2145940408811068e-05,0.00019462524073133957,1.593936002426164e-05,1.907320945896021e-05,1.6978556548980068e-05,0.9887613793242398,0.9247314326916601,0.9738047786908579,0.9543714436810274,0.9639374904796926
scda,5%,9, 30%~40%,29405.0,0.9593888419431527,0.8858520569135994,0.9672519012558017,0.9544546049254782,0.9600166449555673,7.631322460596121e-06,6.304590510182848e-05,1.2058050147389722e-05,8.53097815743497e-06,8.961818355039278e-06,0.9887613793242398,0.9247314326916601,0.9738047786908579,0.9543714436810274,0.9639374904796926
scda,5%,9, 40%~50%,25412.0,0.9563609460077642,0.8734929102678969,0.9615938140381629,0.9549521310320329,0.9570995807456447,2.882002217610092e-05,6.819380212407388e-05,2.8753153317337637e-05,3.082819740243967e-05,3.02356067942125e-05,0.9887613793242398,0.9247314326916601,0.9738047786908579,0.9543714436810274,0.9639374904796926
scda,5%,9, Overall,758399.0,0.9887613793242398,0.9247314326916601,0.9738047786908579,0.9543714436810274,0.9639374904796926,3.939985604392505e-06,1.1381030444829524e-05,3.043625925986739e-05,7.730988195852976e-06,1.79443028621902e-05,0.9887613793242398,0.9247314326916601,0.9738047786908579,0.9543714436810274,0.9639374904796926
scda,15%,9, 0.1%~0.5%,201227.0,0.9925818600981836,0.5213858049542197,0.7054580706231554,0.9223361230057562,0.7926225049723286,1.0212235088534815e-05,0.00043257813984166763,0.00027268543832089547,4.802525315772326e-05,0.0002105615291883674,0.9730423193154122,0.8046244016306737,0.9540778366154908,0.8873438661911788,0.9188254602837631
scda,15%,9, 0.5%~1%,129024.0,0.9906220766189873,0.6394102955028588,0.8073778597433056,0.8867841552918092,0.8443555585831595,2.1700569296123842e-05,0.0004747495495424446,0.0004633012181207695,0.00013500811956503224,0.0002125943677492115,0.9730423193154122,0.8046244016306737,0.9540778366154908,0.8873438661911788,0.9188254602837631
scda,15%,9, 1%~10%,275205.0,0.9803886163993109,0.7872235821189847,0.9370367179793556,0.8833824184681309,0.9090320014169748,1.579405139057982e-05,0.0002631119438968867,9.222974434004037e-05,6.201407930266741e-05,7.020474286060038e-05,0.9730423193154122,0.8046244016306737,0.9540778366154908,0.8873438661911788,0.9188254602837631
scda,15%,9, 10%~20%,59808.0,0.9415989001729912,0.7940982758215812,0.9615414243984572,0.8863906784277944,0.9205661964785573,1.9802945013335927e-05,2.355542349961334e-05,4.578726399179496e-05,3.415553534436306e-05,3.9085957445280843e-05,0.9730423193154122,0.8046244016306737,0.9540778366154908,0.8873438661911788,0.9188254602837631
scda,15%,9, 20%~30%,38318.0,0.9168686816766712,0.7572283463916527,0.9503540438808405,0.8875752330146076,0.9143324899492346,4.027977895374795e-05,0.00014661755651380093,1.2843566779598258e-05,6.020840243222479e-05,4.134576156801285e-05,0.9730423193154122,0.8046244016306737,0.9540778366154908,0.8873438661911788,0.9188254602837631
scda,15%,9, 30%~40%,29405.0,0.9003272552433574,0.7188297402860812,0.9341447521286691,0.8883386062756123,0.9047057637504262,1.151803221061625e-05,0.00023360210446105565,2.289001706820399e-05,1.2435281080956035e-05,1.6714489393392083e-05,0.9730423193154122,0.8046244016306737,0.9540778366154908,0.8873438661911788,0.9188254602837631
scda,15%,9, 40%~50%,25412.0,0.8923475471504636,0.6943385579752909,0.9221695897373544,0.8890632625487046,0.8971475339818049,1.9378851703545506e-05,0.00027855815251373584,3.594496776002337e-05,1.5818909961561844e-05,2.0133948915775646e-05,0.9730423193154122,0.8046244016306737,0.9540778366154908,0.8873438661911788,0.9188254602837631
scda,15%,9, Overall,758399.0,0.9730423193154122,0.8046244016306737,0.9540778366154908,0.8873438661911788,0.9188254602837631,1.2858936894304862e-05,8.782865451235047e-05,5.0621927572451074e-05,2.3035304450934446e-05,3.299023391717039e-05,0.9730423193154122,0.8046244016306737,0.9540778366154908,0.8873438661911788,0.9188254602837631
scda,25%,9, 0.1%~0.5%,201227.0,0.9891246984288777,0.3562249448500621,0.6292946064397968,0.7876945405791518,0.6933625900199032,1.2409317484659408e-05,0.00028540652081527305,0.0003689595635695403,5.079748931991977e-05,0.00026294422498108604,0.9573155317344009,0.6883928822752869,0.9399456188679802,0.8126925963436613,0.8690031821006019
scda,25%,9, 0.5%~1%,129024.0,0.9864290680890014,0.49208599633385824,0.7529804416630098,0.7900748927478783,0.7705305719205965,1.3292092243521707e-05,0.000481856977314241,0.00025916607382634,0.00016007894299566638,0.00014126184987159685,0.9573155317344009,0.6883928822752869,0.9399456188679802,0.8126925963436613,0.8690031821006019
scda,25%,9, 1%~10%,275205.0,0.9698608128255767,0.6682721010201074,0.9185163368013094,0.8077424135816081,0.8577228646440985,6.614131342987712e-06,9.347589510436755e-05,5.7051600760919594e-05,2.309978934464596e-05,1.0704954505659316e-05,0.9573155317344009,0.6883928822752869,0.9399456188679802,0.8126925963436613,0.8690031821006019
scda,25%,9, 10%~20%,59808.0,0.9057697771864475,0.6716125321208292,0.9474305516517552,0.8144783423936862,0.8700526079180358,3.763060473992441e-05,0.00018652605552753825,7.103602201127312e-05,6.07371535660967e-05,6.444205304767424e-05,0.9573155317344009,0.6883928822752869,0.9399456188679802,0.8126925963436613,0.8690031821006019
scda,25%,9, 20%~30%,38318.0,0.8642723083612681,0.6215177767415369,0.9297370036709044,0.8156936612244482,0.858759248105184,3.1082962270068605e-05,0.0002559442135361829,8.148540725660222e-05,1.8591648559565033e-05,3.170995928450306e-05,0.9573155317344009,0.6883928822752869,0.9399456188679802,0.8126925963436613,0.8690031821006019
scda,25%,9, 30%~40%,29405.0,0.836629225735861,0.5738242791062237,0.9077149376514607,0.8167853532232936,0.8440572734229269,2.927899316425433e-05,0.0001555419910929028,2.4605780210399297e-05,4.478746635314007e-05,3.893955034433804e-05,0.9573155317344009,0.6883928822752869,0.9399456188679802,0.8126925963436613,0.8690031821006019
scda,25%,9, 40%~50%,25412.0,0.8230139169602816,0.5441510736068008,0.8927479410212111,0.8176464337709385,0.8330651703183127,5.03869042939436e-05,7.76636076250397e-05,4.559926547509694e-05,5.630785878553868e-05,5.975816721828214e-05,0.9573155317344009,0.6883928822752869,0.9399456188679802,0.8126925963436613,0.8690031821006019
scda,25%,9, Overall,758399.0,0.9573155317344009,0.6883928822752869,0.9399456188679802,0.8126925963436613,0.8690031821006019,7.4350895345534155e-06,8.193793748766702e-05,3.965021652676917e-05,2.5337253774121415e-05,2.3372531209305556e-05,0.9573155317344009,0.6883928822752869,0.9399456188679802,0.8126925963436613,0.8690031821006019
scda,5%,10, 0.1%~0.5%,229048.0,0.9964067670807507,0.7585582961530806,0.8310857505728965,0.9726830861264862,0.8940260431084933,5.2128066974227824e-06,0.0006348103756404449,0.0001932248106718833,5.940805418170308e-05,0.00014015902294853833,0.9883598947628967,0.9243238749252632,0.9729307992390192,0.9543469068656417,0.9635003275592012
scda,5%,10, 0.5%~1%,147682.0,0.9957773484077537,0.8579002104892912,0.9013006041851316,0.9705856278701644,0.9339035168729938,1.6052640792754096e-05,0.0005386239397966065,0.0003379372775846119,0.0001104998714310891,0.00022911370465934758,0.9883598947628967,0.9243238749252632,0.9729307992390192,0.9543469068656417,0.9635003275592012
scda,5%,10, 1%~10%,319186.0,0.9912300679111045,0.9160163382174321,0.9636159003475822,0.9519602727950032,0.9577345753258704,6.151937648360136e-07,4.226742844259094e-05,1.4805072581467415e-05,1.7987738759289988e-05,1.4397748902192907e-05,0.9883598947628967,0.9243238749252632,0.9729307992390192,0.9543469068656417,0.9635003275592012
scda,5%,10, 10%~20%,70909.0,0.9757387862888797,0.9200063704169402,0.9771524271654047,0.9523141561402132,0.9643747898998468,1.4026121590051506e-05,4.106907218022289e-05,2.424721349735042e-05,1.8207745622136814e-05,1.93926447566543e-05,0.9883598947628967,0.9243238749252632,0.9729307992390192,0.9543469068656417,0.9635003275592012
scda,5%,10, 20%~30%,44346.0,0.9655581123595608,0.904829096582147,0.9733090083800118,0.9534001640667782,0.9628352524778373,9.325847074914516e-06,0.00013963960845975797,1.54093704178515e-05,1.6248557955259426e-05,1.542751293118708e-05,0.9883598947628967,0.9243238749252632,0.9729307992390192,0.9543469068656417,0.9635003275592012
scda,5%,10, 30%~40%,34042.0,0.9603655188040658,0.8888723551365465,0.9680568249689373,0.955431348623593,0.960952311797822,2.058209499076979e-05,3.231938494359801e-05,2.4818809585024872e-05,2.4659383651132268e-05,2.4765084817669856e-05,0.9883598947628967,0.9243238749252632,0.9729307992390192,0.9543469068656417,0.9635003275592012
scda,5%,10, 40%~50%,32272.0,0.9575108331401087,0.8769673855217514,0.9629544584131539,0.9558194686466196,0.9583054381612635,3.1730375633270294e-05,8.871253232410625e-06,3.107379396019417e-05,3.363626295808687e-05,3.268375455526804e-05,0.9883598947628967,0.9243238749252632,0.9729307992390192,0.9543469068656417,0.9635003275592012
scda,5%,10, Overall,877485.0,0.9883598947628967,0.9243238749252632,0.9729307992390192,0.9543469068656417,0.9635003275592012,5.867122408695809e-06,4.18997310031346e-05,2.257380574704111e-05,1.002831618463364e-05,1.552329397479696e-05,0.9883598947628967,0.9243238749252632,0.9729307992390192,0.9543469068656417,0.9635003275592012
scda,15%,10, 0.1%~0.5%,229048.0,0.992040111892686,0.5329945670821771,0.7071027191178958,0.9210574812698683,0.7934906641684095,1.3181282034498039e-05,0.0004698164224807926,0.00033403750305559054,0.00013134155159960482,0.0002702763494578973,0.9722771236983725,0.8045542174639606,0.9526991526756782,0.8881920410908032,0.9186743837173638
scda,15%,10, 0.5%~1%,147682.0,0.9895552048436757,0.6656965672001978,0.8131653992806983,0.8864793247853141,0.8473671361366423,3.570622731816001e-06,0.0002426877839264495,6.534309754819135e-05,5.282501062035015e-05,1.3168711827905215e-05,0.9722771236983725,0.8045542174639606,0.9526991526756782,0.8881920410908032,0.9186743837173638
scda,15%,10, 1%~10%,319186.0,0.9794831119721629,0.7870808568984625,0.9349762707678483,0.8832814597836052,0.9080311570261997,3.895583679348486e-06,0.0001797476536540675,2.236698263041308e-05,5.3077707457198455e-05,2.548002063898113e-05,0.9722771236983725,0.8045542174639606,0.9526991526756782,0.8881920410908032,0.9186743837173638
scda,15%,10, 10%~20%,70909.0,0.9427438201957591,0.7957212216375327,0.9611195733495923,0.8869230247972574,0.9207595256638411,1.3772641087701894e-05,4.1036819685083065e-05,2.3551994976068758e-05,3.105044567566863e-05,2.5408819892009114e-05,0.9722771236983725,0.8045542174639606,0.9526991526756782,0.8881920410908032,0.9186743837173638
scda,15%,10, 20%~30%,44346.0,0.9173804196828295,0.759850629812224,0.9496937479580111,0.8881760504305797,0.9144992673395903,3.4679870458213455e-05,0.00010886475739656007,3.751306985022133e-05,4.096031133337866e-05,3.944423123198299e-05,0.9722771236983725,0.8045542174639606,0.9526991526756782,0.8881920410908032,0.9186743837173638
scda,15%,10, 30%~40%,34042.0,0.9027735365148352,0.7256305794545829,0.9357215263253855,0.8907473855518141,0.9070102487567727,5.592828064692081e-05,0.0002173650085612851,5.2750181499678e-05,6.184178811484425e-05,5.9509025436669205e-05,0.9722771236983725,0.8045542174639606,0.9526991526756782,0.8881920410908032,0.9186743837173638
scda,15%,10, 40%~50%,32272.0,0.8953151224729218,0.7020065249110901,0.9247796749220801,0.8912761797025182,0.9001079424088761,2.9057658769968778e-05,4.562399921162346e-05,2.5606140871216962e-05,3.11759599148626e-05,2.9803487138159833e-05,0.9722771236983725,0.8045542174639606,0.9526991526756782,0.8881920410908032,0.9186743837173638
scda,15%,10, Overall,877485.0,0.9722771236983725,0.8045542174639606,0.9526991526756782,0.8881920410908032,0.9186743837173638,4.888365888994883e-06,2.6031354100364985e-05,1.829232690965365e-05,2.171718941180668e-05,1.951811827586514e-05,0.9722771236983725,0.8045542174639606,0.9526991526756782,0.8881920410908032,0.9186743837173638
scda,25%,10, 0.1%~0.5%,229048.0,0.9883793597383675,0.3707781497203044,0.6297731467031688,0.7893309810666115,0.6951292511708376,1.559347356731588e-05,0.0003650755355705616,0.00033695034716269803,5.328246725160908e-05,0.0002143728382305742,0.956154600240044,0.688501841592828,0.937883680945104,0.8142685294208681,0.8691360355509542
scda,25%,10, 0.5%~1%,147682.0,0.9848278635342074,0.5218801999186099,0.7591677748790034,0.7902328587865389,0.7742148907173574,8.835121199125046e-06,0.00011329458114660049,0.00023739693881470172,6.248445754194211e-05,0.0001520562754013756,0.956154600240044,0.688501841592828,0.937883680945104,0.8142685294208681,0.8691360355509542
scda,25%,10, 1%~10%,319186.0,0.9685149034485115,0.6681506023510074,0.9155996563693982,0.8079746023944905,0.8566678301644379,4.971643461687976e-06,0.0001454541935434474,3.926177819073774e-05,3.316068873422838e-05,1.7440936150461352e-05,0.956154600240044,0.688501841592828,0.937883680945104,0.8142685294208681,0.8691360355509542
scda,25%,10, 10%~20%,70909.0,0.9077861285678974,0.6742073731847952,0.9469644831235122,0.8155156216105409,0.8707282800661739,2.0744178693472766e-05,9.566396172830903e-05,4.841089872961849e-05,3.123641758907643e-05,3.524070315474965e-05,0.956154600240044,0.688501841592828,0.937883680945104,0.8142685294208681,0.8691360355509542
scda,25%,10, 20%~30%,44346.0,0.865423967319552,0.6250946009241298,0.9289758401020856,0.8170764224660009,0.8595949021256967,1.3425283406173086e-05,1.4805560278859602e-05,4.990149610702819e-05,1.543748817458286e-05,2.2312017304285354e-05,0.956154600240044,0.688501841592828,0.937883680945104,0.8142685294208681,0.8691360355509542
scda,25%,10, 30%~40%,34042.0,0.8401269244009245,0.5819301494414795,0.909497674409875,0.8201501669224238,0.8473521733487148,2.2851422138289472e-05,0.00016143588518376242,1.1115261626969185e-05,2.702786605022826e-05,1.955072528728635e-05,0.956154600240044,0.688501841592828,0.937883680945104,0.8142685294208681,0.8691360355509542
scda,25%,10, 40%~50%,32272.0,0.8273227157249563,0.5529759689455281,0.8955953340766273,0.8206404989923176,0.8371224038998947,1.9033038065084493e-05,0.00031965367456869624,3.8632610397999756e-05,2.444851785662835e-05,2.6788806916960003e-05,0.956154600240044,0.688501841592828,0.937883680945104,0.8142685294208681,0.8691360355509542
scda,25%,10, Overall,877485.0,0.956154600240044,0.688501841592828,0.937883680945104,0.8142685294208681,0.8691360355509542,2.667526147334641e-06,2.266537517651413e-05,9.491403473717657e-06,1.3841968074104407e-05,1.1330520069783147e-05,0.956154600240044,0.688501841592828,0.937883680945104,0.8142685294208681,0.8691360355509542
scda,5%,11, 0.1%~0.5%,223465.0,0.9962995654029178,0.7608243415475009,0.8301649418106418,0.972350616379338,0.8932442070025587,1.3324398610103414e-06,5.466473194367736e-05,4.989072057574543e-05,0.00010040099643608862,8.442529071077074e-06,0.9881619518683481,0.9237869045057842,0.9726414449811234,0.9539582578231425,0.9631595173266377
scda,5%,11, 0.5%~1%,149989.0,0.9957574159578632,0.8625713171503149,0.904253860393707,0.9710002089309914,0.935721948630138,5.128075649337335e-06,0.000244314677256385,0.0001277293075126995,8.150251205359405e-05,9.3724450212219e-05,0.9881619518683481,0.9237869045057842,0.9726414449811234,0.9539582578231425,0.9631595173266377
scda,5%,11, 1%~10%,309842.0,0.9910053178990962,0.9170757059783986,0.9632794360584055,0.9518703121720852,0.9575190381388978,6.045621309636238e-06,2.752848624281866e-05,3.068348835104649e-05,3.1562855000675464e-05,3.0995336512009336e-05,0.9881619518683481,0.9237869045057842,0.9726414449811234,0.9539582578231425,0.9631595173266377
scda,5%,11, 10%~20%,67234.0,0.9753711127431037,0.9189715036686613,0.9765829597706609,0.9516114761940092,0.9637345656622753,1.5686930698562948e-05,7.03255590140008e-05,2.917084353734229e-05,2.5903091063481706e-05,2.679519528452036e-05,0.9881619518683481,0.9237869045057842,0.9726414449811234,0.9539582578231425,0.9631595173266377
scda,5%,11, 20%~30%,43944.0,0.9653672308367119,0.9039825116996331,0.9732761263699704,0.9532927334660167,0.9627531257503739,1.4635451483139375e-05,2.8727532308723285e-05,2.7862291364176928e-05,2.122681761268121e-05,1.985359311753218e-05,0.9881619518683481,0.9237869045057842,0.9726414449811234,0.9539582578231425,0.9631595173266377
scda,5%,11, 30%~40%,34708.0,0.9593488489082848,0.8860547380150917,0.9670702292134523,0.9545294424946129,0.959965291518213,1.8701730351211864e-05,9.906805406593792e-06,2.1399984144854965e-05,2.0400400205133753e-05,2.066346732702368e-05,0.9881619518683481,0.9237869045057842,0.9726414449811234,0.9539582578231425,0.9631595173266377
scda,5%,11, 40%~50%,31276.0,0.9569243763080119,0.8761694147769714,0.9621919862811853,0.9553263892099015,0.9576501059121644,4.748487344454538e-05,0.00019627146385239397,4.404760395942783e-05,4.6185923794538837e-05,4.623447113163111e-05,0.9881619518683481,0.9237869045057842,0.9726414449811234,0.9539582578231425,0.9631595173266377
scda,5%,11, Overall,860458.0,0.9881619518683481,0.9237869045057842,0.9726414449811234,0.9539582578231425,0.9631595173266377,2.9277710137089724e-06,1.5415623831483694e-05,1.094488472369489e-05,9.14118384490302e-06,9.517300310504699e-06,0.9881619518683481,0.9237869045057842,0.9726414449811234,0.9539582578231425,0.9631595173266377
scda,15%,11, 0.1%~0.5%,223465.0,0.9919040522531734,0.5385635111997346,0.7084998806853796,0.9221246886608729,0.794737426785029,6.2240035108528625e-06,0.0003065942802217409,0.00019489020670016642,0.0001030348283054045,0.00016693070759545145,0.971896781965802,0.8035577422045802,0.9524071779198623,0.88764363203166,0.9182361404972893
scda,15%,11, 0.5%~1%,149989.0,0.9894225956798302,0.6730637732829826,0.8182109589494347,0.8858036287293611,0.8498947638142634,5.8689875120991745e-06,0.00020601464723852978,7.20964061065972e-05,9.429660883598703e-05,6.695480385124709e-05,0.971896781965802,0.8035577422045802,0.9524071779198623,0.88764363203166,0.9182361404972893
scda,15%,11, 1%~10%,309842.0,0.9790055594711755,0.790372606217418,0.9349708103095454,0.8833788402536129,0.9080757193877104,1.8991913386361315e-05,0.00012477039543103637,0.00011539424691761373,6.916181772685958e-05,9.04258991050203e-05,0.971896781965802,0.8035577422045802,0.9524071779198623,0.88764363203166,0.9182361404972893
scda,15%,11, 10%~20%,67234.0,0.9421917014721828,0.7930006664602188,0.9602564007509934,0.8858817394508316,0.9197913297607724,1.4481789939886663e-05,0.00011652827824822738,3.077068515215424e-05,1.7171257779583363e-05,2.21813669292552e-05,0.971896781965802,0.8035577422045802,0.9524071779198623,0.88764363203166,0.9182361404972893
scda,15%,11, 20%~30%,43944.0,0.9168325074175522,0.7579547503417849,0.9495500776024325,0.88779257953398,0.9141494911708038,5.270001556852126e-05,0.00015529886346446714,5.803640105093713e-05,5.6170871431668815e-05,5.653565422829845e-05,0.971896781965802,0.8035577422045802,0.9524071779198623,0.88764363203166,0.9182361404972893
scda,15%,11, 30%~40%,34708.0,0.9008588838140194,0.7200297664082264,0.934072237214623,0.8892659650247431,0.9052175975339111,3.372829573246308e-05,4.465472812778055e-05,2.1723720938735145e-05,4.2247858431957344e-05,3.548357122101223e-05,0.971896781965802,0.8035577422045802,0.9524071779198623,0.88764363203166,0.9182361404972893
scda,15%,11, 40%~50%,31276.0,0.8945313088863678,0.7000631467111026,0.9236610595686717,0.8908549780054974,0.8992354128800684,4.085194256585797e-05,6.78655182136236e-05,2.880414826888161e-05,4.3571100289816274e-05,4.130745827094865e-05,0.971896781965802,0.8035577422045802,0.9524071779198623,0.88764363203166,0.9182361404972893
scda,15%,11, Overall,860458.0,0.971896781965802,0.8035577422045802,0.9524071779198623,0.88764363203166,0.9182361404972893,7.541010974383558e-06,3.276988404350622e-05,2.375914353535366e-05,2.3480285718071888e-05,2.215496571791871e-05,0.971896781965802,0.8035577422045802,0.9524071779198623,0.88764363203166,0.9182361404972893
scda,25%,11, 0.1%~0.5%,223465.0,0.9881930229147863,0.3768852917567005,0.6310708450401162,0.7886149234879684,0.6959367960684505,5.079411458212385e-06,4.8848143292017124e-05,0.00014004463955907093,0.0001465426241364393,0.00013819155765322836,0.955620233385244,0.6872917617626834,0.9375979927728683,0.813735336180662,0.8686849430400722
scda,25%,11, 0.5%~1%,149989.0,0.9846567455504404,0.5312429097797532,0.7658862743202174,0.7917737285469282,0.7784745062428481,1.7428746707003284e-05,0.00044892694150681955,0.00032390151981215965,7.808717839057744e-05,0.0001997851234730476,0.955620233385244,0.6872917617626834,0.9375979927728683,0.813735336180662,0.8686849430400722
scda,25%,11, 1%~10%,309842.0,0.9677701466209495,0.6724480189709118,0.9158900216832061,0.8083116487099763,0.8569833544868602,1.5478538609281456e-06,2.006528815839484e-05,6.8287999767529425e-06,2.49916428628047e-06,4.39208289709043e-06,0.955620233385244,0.6872917617626834,0.9375979927728683,0.813735336180662,0.8686849430400722
scda,25%,11, 10%~20%,67234.0,0.907143045383407,0.6706308862538833,0.9458944515972488,0.8142563385504723,0.8695269890494305,2.816950311398125e-05,0.00021825239787453144,2.790728097402986e-05,5.457443706267327e-05,4.636108844545388e-05,0.955620233385244,0.6872917617626834,0.9375979927728683,0.813735336180662,0.8686849430400722
scda,25%,11, 20%~30%,43944.0,0.8645569069702032,0.6228852685497565,0.9287966923349065,0.8165197946603809,0.8590193763121015,2.4323598926916855e-05,0.00010656600224455221,3.1947162455604664e-05,2.6076921955241513e-05,2.7838384987466792e-05,0.955620233385244,0.6872917617626834,0.9375979927728683,0.813735336180662,0.8686849430400722
scda,25%,11, 30%~40%,34708.0,0.8375233872219917,0.5749555835597592,0.907592241819914,0.8183723904419079,0.8450380450783314,2.184547617189019e-05,0.00016815153723845558,3.646132253075989e-05,3.533450252238008e-05,2.768390082619494e-05,0.955620233385244,0.6872917617626834,0.9375979927728683,0.813735336180662,0.8686849430400722
scda,25%,11, 40%~50%,31276.0,0.8264898509383158,0.5511715842660335,0.8944019781792028,0.8204638040371552,0.8362815102679964,5.4959757404597096e-05,0.0002910185828475704,2.7019223708124623e-05,5.533361134296318e-05,5.1298501472453734e-05,0.955620233385244,0.6872917617626834,0.9375979927728683,0.813735336180662,0.8686849430400722
scda,25%,11, Overall,860458.0,0.955620233385244,0.6872917617626834,0.9375979927728683,0.813735336180662,0.8686849430400722,3.4984838791375545e-06,4.7218009687863516e-05,1.3632177224505802e-05,1.2169863131729152e-05,1.1720517437359659e-05,0.955620233385244,0.6872917617626834,0.9375979927728683,0.813735336180662,0.8686849430400722
scda,5%,12, 0.1%~0.5%,216817.0,0.9965484843207326,0.762075490509238,0.8346996058413098,0.9730986730328626,0.8964129474258797,1.8171849794999104e-06,0.00023719985445418425,9.045146756117694e-05,4.887385196274743e-05,6.893723806990043e-05,0.9885968387364725,0.9244221151637394,0.9733173482332348,0.9542574962326276,0.9636422271894829
scda,5%,12, 0.5%~1%,145381.0,0.9961653749643578,0.843877572331064,0.8975563504734646,0.9719973948830556,0.9326499782296814,9.189380850984436e-06,0.00044036311563199843,0.00023262166964921688,2.899193743945643e-05,0.00014055473981777742,0.9885968387364725,0.9244221151637394,0.9733173482332348,0.9542574962326276,0.9636422271894829
scda,5%,12, 1%~10%,305300.0,0.9913949170900072,0.9169345473793568,0.9645242003975613,0.9521020769340197,0.9582510723663904,6.414605827759519e-06,4.953687201827461e-05,5.9591368409984396e-05,3.694028756076818e-05,4.641806531844791e-05,0.9885968387364725,0.9244221151637394,0.9733173482332348,0.9542574962326276,0.9636422271894829
scda,5%,12, 10%~20%,65546.0,0.9752049634972249,0.9183929764297738,0.9769658452643616,0.9516300320097564,0.9639223263041075,1.0219091105267233e-06,6.262336251178212e-05,7.057276389021366e-06,1.0078941476303426e-05,8.178262092818782e-06,0.9885968387364725,0.9244221151637394,0.9733173482332348,0.9542574962326276,0.9636422271894829
scda,5%,12, 20%~30%,40859.0,0.9656754591844822,0.9044469198637047,0.9736909409479524,0.9538495127416343,0.9632402210432104,9.848543152054262e-06,5.183488913123177e-05,9.781061516089611e-06,1.6619476475411536e-05,5.497834430602482e-06,0.9885968387364725,0.9244221151637394,0.9733173482332348,0.9542574962326276,0.9636422271894829
scda,5%,12, 30%~40%,33818.0,0.9598776751808177,0.887885462784091,0.967646298443355,0.9548134602443477,0.9604342203821615,1.534599274330142e-05,1.9904343747909485e-05,1.8794941108046124e-05,2.0496119091569375e-05,1.992938261488156e-05,0.9885968387364725,0.9244221151637394,0.9733173482332348,0.9542574962326276,0.9636422271894829
scda,5%,12, 40%~50%,28204.0,0.9569320588240053,0.875251771614927,0.962090535731574,0.9555266817967242,0.9576680960301273,2.5548145935934256e-05,0.00013261769876798623,2.7364317587428938e-05,2.5853133570974547e-05,2.5503402485544923e-05,0.9885968387364725,0.9244221151637394,0.9733173482332348,0.9542574962326276,0.9636422271894829
scda,5%,12, Overall,835925.0,0.9885968387364725,0.9244221151637394,0.9733173482332348,0.9542574962326276,0.9636422271894829,5.375552583336312e-06,2.5020691577633042e-05,2.920964271801435e-05,2.0322898800746536e-05,2.4134773360682083e-05,0.9885968387364725,0.9244221151637394,0.9733173482332348,0.9542574962326276,0.9636422271894829
scda,15%,12, 0.1%~0.5%,216817.0,0.9923341226832768,0.5383996884324505,0.7117530015214529,0.9224235055554062,0.7972367471282854,5.619514355485735e-06,0.0002030827851833105,0.00012670205018279257,0.0001132831043630136,5.4292203763739925e-05,0.9727496186479819,0.8042491276888121,0.9533379475134288,0.8875646173897537,0.9186163493674208
scda,15%,12, 0.5%~1%,145381.0,0.9903866427316558,0.637622609008007,0.8046151685212203,0.8866533334342049,0.8427108758253841,4.659679257582531e-06,0.00010560118919067667,0.00015354508199915976,0.00011777950497241973,0.00014154601450681062,0.9727496186479819,0.8042491276888121,0.9533379475134288,0.8875646173897537,0.9186163493674208
scda,15%,12, 1%~10%,305300.0,0.9797607705359104,0.7887175916041667,0.9366298277465304,0.8828158793879641,0.9085350914812639,9.577552867054709e-06,9.806429581682819e-05,6.429900642484811e-05,8.38351625008356e-06,3.379970672578099e-05,0.9727496186479819,0.8042491276888121,0.9533379475134288,0.8875646173897537,0.9186163493674208
scda,15%,12, 10%~20%,65546.0,0.9413935711786615,0.7912135130107533,0.9605624994698583,0.8851641891219536,0.919468442261305,2.7891966593663502e-05,9.2445432545038e-05,5.862694678821682e-05,5.1221947613562966e-05,5.360235093015587e-05,0.9727496186479819,0.8042491276888121,0.9533379475134288,0.8875646173897537,0.9186163493674208
scda,15%,12, 20%~30%,40859.0,0.9169341868792275,0.7581265853696754,0.9498378922459949,0.8882572837615657,0.9145110085724628,2.3100723802769452e-05,0.00022455906808876102,2.548147490227807e-05,3.466904306380101e-05,3.130433159556712e-05,0.9727496186479819,0.8042491276888121,0.9533379475134288,0.8875646173897537,0.9186163493674208
scda,15%,12, 30%~40%,33818.0,0.9021023669458246,0.7236063046094747,0.9352856160738333,0.8898160036462484,0.9063038696149249,4.0138395166233206e-05,0.0002388783004315602,4.903568189351954e-05,4.3344803173853974e-05,4.494930661944638e-05,0.9727496186479819,0.8042491276888121,0.9533379475134288,0.8875646173897537,0.9186163493674208
scda,15%,12, 40%~50%,28204.0,0.89382920633106,0.6978189030278185,0.9230983225189832,0.8905466718429191,0.8985735194807671,6.904941577963202e-05,0.00023098276103851223,5.656188072778765e-05,7.050947143492529e-05,6.925094147986534e-05,0.9727496186479819,0.8042491276888121,0.9533379475134288,0.8875646173897537,0.9186163493674208
scda,15%,12, Overall,835925.0,0.9727496186479819,0.8042491276888121,0.9533379475134288,0.8875646173897537,0.9186163493674208,2.501714310785193e-06,4.7180391550430126e-05,1.1449109892231814e-05,1.665797959486377e-05,1.4407363037347986e-05,0.9727496186479819,0.8042491276888121,0.9533379475134288,0.8875646173897537,0.9186163493674208
scda,25%,12, 0.1%~0.5%,216817.0,0.9887845644718006,0.3750436111383575,0.6353154167873031,0.7889761966700309,0.6987696484177296,3.5385438719950648e-06,6.357075666490905e-05,9.034231097934279e-05,3.829804323661899e-05,5.356867041333812e-05,0.9569056856749653,0.6880621101808967,0.9389290497027957,0.8132684359295638,0.8689531117393838
scda,25%,12, 0.5%~1%,145381.0,0.9861039750898319,0.4905730214598749,0.749364078987937,0.7898698987396172,0.7685324146830738,1.3699888936466599e-05,0.0005038266061246525,0.00027487880279726117,0.00010665255679673065,0.00017647034837685072,0.9569056856749653,0.6880621101808967,0.9389290497027957,0.8132684359295638,0.8689531117393838
scda,25%,12, 1%~10%,305300.0,0.9689141391811832,0.6701675103186662,0.9179806497921864,0.8072763577721979,0.8572296976129845,8.4136982929811e-06,3.156141999749029e-05,9.032976384967444e-05,2.5700084540653593e-05,5.1067940047512343e-05,0.9569056856749653,0.6880621101808967,0.9389290497027957,0.8132684359295638,0.8689531117393838
scda,25%,12, 10%~20%,65546.0,0.905739414926125,0.667802560237393,0.946219896026827,0.8129884370224453,0.8687250326634857,8.322338220053031e-06,4.3311032415842836e-05,8.66601801752702e-06,3.645124840198606e-05,2.7093562933848492e-05,0.9569056856749653,0.6880621101808967,0.9389290497027957,0.8132684359295638,0.8689531117393838
scda,25%,12, 20%~30%,40859.0,0.864471842344089,0.6230604141207056,0.929075721369984,0.8169312732506503,0.8593067549940295,2.844159704380119e-05,9.873262978651615e-05,4.529562733923318e-05,3.5082717944882615e-05,3.7628485592180154e-05,0.9569056856749653,0.6880621101808967,0.9389290497027957,0.8132684359295638,0.8689531117393838
scda,25%,12, 30%~40%,33818.0,0.8393262345721348,0.5793001849535657,0.9090627322008037,0.8189443583715542,0.8464617720007265,4.894248785270736e-05,0.00031940153782696485,4.872133311371738e-05,4.2524114696075196e-05,4.553274824879577e-05,0.9569056856749653,0.6880621101808967,0.9389290497027957,0.8132684359295638,0.8689531117393838
scda,25%,12, 40%~50%,28204.0,0.8251463760589829,0.5482677040773597,0.8937409614475934,0.8197539611746767,0.835099306001716,3.807124472398463e-05,0.00023099366893140102,2.298571271173069e-05,4.2118030426165194e-05,3.6736026495602514e-05,0.9569056856749653,0.6880621101808967,0.9389290497027957,0.8132684359295638,0.8689531117393838
scda,25%,12, Overall,835925.0,0.9569056856749653,0.6880621101808967,0.9389290497027957,0.8132684359295638,0.8689531117393838,5.317403358605799e-06,1.4205449449278432e-05,2.672286139222554e-05,1.3500851172020558e-05,1.8090077779542116e-05,0.9569056856749653,0.6880621101808967,0.9389290497027957,0.8132684359295638,0.8689531117393838
scda,5%,13, 0.1%~0.5%,163104.0,0.9959608764244878,0.7685107707716691,0.8307100551157324,0.9707361211055154,0.8927842621428077,4.882033446511404e-06,0.0004763926257906212,0.00013809668599078936,2.948059522267596e-05,8.802512187538603e-05,0.9874967431485606,0.9228292096267459,0.9716181748260655,0.9531342078907002,0.9622374370439326
scda,5%,13, 0.5%~1%,108108.0,0.9954402378356751,0.8670562688140105,0.902151387140585,0.9704782131135309,0.9341964605503247,8.649812050561686e-06,0.0003750875326180798,0.0002159113018104627,0.0001390815403652873,0.00018034716446552464,0.9874967431485606,0.9228292096267459,0.9716181748260655,0.9531342078907002,0.9622374370439326
scda,5%,13, 1%~10%,225326.0,0.9902575799849135,0.9183300951901847,0.9629915031081498,0.9512779163824784,0.9570700177964439,4.428958187653681e-06,3.6178203987530174e-05,4.788875316302299e-05,4.052860000252139e-05,3.5839439978105e-05,0.9874967431485606,0.9228292096267459,0.9716181748260655,0.9531342078907002,0.9622374370439326
scda,5%,13, 10%~20%,50293.0,0.9743131863250931,0.9176180525871862,0.9754630280399402,0.9509494800514843,0.9628458161227124,1.3777730503373672e-05,0.00011727859616330654,8.002759088414519e-06,4.828298723327626e-05,2.932126970960736e-05,0.9874967431485606,0.9228292096267459,0.9716181748260655,0.9531342078907002,0.9622374370439326
scda,5%,13, 20%~30%,32384.0,0.9648882297098945,0.9031735337223536,0.972657156679345,0.9528009924952467,0.9621993618787276,3.656453670880512e-05,0.00014048989336717116,4.672703164975916e-05,4.172929804970102e-05,4.396428539644468e-05,0.9874967431485606,0.9228292096267459,0.9716181748260655,0.9531342078907002,0.9622374370439326
scda,5%,13, 30%~40%,26224.0,0.9594945293391207,0.8887356287894024,0.9672584878746203,0.9538271170616938,0.9597844186434035,2.3307880047946296e-05,0.00022889867899004995,1.1674267619094966e-05,2.8645417033162876e-05,2.186224745992826e-05,0.9874967431485606,0.9228292096267459,0.9716181748260655,0.9531342078907002,0.9622374370439326
scda,5%,13, 40%~50%,23152.0,0.9558859595877314,0.8751713305632185,0.9612158107037229,0.9541091827171667,0.956553797293978,1.2149041329239063e-05,8.874066264968523e-05,1.2100902586976294e-05,1.4318895195620962e-05,1.184506375916749e-05,0.9874967431485606,0.9228292096267459,0.9716181748260655,0.9531342078907002,0.9622374370439326
scda,5%,13, Overall,628591.0,0.9874967431485606,0.9228292096267459,0.9716181748260655,0.9531342078907002,0.9622374370439326,6.589483617650489e-06,2.5661017175544072e-05,2.6708291907262392e-05,2.24526081433767e-05,2.4498537416363982e-05,0.9874967431485606,0.9228292096267459,0.9716181748260655,0.9531342078907002,0.9622374370439326
scda,15%,13, 0.1%~0.5%,163104.0,0.9911764136338057,0.5487975318998349,0.7104117878233955,0.9215206695726735,0.7956712403218745,1.1117317640569272e-05,0.0003372167632707185,0.000280606137569619,0.00010541173323386083,0.0001847404901898328,0.9705776856049747,0.8019413249667534,0.9509699594265572,0.8871925072349421,0.917330176639538
scda,15%,13, 0.5%~1%,108108.0,0.9887888715518628,0.6834168892360503,0.8160319260292068,0.8875676134883235,0.8492519653099541,4.12782914221449e-06,8.538835389809695e-05,9.375681704301827e-05,7.47470594320901e-05,8.574049005271504e-05,0.9705776856049747,0.8019413249667534,0.9509699594265572,0.8871925072349421,0.917330176639538
scda,15%,13, 1%~10%,225326.0,0.9772887179816537,0.7924702288151826,0.9351782694668799,0.8829477322399888,0.9079164715782847,3.632714471232385e-06,8.768442309062118e-05,5.506234728608544e-06,4.804034828486925e-05,2.4554138219582182e-05,0.9705776856049747,0.8019413249667534,0.9509699594265572,0.8871925072349421,0.917330176639538
scda,15%,13, 10%~20%,50293.0,0.9403355651471729,0.7916159175988869,0.9586310988620074,0.8857875008841258,0.9189695950059146,7.3389056572814375e-06,0.00020683990052963126,4.058275277105994e-06,1.4830751242882264e-05,7.988678860309423e-06,0.9705776856049747,0.8019413249667534,0.9509699594265572,0.8871925072349421,0.917330176639538
scda,15%,13, 20%~30%,32384.0,0.9161573319156183,0.7565783620006791,0.948498390862201,0.8873272140749919,0.9134339170420528,2.927698257892972e-05,0.00019940622399878508,3.930323446467663e-05,4.723400464492429e-05,4.471512693671514e-05,0.9705776856049747,0.8019413249667534,0.9509699594265572,0.8871925072349421,0.917330176639538
scda,15%,13, 30%~40%,26224.0,0.9028329876713906,0.7270171366923209,0.9357884855165216,0.8892798697558884,0.9065596116772524,4.603511415455753e-05,0.0001379857478310251,3.251088770042645e-05,4.5226935698951606e-05,4.084913028018147e-05,0.9705776856049747,0.8019413249667534,0.9509699594265572,0.8871925072349421,0.917330176639538
scda,15%,13, 40%~50%,23152.0,0.8936587476558729,0.6991515221712531,0.9227760447683925,0.8896975738850278,0.8982901371369333,3.6112326972403745e-05,0.00014145185957765017,3.5109193585398734e-05,4.211944404497574e-05,4.012422842146228e-05,0.9705776856049747,0.8019413249667534,0.9509699594265572,0.8871925072349421,0.917330176639538
scda,15%,13, Overall,628591.0,0.9705776856049747,0.8019413249667534,0.9509699594265572,0.8871925072349421,0.917330176639538,5.6120985408856655e-06,4.540757197600058e-05,2.114304854886621e-05,2.780486333115402e-05,2.45647832287479e-05,0.9705776856049747,0.8019413249667534,0.9509699594265572,0.8871925072349421,0.917330176639538
scda,25%,13, 0.1%~0.5%,163104.0,0.9871894234735858,0.3912355700127336,0.6332492447081092,0.7879070195516927,0.6973389675490429,1.8219954336431928e-05,0.0006130680356038237,0.00040253616496025736,9.525703938315194e-05,0.00026042503949855867,0.9536488994208766,0.6852703701849299,0.9358559603883906,0.8135005472192288,0.867805437670255
scda,25%,13, 0.5%~1%,108108.0,0.9836987286290201,0.5439758469546647,0.7632452543467932,0.7915645562369802,0.7769221246904886,2.0915484446381402e-05,0.00032245911679262184,0.00042043319367406377,0.00014627567840193892,0.0002910848410861656,0.9536488994208766,0.6852703701849299,0.9358559603883906,0.8135005472192288,0.867805437670255
scda,25%,13, 1%~10%,225326.0,0.9650824688233436,0.6747972207975407,0.9163136442602736,0.8080202843789407,0.8569370024596514,1.7700084658007478e-06,0.00013819200282618553,8.368422475825162e-05,1.5584341680198537e-05,3.4341314875366654e-05,0.9536488994208766,0.6852703701849299,0.9358559603883906,0.8135005472192288,0.867805437670255
scda,25%,13, 10%~20%,50293.0,0.9043944185425751,0.6687860798140818,0.9438908335561632,0.8146925392418725,0.8688579457803,5.29775358968945e-05,0.0002749598672685025,8.548903569106591e-05,8.393911332641234e-05,8.551278416425349e-05,0.9536488994208766,0.6852703701849299,0.9358559603883906,0.8135005472192288,0.867805437670255
scda,25%,13, 20%~30%,32384.0,0.8637799980713066,0.6210120013657087,0.9274585538853516,0.8161552514314406,0.858285291770953,2.746604101741683e-05,0.0003149125061485444,2.2092263342817836e-05,4.45319714803806e-05,3.318816872875372e-05,0.9536488994208766,0.6852703701849299,0.9358559603883906,0.8135005472192288,0.867805437670255
scda,25%,13, 30%~40%,26224.0,0.8412121250785859,0.5837436362732172,0.9100195322143092,0.8188133888313652,0.8475036233379173,2.2117405231591615e-05,0.0002471465332632156,2.1409451435044425e-06,2.7496068556208635e-05,2.202283376848845e-05,0.9536488994208766,0.6852703701849299,0.9358559603883906,0.8135005472192288,0.867805437670255
scda,25%,13, 40%~50%,23152.0,0.8258202473891615,0.5505446017893078,0.8935529941281931,0.8193650347756326,0.8354597461403882,5.347519397027409e-05,0.0003765712862837377,8.775713937367714e-06,5.1033185991787114e-05,4.2908709096244975e-05,0.9536488994208766,0.6852703701849299,0.9358559603883906,0.8135005472192288,0.867805437670255
scda,25%,13, Overall,628591.0,0.9536488994208766,0.6852703701849299,0.9358559603883906,0.8135005472192288,0.867805437670255,1.1661239097966788e-05,8.118599343582289e-05,6.94063898255836e-05,2.8865777969465198e-05,4.407750553692376e-05,0.9536488994208766,0.6852703701849299,0.9358559603883906,0.8135005472192288,0.867805437670255
scda,5%,14, 0.1%~0.5%,149550.0,0.9966350254820227,0.7829947988348076,0.8467655447814728,0.9734360369516616,0.9037947542798549,8.067202657510155e-06,0.00023396964974780173,0.0002739113434325458,9.432216213999897e-05,0.0001306992742684402,0.9888612383511126,0.9249297915632609,0.9738616103380728,0.9544376259937817,0.9639992931934268
scda,5%,14, 0.5%~1%,98700.0,0.996253886070244,0.8536156184763289,0.9046159964609514,0.9715333600796884,0.9363261912227322,5.9912590931735345e-06,0.00017161413948013174,0.00019619930874326623,3.203460171409415e-05,0.0001080440716647876,0.9888612383511126,0.9249297915632609,0.9738616103380728,0.9544376259937817,0.9639992931934268
scda,5%,14, 1%~10%,204264.0,0.9917227758684218,0.9169929965653661,0.9652610742746166,0.9524622758448843,0.9587980812656395,5.454929797890784e-06,8.74392442283666e-05,4.6812321368998895e-05,2.4225103520242762e-05,1.4633905637242606e-05,0.9888612383511126,0.9249297915632609,0.9738616103380728,0.9544376259937817,0.9639992931934268
scda,5%,14, 10%~20%,42284.0,0.9749527577360593,0.9186994714051799,0.9776099430520143,0.952335775783391,0.9645875365740083,1.56023461003858e-05,0.00011948298592128326,1.6862213439914135e-05,4.120071379252251e-05,2.759245431127019e-05,0.9888612383511126,0.9249297915632609,0.9738616103380728,0.9544376259937817,0.9639992931934268
scda,5%,14, 20%~30%,28921.0,0.9663008390191382,0.9052221351523101,0.9743295775375421,0.953960707712497,0.9636250688663092,4.223183301403816e-05,9.397688939369015e-05,4.256103383948783e-05,6.0451993480915604e-05,5.245848940850986e-05,0.9888612383511126,0.9249297915632609,0.9738616103380728,0.9544376259937817,0.9639992931934268
scda,5%,14, 30%~40%,21685.0,0.96029945997727,0.8888540781538173,0.9683129218920182,0.9549737661511774,0.9608572304345563,6.114226077470206e-05,9.892400080211521e-05,7.119214721395297e-05,6.731329821348366e-05,6.890654032247728e-05,0.9888612383511126,0.9249297915632609,0.9738616103380728,0.9544376259937817,0.9639992931934268
scda,5%,14, 40%~50%,18872.0,0.9561781296558068,0.8739272292081868,0.961384309597581,0.9546908330491948,0.9568915489700816,3.369032977530712e-05,0.0001980418406313962,3.037298043241555e-05,4.0321083233436035e-05,3.708516896878154e-05,0.9888612383511126,0.9249297915632609,0.9738616103380728,0.9544376259937817,0.9639992931934268
scda,5%,14, Overall,564276.0,0.9888612383511126,0.9249297915632609,0.9738616103380728,0.9544376259937817,0.9639992931934268,4.627251952801532e-06,3.0012175087369563e-05,1.9514542649873316e-05,2.392166275262434e-05,2.1231890926335975e-05,0.9888612383511126,0.9249297915632609,0.9738616103380728,0.9544376259937817,0.9639992931934268
scda,15%,14, 0.1%~0.5%,149550.0,0.9925078912275483,0.5656246823880523,0.7299056868875052,0.9223181071782216,0.8096844278707298,1.024279384870428e-05,0.00014734482402927474,0.00032860274027656503,0.00011038723549577822,0.0002386316004320546,0.9732543107090463,0.8049169757101201,0.9542495408950803,0.8874698271534248,0.9189740355641788
scda,15%,14, 0.5%~1%,98700.0,0.9904821487962011,0.6534191432084514,0.8162106218869932,0.8860144245819094,0.8490219195775172,4.567662608141811e-06,0.0003348941469689958,8.58954014200797e-05,0.00021210109810890977,9.955383861803717e-05,0.9732543107090463,0.8049169757101201,0.9542495408950803,0.8874698271534248,0.9189740355641788
scda,15%,14, 1%~10%,204264.0,0.9804427464504918,0.7881757661175275,0.9375577488549734,0.8831805467541205,0.9091616426882961,1.3689277619001208e-05,0.0001697958045959421,4.912906275751758e-05,6.593675599365441e-05,5.682738508700085e-05,0.9732543107090463,0.8049169757101201,0.9542495408950803,0.8874698271534248,0.9189740355641788
scda,15%,14, 10%~20%,42284.0,0.9401246193432327,0.7911694531816579,0.9611182589005204,0.885681242305052,0.9199073849553857,4.793215861235344e-05,0.0002803161164337112,5.427756975323282e-05,7.368710020750585e-05,5.748573133448125e-05,0.9732543107090463,0.8049169757101201,0.9542495408950803,0.8874698271534248,0.9189740355641788
scda,15%,14, 20%~30%,28921.0,0.9181801094533603,0.7596578258704282,0.9510639130325621,0.8880246308802869,0.9150574270848932,1.1360164849981647e-05,0.00036417151120722065,5.773442479303954e-05,1.0227856796632598e-05,1.940972557065299e-05,0.9732543107090463,0.8049169757101201,0.9542495408950803,0.8874698271534248,0.9189740355641788
scda,15%,14, 30%~40%,21685.0,0.9023975325938011,0.7242723003414847,0.9361799766219455,0.8893354714640367,0.9065293729245186,1.9915742967768198e-05,0.00027829426877145204,4.011401100304994e-05,1.940116781739949e-05,2.535675963535059e-05,0.9732543107090463,0.8049169757101201,0.9542495408950803,0.8874698271534248,0.9189740355641788
scda,15%,14, 40%~50%,18872.0,0.8928222872680793,0.696423562432607,0.9222887033444479,0.8893831123576056,0.8975438870492463,7.364515497139549e-05,0.0002071008135275419,5.682275347420611e-05,7.33481237567473e-05,7.09223649670392e-05,0.9732543107090463,0.8049169757101201,0.9542495408950803,0.8874698271534248,0.9189740355641788
scda,15%,14, Overall,564276.0,0.9732543107090463,0.8049169757101201,0.9542495408950803,0.8874698271534248,0.9189740355641788,1.2646309588571839e-05,0.00014329681273390134,2.975898173219755e-05,4.185299484396295e-05,3.5881891407800856e-05,0.9732543107090463,0.8049169757101201,0.9542495408950803,0.8874698271534248,0.9189740355641788
scda,25%,14, 0.1%~0.5%,149550.0,0.9889659006593078,0.40334729574708234,0.6552816193709968,0.7898372977567344,0.7127397818281195,1.130204846042153e-05,0.0005003547216204352,0.0002977835217930664,8.710214397956512e-05,0.00018643494826473396,0.9576470236890519,0.6888744186546717,0.9401578183967114,0.8129641417741631,0.8692629238516946
scda,25%,14, 0.5%~1%,98700.0,0.9861892819582327,0.5082651688247224,0.7634710472844107,0.7909507147447746,0.7766707166548753,6.690589211321608e-06,0.00035836936911343137,0.00018910443982546234,6.011705389283682e-05,0.00012598168586465947,0.9576470236890519,0.6888744186546717,0.9401578183967114,0.8129641417741631,0.8692629238516946
scda,25%,14, 1%~10%,204264.0,0.9699183744766892,0.669694073085874,0.919231451558547,0.8073871002396612,0.8578118444540844,1.388409217453647e-05,0.0002479939521115774,0.00013007371926098042,3.679218609185339e-05,5.1162558866477316e-05,0.9576470236890519,0.6888744186546717,0.9401578183967114,0.8129641417741631,0.8692629238516946
scda,25%,14, 10%~20%,42284.0,0.9033387790376115,0.6675501329685173,0.9465725543154665,0.8133616224279177,0.8688335081183647,2.8290202866077434e-05,0.00016260542485227195,6.262964512045302e-05,2.9164239127976115e-05,4.039093767364546e-05,0.9576470236890519,0.6888744186546717,0.9401578183967114,0.8129641417741631,0.8692629238516946
scda,25%,14, 20%~30%,28921.0,0.8665148699076181,0.6247038758575726,0.9308017298173992,0.8164622351683813,0.860037292192038,1.9415214112684342e-05,0.00014762947851798005,1.8166681930036363e-05,1.3868057472729379e-05,1.487034229255427e-05,0.9576470236890519,0.6888744186546717,0.9401578183967114,0.8129641417741631,0.8692629238516946
scda,25%,14, 30%~40%,21685.0,0.8398489958628162,0.5800475199977647,0.9102280033580782,0.8181691119991114,0.8466878245566791,2.475919451098226e-05,0.00011142222857238033,7.898700843458403e-05,2.3505164027921206e-05,2.5064899355111287e-05,0.9576470236890519,0.6888744186546717,0.9401578183967114,0.8129641417741631,0.8692629238516946
scda,25%,14, 40%~50%,18872.0,0.8240628211885447,0.5465341757378398,0.8929005809350535,0.8184636457806694,0.8339608665026742,3.0842058656080947e-06,0.00013081315878980427,3.16085109860528e-05,1.1044241724238747e-05,1.58912319610363e-05,0.9576470236890519,0.6888744186546717,0.9401578183967114,0.8129641417741631,0.8692629238516946
scda,25%,14, Overall,564276.0,0.9576470236890519,0.6888744186546717,0.9401578183967114,0.8129641417741631,0.8692629238516946,4.802817335717436e-06,6.282572051834243e-05,3.577891339919598e-05,1.8170248882286163e-05,7.101657820288043e-06,0.9576470236890519,0.6888744186546717,0.9401578183967114,0.8129641417741631,0.8692629238516946
scda,5%,15, 0.1%~0.5%,133690.0,0.9968770326448992,0.7617721580785014,0.8379842459820099,0.9741977441277534,0.8988824175089974,1.1591002325325694e-05,0.0006705408013149831,0.00046928853958757254,4.674364788918674e-05,0.0002775980616260497,0.989177864941615,0.9262014012450178,0.9750218005770183,0.9551063095781324,0.9649063120946755
scda,5%,15, 0.5%~1%,89779.0,0.9963471490781242,0.8656019205274567,0.9094994707961644,0.9721760899246124,0.9392145543831084,9.523202988933564e-06,0.00022789135545474764,0.0002788662837170146,1.1350770020526832e-05,0.0001605826102116907,0.989177864941615,0.9262014012450178,0.9750218005770183,0.9551063095781324,0.9649063120946755
scda,5%,15, 1%~10%,180724.0,0.9917910032002247,0.9204870075038185,0.9674467849365023,0.9534710954569466,0.9603804585509256,3.1243685670365737e-06,4.805124079133586e-05,1.639682683536598e-05,2.1308090426932327e-05,1.5739513516701895e-05,0.989177864941615,0.9262014012450178,0.9750218005770183,0.9551063095781324,0.9649063120946755
scda,5%,15, 10%~20%,38162.0,0.9761393111044377,0.9201161961202717,0.9781097412452057,0.9524212040332755,0.9648872033061217,1.7907852794883423e-05,9.218587468693631e-05,4.2076413609933556e-05,4.6015919129346024e-05,4.363142793662645e-05,0.989177864941615,0.9262014012450178,0.9750218005770183,0.9551063095781324,0.9649063120946755
scda,5%,15, 20%~30%,23145.0,0.9661246218459095,0.9045329431949121,0.9743953017054553,0.9540569942440484,0.9636875369790082,1.9151940006106723e-05,0.00016784480734228892,1.9353882487420134e-05,3.5159925820755685e-05,2.5740904759346098e-05,0.989177864941615,0.9262014012450178,0.9750218005770183,0.9551063095781324,0.9649063120946755
scda,5%,15, 30%~40%,19591.0,0.9605960265114882,0.8883667174398845,0.9687528363627278,0.9555350156427291,0.9613296883968436,3.9287961285591125e-05,5.3118098842414805e-05,4.9832948594414884e-05,4.2587754070912406e-05,4.535469601898993e-05,0.989177864941615,0.9262014012450178,0.9750218005770183,0.9551063095781324,0.9649063120946755
scda,5%,15, 40%~50%,17695.0,0.9578629008430771,0.8768980200312377,0.9634998559489985,0.9562044279959512,0.9587340385137274,3.2878571658837474e-05,0.0002600336499747702,2.0771829396128987e-05,3.2695216539943404e-05,2.8925642710807794e-05,0.989177864941615,0.9262014012450178,0.9750218005770183,0.9551063095781324,0.9649063120946755
scda,5%,15, Overall,502786.0,0.989177864941615,0.9262014012450178,0.9750218005770183,0.9551063095781324,0.9649063120946755,2.794316855552623e-06,3.6652188506797703e-05,2.761726988409862e-05,3.944931033961192e-06,1.1844046832549468e-05,0.989177864941615,0.9262014012450178,0.9750218005770183,0.9551063095781324,0.9649063120946755
scda,15%,15, 0.1%~0.5%,133690.0,0.9930516761199911,0.5379239627948028,0.7165842003613991,0.9231446937589939,0.8007739817287266,1.24466584642642e-05,0.0004422945514445057,0.00034287708315861276,0.0001105685333755881,0.000257467196905736,0.9737125572810204,0.8064802860936618,0.9558812073849751,0.8876482532247127,0.919803048965045
scda,15%,15, 0.5%~1%,89779.0,0.9906215700965522,0.6724136290335894,0.8246578531119125,0.8867227208143523,0.8539993391255751,6.737272289711662e-06,5.514618679698589e-05,0.0001671831916867422,1.1230011372516804e-05,9.874609571849511e-05,0.9737125572810204,0.8064802860936618,0.9558812073849751,0.8876482532247127,0.919803048965045
scda,15%,15, 1%~10%,180724.0,0.9803037894979744,0.7941667135291116,0.9413574399105707,0.8836047563446822,0.9111175538343356,1.52802113602329e-05,0.00026055690317913007,8.348971900430024e-05,2.5386804640290084e-05,4.545107897869873e-05,0.9737125572810204,0.8064802860936618,0.9558812073849751,0.8876482532247127,0.919803048965045
scda,15%,15, 10%~20%,38162.0,0.9429796287709212,0.7936259758282475,0.9621731865435407,0.8856893440210606,0.9205091346157205,3.232439208199631e-05,0.00011263731105308451,5.733354992420115e-05,4.0373194134735544e-05,4.6713699143693675e-05,0.9737125572810204,0.8064802860936618,0.9558812073849751,0.8876482532247127,0.919803048965045
scda,15%,15, 20%~30%,23145.0,0.9169653704082462,0.7570203871999137,0.9506799475360567,0.8872782551447518,0.9143088607913752,4.3262057270083e-05,0.000151759475848731,4.6836773442740284e-05,4.449555290806813e-05,4.549595842633356e-05,0.9737125572810204,0.8064802860936618,0.9558812073849751,0.8876482532247127,0.919803048965045
scda,15%,15, 30%~40%,19591.0,0.9019100943832425,0.7224022454885038,0.9361325582646982,0.8893187040813825,0.90630686496716,5.398661614344605e-05,5.550925049843537e-05,3.063359836095947e-05,5.829204387558817e-05,4.878845244194696e-05,0.9737125572810204,0.8064802860936618,0.9558812073849751,0.8876482532247127,0.919803048965045
scda,15%,15, 40%~50%,17695.0,0.8944930488480524,0.6993842160340235,0.9248753493569365,0.8904543759249748,0.8994767116444141,9.258095708342452e-06,0.00014765386582915317,5.376997355415579e-06,1.111853345360787e-05,6.791255653560479e-06,0.9737125572810204,0.8064802860936618,0.9558812073849751,0.8876482532247127,0.919803048965045
scda,15%,15, Overall,502786.0,0.9737125572810204,0.8064802860936618,0.9558812073849751,0.8876482532247127,0.919803048965045,7.87422036968024e-06,9.038038392023137e-05,2.1624451750464444e-05,1.3094514564897934e-05,1.4500996756814367e-05,0.9737125572810204,0.8064802860936618,0.9558812073849751,0.8876482532247127,0.919803048965045
scda,25%,15, 0.1%~0.5%,133690.0,0.9897299059616288,0.37063139968491104,0.6411361550609835,0.7893517053820696,0.7021851506952898,8.622152212988026e-06,0.00034576306178420754,0.00019157973286611574,0.00011314442533050785,0.00011123293132074559,0.9582107483162122,0.690246262520493,0.9421497365177135,0.812669457397223,0.8698772294129379
scda,25%,15, 0.5%~1%,89779.0,0.9862949057374811,0.5285452613656448,0.7734247938167931,0.7905887022821312,0.7818399940186693,1.5671968471943605e-05,0.00028855252479868815,0.00035309555882614193,9.36095064104164e-05,0.00019158248540603582,0.9582107483162122,0.690246262520493,0.9421497365177135,0.812669457397223,0.8698772294129379
scda,25%,15, 1%~10%,180724.0,0.9694922905360045,0.6762936774041052,0.9240657537893259,0.8073498944825778,0.859747292383807,1.1059076535056528e-06,9.087595166100467e-05,2.6877803519731038e-05,1.2560907241477031e-05,4.369282732228702e-06,0.9582107483162122,0.690246262520493,0.9421497365177135,0.812669457397223,0.8698772294129379
scda,25%,15, 10%~20%,38162.0,0.908043183788092,0.6706155479257304,0.9482767674636664,0.8132811168204505,0.8698169042819838,2.4030353941399334e-05,0.00022837646131487906,6.984312591438116e-05,5.125127834779346e-05,5.144948199809304e-05,0.9582107483162122,0.690246262520493,0.9421497365177135,0.812669457397223,0.8698772294129379
scda,25%,15, 20%~30%,23145.0,0.8643174498347745,0.6207391917330334,0.9301776617073014,0.8150735783852153,0.8585462160046388,3.176489143692146e-05,0.00026466748281029663,2.514329657536891e-05,6.7542277290554e-05,5.7101117493511964e-05,0.9582107483162122,0.690246262520493,0.9421497365177135,0.812669457397223,0.8698772294129379
scda,25%,15, 30%~40%,19591.0,0.8386745963832362,0.5773894564453926,0.90997830146059,0.8177463118343394,0.8459255583184556,2.2275066179825643e-05,5.80607791231601e-05,4.04578958965823e-05,2.6872829014225187e-05,3.1425009020510045e-05,0.9582107483162122,0.690246262520493,0.9421497365177135,0.812669457397223,0.8698772294129379
scda,25%,15, 40%~50%,17695.0,0.8257144811517221,0.5494552518135739,0.895699055520538,0.8190357276695973,0.8357850829940404,7.398118118786455e-05,0.0005047476298563464,5.9728458941861316e-05,9.166690995209741e-05,8.764908724983956e-05,0.9582107483162122,0.690246262520493,0.9421497365177135,0.812669457397223,0.8698772294129379
scda,25%,15, Overall,502786.0,0.9582107483162122,0.690246262520493,0.9421497365177135,0.812669457397223,0.8698772294129379,2.519051947094804e-06,8.485081788697636e-05,2.6062983676152925e-05,2.6928639144258884e-05,9.130810668076705e-06,0.9582107483162122,0.690246262520493,0.9421497365177135,0.812669457397223,0.8698772294129379
scda,5%,16, 0.1%~0.5%,150178.0,0.9967969821565861,0.7593059637114323,0.8365496089890652,0.9734150772834625,0.8977086739868727,5.08435531099998e-06,0.000299139720046337,0.00023738146218031645,6.439780541105424e-05,0.00016752961742627534,0.9892352171315008,0.9259641179844902,0.9746652815412511,0.9550945802621539,0.9647279946192931
scda,5%,16, 0.5%~1%,97314.0,0.996449982395326,0.8581036339093014,0.9073262335350254,0.9726376363896166,0.9383084622199211,1.0205750412299883e-05,0.0004160897856939951,0.0002595463903724816,2.2434989942394303e-05,0.00015434079074911987,0.9892352171315008,0.9259641179844902,0.9746652815412511,0.9550945802621539,0.9647279946192931
scda,5%,16, 1%~10%,194392.0,0.9919073794991015,0.9193534738694756,0.9669925025919722,0.9536333938835285,0.9602442180358436,1.201295854714852e-05,7.736964625602368e-05,6.493693607968053e-05,6.907122910533463e-05,6.530652355162918e-05,0.9892352171315008,0.9259641179844902,0.9746652815412511,0.9550945802621539,0.9647279946192931
scda,5%,16, 10%~20%,41843.0,0.9762236632820852,0.9208453478832022,0.9783106786284907,0.9528779905836672,0.9652209412512708,1.6879937869144944e-05,5.4339287334745857e-05,3.3876432473487623e-05,1.5813618743659566e-05,2.4027744868112857e-05,0.9892352171315008,0.9259641179844902,0.9746652815412511,0.9550945802621539,0.9647279946192931
scda,5%,16, 20%~30%,27126.0,0.9659477664528872,0.9043747218224124,0.9742682514782969,0.953920886687767,0.9635493123770886,1.9152899506610302e-05,0.00011595998917822129,3.5189000376645165e-05,1.8528375858341022e-05,2.6030100930109658e-05,0.9892352171315008,0.9259641179844902,0.9746652815412511,0.9550945802621539,0.9647279946192931
scda,5%,16, 30%~40%,20540.0,0.9602881267871402,0.8881926140650268,0.9682559845688505,0.9551842660087847,0.9609111512947143,2.4105147039649937e-05,0.00022210476872913312,1.9191600494706063e-05,2.6400082900968562e-05,2.342080416204837e-05,0.9892352171315008,0.9259641179844902,0.9746652815412511,0.9550945802621539,0.9647279946192931
scda,5%,16, 40%~50%,18535.0,0.9575953826949529,0.8765088013187224,0.9630545144968594,0.9559951532548693,0.9584029228857908,7.67554946225882e-05,0.0001208311986990534,6.800234641564192e-05,8.232262962607002e-05,7.802600042523381e-05,0.9892352171315008,0.9259641179844902,0.9746652815412511,0.9550945802621539,0.9647279946192931
scda,5%,16, Overall,549928.0,0.9892352171315008,0.9259641179844902,0.9746652815412511,0.9550945802621539,0.9647279946192931,5.105073550915446e-06,3.4032972879714313e-06,1.1240188135366316e-05,2.9606633672435478e-05,2.0202675174589022e-05,0.9892352171315008,0.9259641179844902,0.9746652815412511,0.9550945802621539,0.9647279946192931
scda,15%,16, 0.1%~0.5%,150178.0,0.9928613904571307,0.5339053835687179,0.7141385128036832,0.9231943032871496,0.7991055903708877,1.4918425797127697e-05,0.0003682078891197479,0.0004119777888249153,8.864557227912828e-05,0.000256291395630586,0.9739116948394063,0.8062036279792594,0.9552761629620266,0.8879322220812164,0.9196946286373026
scda,15%,16, 0.5%~1%,97314.0,0.9908855274732549,0.6591970349637105,0.820218758295172,0.8875166968982127,0.8519274028767105,1.5260770342486916e-05,0.0006258998475307959,0.00028176144011928,0.00014907715878937857,0.00019892399278079956,0.9739116948394063,0.8062036279792594,0.9552761629620266,0.8879322220812164,0.9196946286373026
scda,15%,16, 1%~10%,194392.0,0.9806487274534083,0.7926606024601885,0.9402977446387473,0.8843043214937433,0.9110237180576934,2.0921133114764158e-06,3.613717180783342e-05,3.72014121500829e-05,8.273200093871563e-06,2.14676769507716e-05,0.9739116948394063,0.8062036279792594,0.9552761629620266,0.8879322220812164,0.9196946286373026
scda,15%,16, 10%~20%,41843.0,0.9431063859419938,0.7952778516760843,0.9625920805027529,0.8866932472500464,0.9212508636892007,3.675003654714675e-05,0.00023265171543057912,4.624368935191544e-05,6.587012570231942e-05,4.783711913589859e-05,0.9739116948394063,0.8062036279792594,0.9552761629620266,0.8879322220812164,0.9196946286373026
scda,15%,16, 20%~30%,27126.0,0.9167556052321948,0.7569647446793536,0.9504506245189978,0.8873304799403061,0.9142153375899871,3.6688698707031846e-05,0.000281135386964952,7.70047113285239e-05,5.849856339449267e-05,6.536061391664572e-05,0.9739116948394063,0.8062036279792594,0.9552761629620266,0.8879322220812164,0.9196946286373026
scda,15%,16, 30%~40%,20540.0,0.9016180367097246,0.7220691021679763,0.9357114573612271,0.8890309164740363,0.9059331249864426,5.190326523515843e-05,0.0003390450024936966,5.9013238311379743e-05,4.495099986396257e-05,4.547667888953195e-05,0.9739116948394063,0.8062036279792594,0.9552761629620266,0.8879322220812164,0.9196946286373026
scda,15%,16, 40%~50%,18535.0,0.8939046909847194,0.6977034694314229,0.9240639077170966,0.8900747418157277,0.8988227915522656,2.053593188474257e-05,0.0002183053382451407,2.150672741434708e-05,2.0117769866077637e-05,1.6977720157876743e-05,0.9739116948394063,0.8062036279792594,0.9552761629620266,0.8879322220812164,0.9196946286373026
scda,15%,16, Overall,549928.0,0.9739116948394063,0.8062036279792594,0.9552761629620266,0.8879322220812164,0.9196946286373026,8.34342486141738e-06,9.265840647851306e-05,1.4221593525525375e-05,9.620442428423193e-06,1.1280273717527121e-05,0.9739116948394063,0.8062036279792594,0.9552761629620266,0.8879322220812164,0.9196946286373026
scda,25%,16, 0.1%~0.5%,150178.0,0.9894574281358492,0.3670905022657787,0.6380500845916884,0.7886174775907345,0.6998589034414815,1.0897812059246484e-05,0.0001984206754749461,0.00035451441223469283,8.994653488903086e-05,0.0002668980892985675,0.9585477524616243,0.6901683763222306,0.9414138251214257,0.8130423759958489,0.8698231031270653
scda,25%,16, 0.5%~1%,97314.0,0.9866811010145694,0.5140941714019472,0.7677768942474378,0.7903475103339304,0.7786570242532433,8.507388604864367e-06,0.00030108361252650364,0.0002517615392924736,2.6678938159009535e-05,0.00012277905476264402,0.9585477524616243,0.6901683763222306,0.9414138251214257,0.8130423759958489,0.8698231031270653
scda,25%,16, 1%~10%,194392.0,0.9701069640371269,0.6750834123088388,0.9227839691149741,0.8085849723983382,0.8599702582470347,8.880530765129699e-06,0.00015127692492148174,4.050923216869048e-05,4.8627628164669126e-06,1.8829073882877015e-05,0.9585477524616243,0.6901683763222306,0.9414138251214257,0.8130423759958489,0.8698231031270653
scda,25%,16, 10%~20%,41843.0,0.9080308862930102,0.6727055086025175,0.9487455675957742,0.8145890076983382,0.8707832365087119,2.9559687844407862e-05,0.00022887169486871672,4.4657752472151784e-05,4.172024148331299e-05,4.0105735598215366e-05,0.9585477524616243,0.6901683763222306,0.9414138251214257,0.8130423759958489,0.8698231031270653
scda,25%,16, 20%~30%,27126.0,0.8640245908709177,0.6210432089908727,0.9298767520665487,0.8152440990435088,0.8584835131149636,5.762453238929689e-05,0.00017983035551945444,6.918714813530442e-05,5.27530077925221e-05,5.8362923132723726e-05,0.9585477524616243,0.6901683763222306,0.9414138251214257,0.8130423759958489,0.8698231031270653
scda,25%,16, 30%~40%,20540.0,0.8382701902868434,0.5772827264260375,0.9096196476736087,0.8173814218139501,0.8454783201157201,1.4763310390627311e-05,0.000453196610621016,3.802156389880337e-05,1.479047140771499e-05,1.333490967914566e-05,0.9585477524616243,0.6901683763222306,0.9414138251214257,0.8130423759958489,0.8698231031270653
scda,25%,16, 40%~50%,18535.0,0.8248317248599317,0.5478501072577591,0.8947313463395442,0.8185010342992505,0.8348820381481147,4.4829835842620615e-05,4.6272008247727954e-05,3.230373913426851e-05,4.926781078538375e-05,4.7623075955924555e-05,0.9585477524616243,0.6901683763222306,0.9414138251214257,0.8130423759958489,0.8698231031270653
scda,25%,16, Overall,549928.0,0.9585477524616243,0.6901683763222306,0.9414138251214257,0.8130423759958489,0.8698231031270653,6.861891091271913e-06,3.904251837111289e-05,3.649458377775243e-05,2.697349344533505e-06,1.5677811840442287e-05,0.9585477524616243,0.6901683763222306,0.9414138251214257,0.8130423759958489,0.8698231031270653
scda,5%,17, 0.1%~0.5%,127951.0,0.9969949978573763,0.773682560608998,0.844933007599359,0.9746822354820148,0.9033066790937022,7.769330441004062e-06,0.0010036228455518553,0.000374175135758932,2.2708876269155598e-05,0.00021935618060792202,0.9896558159877032,0.9269325676673611,0.9756941881523691,0.955760103626985,0.9655703060362649
scda,5%,17, 0.5%~1%,84968.0,0.9966692895880641,0.8538189755751106,0.9065751390066726,0.9729830862963941,0.938117733629794,8.695590866127595e-06,0.00026887457173151093,0.00021962144664173198,0.00011086716210862227,0.00016223528038926126,0.9896558159877032,0.9269325676673611,0.9756941881523691,0.955760103626985,0.9655703060362649
scda,5%,17, 1%~10%,170503.0,0.992406684086384,0.9184814447927633,0.966756907991222,0.9539429427786855,0.9602876610083347,1.2295505810988937e-05,0.00018299434957843764,8.015744157470399e-05,4.596672740445939e-05,6.143108351556483e-05,0.9896558159877032,0.9269325676673611,0.9756941881523691,0.955760103626985,0.9655703060362649
scda,5%,17, 10%~20%,34247.0,0.9765708248690467,0.9208461437081441,0.9787448482072009,0.9531035031389615,0.9655490167461055,1.7756172251635008e-05,0.00017360080135807863,3.7004101373227805e-05,3.304399456796448e-05,3.0355645487310487e-05,0.9896558159877032,0.9269325676673611,0.9756941881523691,0.955760103626985,0.9655703060362649
scda,5%,17, 20%~30%,22664.0,0.966780256411289,0.905899290904717,0.9753869443470616,0.9550486314176129,0.9646728503431449,1.4206181624428031e-05,6.777889356144913e-05,3.943564748960281e-05,1.7920815765494968e-05,2.762860037596568e-05,0.9896558159877032,0.9269325676673611,0.9756941881523691,0.955760103626985,0.9655703060362649
scda,5%,17, 30%~40%,17686.0,0.9603960197370637,0.8866412211008384,0.9685626318188446,0.9556301939122323,0.9612395104586829,5.204949805740746e-05,0.00023166032860023734,5.108215377772735e-05,5.2904730270293835e-05,5.2320526671501896e-05,0.9896558159877032,0.9269325676673611,0.9756941881523691,0.955760103626985,0.9655703060362649
scda,5%,17, 40%~50%,16569.0,0.9582751884216414,0.8767911675004171,0.9635431123761021,0.9569181389304541,0.9590770381724877,2.3082020827495202e-05,0.0001532994429073139,1.4143523715963839e-05,2.9219807777460073e-05,2.4496195648735708e-05,0.9896558159877032,0.9269325676673611,0.9756941881523691,0.955760103626985,0.9655703060362649
scda,5%,17, Overall,474588.0,0.9896558159877032,0.9269325676673611,0.9756941881523691,0.955760103626985,0.9655703060362649,3.0109836898749013e-06,6.678904123320668e-05,1.4406409805078912e-05,1.7056204082524315e-05,1.0739110620498945e-05,0.9896558159877032,0.9269325676673611,0.9756941881523691,0.955760103626985,0.9655703060362649
scda,15%,17, 0.1%~0.5%,127951.0,0.9932433735549848,0.5515381360877941,0.724768324902565,0.9241940149911199,0.8069145007014025,7.432680522747147e-06,0.0005226317760864387,0.000224645399063466,0.00018622050408923136,0.00020811312776217096,0.9746713854390552,0.8074566533966835,0.9566075843501824,0.8882432645820914,0.9204675072611623
scda,15%,17, 0.5%~1%,84968.0,0.9913408241724998,0.6486496704681022,0.8182793630153825,0.8871276486540992,0.8506113805414918,3.0662337983448675e-05,0.0009205282915377183,0.0006778231846634369,0.00010254976543533474,0.00040542522064646996,0.9746713854390552,0.8074566533966835,0.9566075843501824,0.8882432645820914,0.9204675072611623
scda,15%,17, 1%~10%,170503.0,0.981742665574751,0.78964160474868,0.9391720052575635,0.884100133813011,0.9104028874822623,7.380392033164481e-06,0.00011611853381067653,7.356066427197768e-05,7.296687815427325e-05,6.654744727056497e-05,0.9746713854390552,0.8074566533966835,0.9566075843501824,0.8882432645820914,0.9204675072611623
scda,15%,17, 10%~20%,34247.0,0.943546589502645,0.7944799127884051,0.9630132197701397,0.8863831917484796,0.9212768121956846,2.414571362623055e-05,0.0001815122297422656,4.3471429754282675e-05,6.217887601203773e-05,4.4827120802705326e-05,0.9746713854390552,0.8074566533966835,0.9566075843501824,0.8882432645820914,0.9204675072611623
scda,15%,17, 20%~30%,22664.0,0.9176837288394922,0.7591237213237948,0.9517683411515728,0.8885369681258776,0.9154659828498154,3.0368688056399197e-05,0.00021032696536029704,5.294316735090414e-05,2.4521287080542194e-05,3.08707429990927e-05,0.9746713854390552,0.8074566533966835,0.9566075843501824,0.8882432645820914,0.9204675072611623
scda,15%,17, 30%~40%,17686.0,0.900852743543295,0.7190710417069989,0.9354627083638244,0.8889542367881086,0.9055111827222054,4.595235601044837e-05,0.0005728496063640691,6.377092824530134e-05,3.2327963961641504e-05,4.292860431966647e-05,0.9746713854390552,0.8074566533966835,0.9566075843501824,0.8882432645820914,0.9204675072611623
scda,15%,17, 40%~50%,16569.0,0.8940815995421382,0.6967840757246999,0.9240896783331028,0.8908194658205352,0.8989968604111777,8.586079575055652e-05,0.00039578728062445356,8.283642174221559e-05,8.70357288791261e-05,8.852734114776108e-05,0.9746713854390552,0.8074566533966835,0.9566075843501824,0.8882432645820914,0.9204675072611623
scda,15%,17, Overall,474588.0,0.9746713854390552,0.8074566533966835,0.9566075843501824,0.8882432645820914,0.9204675072611623,1.1955387352119389e-05,0.00015069424191760416,6.573912660208257e-05,4.8196288274129994e-05,5.279423339957362e-05,0.9746713854390552,0.8074566533966835,0.9566075843501824,0.8882432645820914,0.9204675072611623
scda,25%,17, 0.1%~0.5%,127951.0,0.9899717234711772,0.38374314483069133,0.6499688177383995,0.7902417963469767,0.7087661138320347,1.7956420460374097e-05,0.0006645158983232438,0.0005028067448344431,3.544869005934498e-05,0.00035088012217299695,0.9596556235988314,0.6916270342249479,0.9430112880955792,0.8131315311718157,0.8705303223205475
scda,25%,17, 0.5%~1%,84968.0,0.9873542342459739,0.5018169130010531,0.7657172155466699,0.7908537041124101,0.7774906078515449,9.734891333176392e-06,0.000364801990376217,0.00017044535512361422,0.00011070465811886803,0.00011104079895198704,0.9596556235988314,0.6916270342249479,0.9430112880955792,0.8131315311718157,0.8705303223205475
scda,25%,17, 1%~10%,170503.0,0.9718022422985588,0.6708420815907354,0.9210539119722233,0.8078328590456813,0.8588305225774716,7.416912656606474e-06,0.0002016865953716676,8.237983585329056e-05,3.3345814408015886e-05,5.2790858557271014e-05,0.9596556235988314,0.6916270342249479,0.9430112880955792,0.8131315311718157,0.8705303223205475
scda,25%,17, 10%~20%,34247.0,0.9086421047010197,0.6715919189297721,0.9491741184104336,0.8137845444489905,0.8704939334740606,2.85891607952988e-05,0.00017602768500965353,4.6069038881992124e-05,3.953554288493617e-05,4.168620269596789e-05,0.9596556235988314,0.6916270342249479,0.9430112880955792,0.8131315311718157,0.8705303223205475
scda,25%,17, 20%~30%,22664.0,0.8650131954687579,0.6238843831996369,0.9312692409468878,0.8165153923300797,0.8598036095368391,3.1498011978376335e-05,0.0001104816117591612,5.2449660030362585e-05,5.2004544330871554e-05,4.823157325789461e-05,0.9596556235988314,0.6916270342249479,0.9430112880955792,0.8131315311718157,0.8705303223205475
scda,25%,17, 30%~40%,17686.0,0.8367004785780737,0.5736402546132778,0.9091773472121112,0.8169266767685395,0.8444700084110736,8.771553835489542e-05,0.00022664656245161333,8.595911229839492e-05,0.00010367501713456543,9.922759983216913e-05,0.9596556235988314,0.6916270342249479,0.9430112880955792,0.8131315311718157,0.8705303223205475
scda,25%,17, 40%~50%,16569.0,0.8246513925213921,0.5465039475881066,0.8947128019987584,0.8192690674020419,0.8348518677277754,2.5820849344769886e-05,0.00024622851950445245,3.158409728064316e-05,2.350021786923285e-05,1.948378544848535e-05,0.9596556235988314,0.6916270342249479,0.9430112880955792,0.8131315311718157,0.8705303223205475
scda,25%,17, Overall,474588.0,0.9596556235988314,0.6916270342249479,0.9430112880955792,0.8131315311718157,0.8705303223205475,4.0105388077399805e-06,5.4311886518197165e-05,3.164441363797183e-05,1.5238363756662453e-05,1.7486810852282364e-05,0.9596556235988314,0.6916270342249479,0.9430112880955792,0.8131315311718157,0.8705303223205475
scda,5%,18, 0.1%~0.5%,127610.0,0.9963100996193149,0.7612636804996514,0.8301010470029858,0.9720291263194384,0.8930568852721003,9.617468031172059e-06,0.0007211067224122024,0.00033483086398531205,3.7951510552356444e-05,0.0001874141606139906,0.9881503727187008,0.9240741174116675,0.9729660305463566,0.9539258367382718,0.9633001147968536
scda,5%,18, 0.5%~1%,84541.0,0.995817629918626,0.860993391778028,0.9024399432332464,0.9706502530286185,0.9345260021264741,1.1456952283989669e-05,0.00020540591678762114,0.00031363431353519767,6.752690292454708e-05,0.0002085471030978367,0.9881503727187008,0.9240741174116675,0.9729660305463566,0.9539258367382718,0.9633001147968536
scda,5%,18, 1%~10%,179581.0,0.9911098930478284,0.9180924539700343,0.9642611536860827,0.9520901453424058,0.9581122921180832,2.628276751306754e-06,5.030855373252258e-05,4.4773677126092094e-05,5.884426228329483e-06,1.8985483563255934e-05,0.9881503727187008,0.9240741174116675,0.9729660305463566,0.9539258367382718,0.9633001147968536
scda,5%,18, 10%~20%,39126.0,0.9756480752088391,0.9194834121900014,0.9772374917750392,0.95224499109206,0.9643781782010667,1.7015549896568566e-05,0.00013207474608511902,2.8538906996166672e-05,3.606770790491603e-05,3.189930397164928e-05,0.9881503727187008,0.9240741174116675,0.9729660305463566,0.9539258367382718,0.9633001147968536
scda,5%,18, 20%~30%,26284.0,0.9653731136871135,0.9046147201199591,0.9728883556580709,0.9526027524532887,0.9622329724112535,2.833703142629909e-05,0.00011189327659324799,2.1397666992016067e-05,2.63072275519904e-05,2.400600620560824e-05,0.9881503727187008,0.9240741174116675,0.9729660305463566,0.9539258367382718,0.9633001147968536
scda,5%,18, 30%~40%,19639.0,0.9593153247550479,0.88605913996312,0.9672330897686924,0.9542409129630492,0.9599137331167024,2.658462091319365e-05,1.0130155338630872e-05,1.2358977125252261e-05,3.128400589514347e-05,2.335443741545792e-05,0.9881503727187008,0.9240741174116675,0.9729660305463566,0.9539258367382718,0.9633001147968536
scda,5%,18, 40%~50%,18270.0,0.9571268322022223,0.8766776750244522,0.9624598811814491,0.9555500245380714,0.9578897581786271,1.327545910103913e-05,0.00018966103324325153,1.8854966343370493e-05,1.0152903959166945e-05,1.2571460012577015e-05,0.9881503727187008,0.9240741174116675,0.9729660305463566,0.9539258367382718,0.9633001147968536
scda,5%,18, Overall,495051.0,0.9881503727187008,0.9240741174116675,0.9729660305463566,0.9539258367382718,0.9633001147968536,5.38304557224779e-06,2.0081199368662363e-05,1.835989746896797e-05,1.676442199069519e-05,1.55018802488311e-05,0.9881503727187008,0.9240741174116675,0.9729660305463566,0.9539258367382718,0.9633001147968536
scda,15%,18, 0.1%~0.5%,127610.0,0.9919052813502484,0.5389584378806177,0.7075141632536402,0.922263271058099,0.7940565208909699,8.119936074195263e-06,0.00024410710095600316,0.00018323880476705436,0.00010332362393321161,0.00016255343953197512,0.971774911982478,0.8034010498216789,0.9528258524122005,0.8872839782692844,0.9182216654618651
scda,15%,18, 0.5%~1%,84541.0,0.9895782862288236,0.669259135070729,0.8142226259693386,0.8859404201795442,0.8476663670102517,6.151196443755017e-06,6.998059568382967e-05,0.00017107657150125386,3.9885307437527186e-05,9.282450012554055e-05,0.971774911982478,0.8034010498216789,0.9528258524122005,0.8872839782692844,0.9182216654618651
scda,15%,18, 1%~10%,179581.0,0.9790759237340033,0.7907201200750053,0.936432542505304,0.8829075025812673,0.9084868495087995,7.900790603006272e-06,7.837792433283206e-05,4.0662948284874864e-05,5.959828562591295e-05,4.4153556798665126e-05,0.971774911982478,0.8034010498216789,0.9528258524122005,0.8872839782692844,0.9182216654618651
scda,15%,18, 10%~20%,39126.0,0.9423394516186274,0.7934068124042734,0.9608737039275853,0.8863187770606489,0.9203024138132455,4.794886578634018e-05,0.00030017012762401313,8.073581713491078e-05,6.5784115541593e-05,7.139606829861698e-05,0.971774911982478,0.8034010498216789,0.9528258524122005,0.8872839782692844,0.9182216654618651
scda,15%,18, 20%~30%,26284.0,0.9175597581955047,0.7590501952349645,0.9495583043672126,0.8870079533024917,0.9138893690887738,5.39032297054198e-05,0.0002241114292059,6.299848050461062e-05,5.2952665301569265e-05,5.673218308548573e-05,0.971774911982478,0.8034010498216789,0.9528258524122005,0.8872839782692844,0.9182216654618651
scda,15%,18, 30%~40%,19639.0,0.9005918037303363,0.7196504741490278,0.9343430666627072,0.8882598853467133,0.9048768311188798,1.7626900425880657e-05,0.00019371297713499864,4.025972632598796e-05,2.400193725583937e-05,2.8510424587721227e-05,0.971774911982478,0.8034010498216789,0.9528258524122005,0.8872839782692844,0.9182216654618651
scda,15%,18, 40%~50%,18270.0,0.8945758697692616,0.7006726379308358,0.9239701485714394,0.8908601030377498,0.8993403616703217,1.2797025720754377e-05,0.0001392359525732668,4.0932697335080305e-05,1.1013677986085413e-05,1.9227941677378047e-05,0.971774911982478,0.8034010498216789,0.9528258524122005,0.8872839782692844,0.9182216654618651
scda,15%,18, Overall,495051.0,0.971774911982478,0.8034010498216789,0.9528258524122005,0.8872839782692844,0.9182216654618651,1.8314022090705068e-06,1.7766092071530547e-05,1.655807869337612e-05,5.573297847511406e-06,6.964758124312966e-06,0.971774911982478,0.8034010498216789,0.9528258524122005,0.8872839782692844,0.9182216654618651
scda,25%,18, 0.1%~0.5%,127610.0,0.9881911170054435,0.3764958303570481,0.6298693099132896,0.7877876632345454,0.6948209267049547,7.074364169724487e-06,0.0005987595296286989,9.012796310041696e-05,6.579027804770146e-05,4.8995130050672164e-05,0.955387203273105,0.6867539510321689,0.9381307249039909,0.8130556031562156,0.8684716997303559
scda,25%,18, 0.5%~1%,84541.0,0.9849089654326458,0.5268170361835954,0.7613365361839627,0.7897707518261341,0.7751184045554796,3.724384421228302e-06,0.0003394243014770801,8.536214341500085e-05,0.0001004345713381464,7.030786778482983e-06,0.955387203273105,0.6867539510321689,0.9381307249039909,0.8130556031562156,0.8684716997303559
scda,25%,18, 1%~10%,179581.0,0.9677995904408069,0.6722157537118432,0.9176151177716879,0.8073188513486568,0.8570939811928495,1.813583275212208e-05,0.00022641786145814014,0.00013156315786618352,3.0937087308853146e-05,6.763934913476486e-05,0.955387203273105,0.6867539510321689,0.9381307249039909,0.8130556031562156,0.8684716997303559
scda,25%,18, 10%~20%,39126.0,0.907109117487054,0.6708920502666685,0.9464761551835021,0.8144363555502673,0.8698430944425763,3.1107301220249046e-05,0.0001617630494166959,5.4822117837158296e-05,6.771513396373728e-05,6.311391119268273e-05,0.955387203273105,0.6867539510321689,0.9381307249039909,0.8130556031562156,0.8684716997303559
scda,25%,18, 20%~30%,26284.0,0.8662554327604933,0.6244539395365308,0.929206601430345,0.8157685948362551,0.8591477143815517,2.9229846009734755e-05,0.0001889901099363888,5.5604827681136775e-05,1.915283395293034e-05,3.0489736714360248e-05,0.955387203273105,0.6867539510321689,0.9381307249039909,0.8130556031562156,0.8684716997303559
scda,25%,18, 30%~40%,19639.0,0.8371796606826734,0.5747404090300031,0.9078935146768607,0.8167484483456414,0.8443857990911781,5.017280357946256e-05,0.0001773286435052959,6.750584990734514e-05,5.5251051849044694e-05,5.926344236145974e-05,0.955387203273105,0.6867539510321689,0.9381307249039909,0.8130556031562156,0.8684716997303559
scda,25%,18, 40%~50%,18270.0,0.8263346659701715,0.5509864895238256,0.8947199055243317,0.8202388573021455,0.8362030804602506,2.4363218541995864e-05,3.810092006510874e-05,3.342561529487852e-05,2.588203062611476e-05,2.897220634526196e-05,0.955387203273105,0.6867539510321689,0.9381307249039909,0.8130556031562156,0.8684716997303559
scda,25%,18, Overall,495051.0,0.955387203273105,0.6867539510321689,0.9381307249039909,0.8130556031562156,0.8684716997303559,7.511542924381092e-06,4.3016568924512105e-05,3.817770939017091e-05,1.2270910868161065e-05,1.9210996486929407e-05,0.955387203273105,0.6867539510321689,0.9381307249039909,0.8130556031562156,0.8684716997303559
scda,5%,19, 0.1%~0.5%,101246.0,0.9964864280294402,0.6770553435392747,0.7845131150251548,0.9739229588772398,0.8631673054652902,1.1355886119436923e-05,0.0010297329778495888,0.0005702644133948083,0.0001033695463938861,0.00039026540517983146,0.988533469665262,0.9241210875063922,0.9729850334079709,0.9552260142148311,0.9639788443776225
scda,5%,19, 0.5%~1%,67987.0,0.9960818200855256,0.8016150371087974,0.871665899004407,0.9714177431614804,0.9176282743460377,1.527485562585529e-05,0.0006372557879410285,0.0003616947253150699,3.398572572207043e-05,0.00020500518163445871,0.988533469665262,0.9241210875063922,0.9729850334079709,0.9552260142148311,0.9639788443776225
scda,5%,19, 1%~10%,142921.0,0.9919234809264594,0.9126044571471503,0.9607617642685673,0.9536128622782046,0.9571579938815488,2.8644821691926427e-06,5.7240557968318366e-05,1.9852496524864707e-05,2.7897251403805086e-05,1.5907594031519882e-05,0.988533469665262,0.9241210875063922,0.9729850334079709,0.9552260142148311,0.9639788443776225
scda,5%,19, 10%~20%,33925.0,0.9760006276426135,0.9193967746155091,0.9773595383744443,0.9525370496551201,0.9645944907679443,1.9932745685840507e-05,0.0001603966072777037,4.5411953858417656e-05,3.6581690106991776e-05,4.067338112846973e-05,0.988533469665262,0.9241210875063922,0.9729850334079709,0.9552260142148311,0.9639788443776225
scda,5%,19, 20%~30%,21727.0,0.9667589572015406,0.9065062003006964,0.9747205525481051,0.9551589276504654,0.9644328713300568,3.809955595426429e-05,4.8523736522907404e-05,3.175030484849123e-05,5.148921713179691e-05,4.245510304449372e-05,0.988533469665262,0.9241210875063922,0.9729850334079709,0.9552260142148311,0.9639788443776225
scda,5%,19, 30%~40%,16401.0,0.9604017313544437,0.8886855437030303,0.9679507002738967,0.9555546466508925,0.9609834156204808,3.373166441175261e-05,0.00023774494904437013,4.7301639833572524e-05,3.410596113472798e-05,3.616158794481104e-05,0.988533469665262,0.9241210875063922,0.9729850334079709,0.9552260142148311,0.9639788443776225
scda,5%,19, 40%~50%,14477.0,0.9579167269651009,0.8775192116890752,0.9632903064664181,0.9562844249948023,0.9587190823056563,5.9154156575733664e-05,0.0004174830984710109,4.638122896035384e-05,6.047877252977154e-05,5.64054228242035e-05,0.988533469665262,0.9241210875063922,0.9729850334079709,0.9552260142148311,0.9639788443776225
scda,5%,19, Overall,398684.0,0.988533469665262,0.9241210875063922,0.9729850334079709,0.9552260142148311,0.9639788443776225,6.551421248080598e-06,4.853014509414061e-05,3.321004307410283e-05,2.4028251721642287e-05,2.647628191286494e-05,0.988533469665262,0.9241210875063922,0.9729850334079709,0.9552260142148311,0.9639788443776225
scda,15%,19, 0.1%~0.5%,101246.0,0.9923724411575746,0.4446130056997231,0.6539426052132157,0.9242902321372829,0.7511560617964977,6.89153364176435e-06,0.0007984285472283807,0.00011816444022149775,0.00018136541896564393,0.00018407766015013466,0.9726594602706785,0.8053584536868854,0.9524559229531006,0.8896476583652201,0.9193709214561335
scda,15%,19, 0.5%~1%,67987.0,0.9903793021789019,0.5724777530579718,0.765368311908783,0.8862691781561592,0.8182182060084537,3.5221916123726598e-06,9.643624916204216e-05,5.617617233915435e-05,5.359051173617943e-05,3.841870307407674e-05,0.9726594602706785,0.8053584536868854,0.9524559229531006,0.8896476583652201,0.9193709214561335
scda,15%,19, 1%~10%,142921.0,0.9812975551766129,0.7847033416200139,0.9290871029029303,0.8873388176137972,0.9074359854356344,6.903198512657418e-06,8.638108073632511e-05,8.823718431988645e-05,5.130837913064229e-05,2.4791724168315832e-05,0.9726594602706785,0.8053584536868854,0.9524559229531006,0.8896476583652201,0.9193709214561335
scda,15%,19, 10%~20%,33925.0,0.9431776462094402,0.7942792200592664,0.9612065098476207,0.8869023061591909,0.9208135579631471,4.1306764604760413e-05,0.00015814650443238417,4.6127703768724227e-05,4.819710235974032e-05,4.637006705663843e-05,0.9726594602706785,0.8053584536868854,0.9524559229531006,0.8896476583652201,0.9193709214561335
scda,15%,19, 20%~30%,21727.0,0.9185323839092581,0.7616252054809305,0.9510735535481897,0.8899508687417302,0.9161006159596615,7.623373610469433e-05,0.00022666528378394635,7.116898334649808e-05,9.181927056135394e-05,8.05723251580997e-05,0.9726594602706785,0.8053584536868854,0.9524559229531006,0.8896476583652201,0.9193709214561335
scda,15%,19, 30%~40%,16401.0,0.9027396317065893,0.7252931912064029,0.9353309856276434,0.8908091114503245,0.9069382997310753,9.59516846970687e-06,0.00020618044964350023,1.557056431656952e-05,2.2401365474414734e-05,1.2304033411693372e-05,0.9726594602706785,0.8053584536868854,0.9524559229531006,0.8896476583652201,0.9193709214561335
scda,15%,19, 40%~50%,14477.0,0.8958341595641458,0.7027470414606848,0.9249992727631554,0.8919100516748988,0.900604823191133,5.843927646044387e-05,0.00010163315425299724,5.6736100169790045e-05,6.147103437007202e-05,5.939210101232563e-05,0.9726594602706785,0.8053584536868854,0.9524559229531006,0.8896476583652201,0.9193709214561335
scda,15%,19, Overall,398684.0,0.9726594602706785,0.8053584536868854,0.9524559229531006,0.8896476583652201,0.9193709214561335,6.382038634275376e-06,3.089185402951363e-05,2.2289964007597045e-05,3.456887498187055e-05,1.9242015175312348e-05,0.9726594602706785,0.8053584536868854,0.9524559229531006,0.8896476583652201,0.9193709214561335
scda,25%,19, 0.1%~0.5%,101246.0,0.9889398750629264,0.28059513227795185,0.5782079100032834,0.7889567708735242,0.6506144809569099,1.3559045363302182e-05,0.000683369813631222,0.00034499857302762064,0.000279872538531899,0.000316165879846983,0.9567259967167775,0.6899013541288532,0.9373855340039032,0.8162559781711475,0.8701481385939872
scda,25%,19, 0.5%~1%,67987.0,0.9863264883096733,0.4225332685307588,0.705761563015589,0.7912790257625794,0.7420999184800184,1.343220503749686e-05,0.0005665648277806482,0.00028156673962342167,0.00010313452431497999,0.00018742733591269636,0.9567259967167775,0.6899013541288532,0.9373855340039032,0.8162559781711475,0.8701481385939872
scda,25%,19, 1%~10%,142921.0,0.9714253052079638,0.6672350851050745,0.9075997089695659,0.8136986353802588,0.856565948092498,8.318912557144739e-06,0.00017091233154699573,9.14112149843105e-05,4.723224100291998e-05,5.377222577453766e-05,0.9567259967167775,0.6899013541288532,0.9373855340039032,0.8162559781711475,0.8701481385939872
scda,25%,19, 10%~20%,33925.0,0.9084322103947704,0.6722779626051452,0.946954643454772,0.8152613323182657,0.8706382373079528,2.883177433876664e-05,0.00013042377466659845,5.062459823749432e-05,3.5098689655801185e-05,4.041645316130948e-05,0.9567259967167775,0.6899013541288532,0.9373855340039032,0.8162559781711475,0.8701481385939872
scda,25%,19, 20%~30%,21727.0,0.8665217878521716,0.627197337242791,0.9304670869993035,0.8189015079605874,0.8612723122261562,3.104327675007935e-05,0.0001787836557592539,3.451844563267822e-05,6.0783864003847624e-05,4.9163886913899524e-05,0.9567259967167775,0.6899013541288532,0.9373855340039032,0.8162559781711475,0.8701481385939872
scda,25%,19, 30%~40%,16401.0,0.8401594418838568,0.5811324759037776,0.9088916689105497,0.8203103149547007,0.8473443895475041,1.935811180032494e-05,0.0001228495505816887,3.134741337737338e-05,2.6822065623808933e-05,2.235107445588301e-05,0.9567259967167775,0.6899013541288532,0.9373855340039032,0.8162559781711475,0.8701481385939872
scda,25%,19, 40%~50%,14477.0,0.8279166297872251,0.5538472633180489,0.8956723102761783,0.8214095897740631,0.8376971539060118,1.956116696585458e-05,0.0004740662232128927,4.5941122225645904e-05,2.7801854528829144e-05,2.3142054509149893e-05,0.9567259967167775,0.6899013541288532,0.9373855340039032,0.8162559781711475,0.8701481385939872
scda,25%,19, Overall,398684.0,0.9567259967167775,0.6899013541288532,0.9373855340039032,0.8162559781711475,0.8701481385939872,1.0149104192496528e-05,5.333531833411602e-05,6.722838251087307e-05,1.1733309000308872e-05,3.338911915539125e-05,0.9567259967167775,0.6899013541288532,0.9373855340039032,0.8162559781711475,0.8701481385939872
scda,5%,20, 0.1%~0.5%,106863.0,0.9968851178356871,0.7587990760561935,0.8362810010375937,0.9739789707582472,0.8977796782039692,8.004700168537613e-06,0.0004948884746783003,0.00038573984054281614,0.0001553124438728613,0.00017342589509594078,0.9895043881362925,0.9262567807824983,0.9753183086910173,0.9557358369559017,0.9653754341025899
scda,5%,20, 0.5%~1%,70523.0,0.9965237994518845,0.8517933171002694,0.9037505287829877,0.9730805396092154,0.9365830418163436,1.1041621697363205e-05,0.0006209928766648851,0.00026741066852761075,0.00010997371833187113,0.00019767757148719976,0.9895043881362925,0.9262567807824983,0.9753183086910173,0.9557358369559017,0.9653754341025899
scda,5%,20, 1%~10%,145642.0,0.9925039903303704,0.9163058044747746,0.965502765595056,0.95404104020171,0.9597211886949997,4.313590765655688e-07,1.8288665346381785e-05,9.628759332965005e-06,6.533194554130702e-05,2.836271517414462e-05,0.9895043881362925,0.9262567807824983,0.9753183086910173,0.9557358369559017,0.9653754341025899
scda,5%,20, 10%~20%,30787.0,0.9764833748940912,0.9205770329563077,0.9790105750796071,0.9531002475923325,0.9656713457264249,2.3566828137876116e-05,0.00011338621361667601,4.931460512927147e-05,3.6146196760204e-05,4.1223541211019687e-05,0.9895043881362925,0.9262567807824983,0.9753183086910173,0.9557358369559017,0.9653754341025899
scda,5%,20, 20%~30%,19554.0,0.9669240022073998,0.9057297712863351,0.9753793244437889,0.9548605879362114,0.9645885113160144,3.652509826491955e-05,0.00012383501347214347,4.785717102051028e-05,4.642550324503565e-05,4.6084548902488364e-05,0.9895043881362925,0.9262567807824983,0.9753183086910173,0.9557358369559017,0.9653754341025899
scda,5%,20, 30%~40%,15016.0,0.9604312223277849,0.8866800584752146,0.9682314509084368,0.9560460218545065,0.9612863885375623,1.9191539249617022e-05,4.9043064596845015e-05,2.052423459184395e-05,2.252212851403334e-05,2.1509451935360097e-05,0.9895043881362925,0.9262567807824983,0.9753183086910173,0.9557358369559017,0.9653754341025899
scda,5%,20, 40%~50%,14020.0,0.9580031423514118,0.8758624719488024,0.9630426198263707,0.9568375376967898,0.9587776112062579,3.441870922584267e-05,7.122427898755319e-05,3.517430215033853e-05,3.8970881341802885e-05,3.7059793174814205e-05,0.9895043881362925,0.9262567807824983,0.9753183086910173,0.9557358369559017,0.9653754341025899
scda,5%,20, Overall,402405.0,0.9895043881362925,0.9262567807824983,0.9753183086910173,0.9557358369559017,0.9653754341025899,6.3635884741110814e-06,4.0252204554570114e-05,3.502667601102003e-05,2.074241334036616e-05,2.1784130953804004e-05,0.9895043881362925,0.9262567807824983,0.9753183086910173,0.9557358369559017,0.9653754341025899
scda,15%,20, 0.1%~0.5%,106863.0,0.9930647613713196,0.5357225375925977,0.7137402315529034,0.9236588524691248,0.7989886845398225,5.151289786852197e-06,0.00012142691295083873,0.00014732756676221384,9.278296133060934e-05,8.527835722315994e-05,0.974397348489734,0.8069767645317237,0.9559319575217394,0.8884858543446272,0.9202997528247874
scda,15%,20, 0.5%~1%,70523.0,0.9910768623210897,0.6482333945621915,0.8134202520225998,0.8880074185756257,0.8483246980051232,1.255621181971586e-05,0.0003551387855322632,0.00033764103645140875,0.00018078063384299397,0.00023990175402772263,0.974397348489734,0.8069767645317237,0.9559319575217394,0.8884858543446272,0.9202997528247874
scda,15%,20, 1%~10%,145642.0,0.9820239374047887,0.7856958012984631,0.9367226509587522,0.8842867325765726,0.9093805667683562,1.1688734885283178e-05,5.576506026393459e-05,7.078554381145968e-05,1.3964410815210033e-05,2.4948450686208845e-05,0.974397348489734,0.8069767645317237,0.9559319575217394,0.8884858543446272,0.9202997528247874
scda,15%,20, 10%~20%,30787.0,0.9432553112491351,0.7945904277859244,0.9633446557029082,0.8861792395838742,0.9212785717559239,4.588862525446416e-05,0.00010547873508028678,7.877808345839458e-05,5.665495213884146e-05,6.385463863709259e-05,0.974397348489734,0.8069767645317237,0.9559319575217394,0.8884858543446272,0.9202997528247874
scda,15%,20, 20%~30%,19554.0,0.9184410581571063,0.7597340520950105,0.9520027309033464,0.8885031973318007,0.9156771565276806,5.60787188515863e-05,0.00032471798506529146,8.836898361130043e-05,7.423666582437513e-05,7.979010302879638e-05,0.974397348489734,0.8069767645317237,0.9559319575217394,0.8884858543446272,0.9202997528247874
scda,15%,20, 30%~40%,15016.0,0.9009116933488098,0.7194353016851647,0.9346246664331206,0.8899512721484314,0.9056191425396918,6.77559617187986e-05,0.00011230534352354716,4.613840540691988e-05,8.361824411805038e-05,7.12991350487042e-05,0.974397348489734,0.8069767645317237,0.9559319575217394,0.8884858543446272,0.9202997528247874
scda,15%,20, 40%~50%,14020.0,0.8941193912733755,0.697118638354568,0.9234315276777466,0.8912927094608927,0.8989165911092581,6.834791521321274e-05,0.00019203840176618137,6.196258791927465e-05,6.662717663991405e-05,6.790646344510255e-05,0.974397348489734,0.8069767645317237,0.9559319575217394,0.8884858543446272,0.9202997528247874
scda,15%,20, Overall,402405.0,0.974397348489734,0.8069767645317237,0.9559319575217394,0.8884858543446272,0.9202997528247874,5.0516059933350135e-06,5.474288099977724e-05,1.5241888341924623e-05,1.7117459273781955e-05,8.503963823843656e-06,0.974397348489734,0.8069767645317237,0.9559319575217394,0.8884858543446272,0.9202997528247874
scda,25%,20, 0.1%~0.5%,106863.0,0.989786396846764,0.36977664439532737,0.6386873666514624,0.7905751324309689,0.7009587719106808,7.817358651699116e-06,0.0005335424187726578,0.0002838538655639059,7.774642396240157e-05,0.00015503345020784586,0.9592584471794892,0.691101901243628,0.942072910653892,0.8136081480697227,0.870447950226051
scda,25%,20, 0.5%~1%,70523.0,0.9870117429891501,0.5004904238039901,0.7598710245296335,0.7913990082952341,0.7748506995910592,5.836169079477879e-06,8.234648171991384e-05,0.00013746392836483986,0.00016438338891239284,2.583757728179503e-05,0.9592584471794892,0.691101901243628,0.942072910653892,0.8136081480697227,0.870447950226051
scda,25%,20, 1%~10%,145642.0,0.9723029379347442,0.6662360796670614,0.9176272486823085,0.8081349369577966,0.8576040862070095,5.930896420009079e-06,9.793620806601429e-05,8.921286602892346e-05,5.093116681667047e-05,3.496370393484499e-05,0.9592584471794892,0.691101901243628,0.942072910653892,0.8136081480697227,0.870447950226051
scda,25%,20, 10%~20%,30787.0,0.9081979238105329,0.6718298595706722,0.9496911720103167,0.8136321546374936,0.8705313669166678,4.2941761168785344e-05,0.00016474980475774761,9.514435036189491e-05,8.476470154265702e-05,6.998134291851079e-05,0.9592584471794892,0.691101901243628,0.942072910653892,0.8136081480697227,0.870447950226051
scda,25%,20, 20%~30%,19554.0,0.8663335603216623,0.6246214186985192,0.9316279180258779,0.8165014551704388,0.8602359253993855,6.176830748146013e-05,0.00018682285993549644,1.2203362731849196e-05,0.00012004227699416757,9.031011142003476e-05,0.9592584471794892,0.691101901243628,0.942072910653892,0.8136081480697227,0.870447950226051
scda,25%,20, 30%~40%,15016.0,0.8365790474106877,0.5735362637530564,0.9078963859868924,0.8183297080577553,0.8446172997567435,5.0051091182633295e-05,0.000450215346339515,7.066868851323877e-05,4.855772251139724e-05,5.793904952493513e-05,0.9592584471794892,0.691101901243628,0.942072910653892,0.8136081480697227,0.870447950226051
scda,25%,20, 40%~50%,14020.0,0.8245813964841101,0.5466913506462023,0.8937379621407451,0.819901194905193,0.8347123336756531,8.556005561125325e-05,0.00010056576734038912,8.667783511803744e-05,9.031842111363841e-05,9.442919899207676e-05,0.9592584471794892,0.691101901243628,0.942072910653892,0.8136081480697227,0.870447950226051
scda,25%,20, Overall,402405.0,0.9592584471794892,0.691101901243628,0.942072910653892,0.8136081480697227,0.870447950226051,4.9416801602399234e-06,1.5175242868383524e-05,1.3110950774961557e-05,5.35308121290459e-05,2.897208852942073e-05,0.9592584471794892,0.691101901243628,0.942072910653892,0.8136081480697227,0.870447950226051
scda,5%,21, 0.1%~0.5%,63312.0,0.9962970516704767,0.7021384006098507,0.800480198718175,0.9729250333449578,0.8744967399417335,7.962154398107375e-06,0.00039867412566515315,0.0003161102582690314,0.00021067170835817702,0.00015442770916732125,0.9881377480474357,0.9235896832422673,0.9725409200471556,0.9544412135415046,0.9633592743010686
scda,5%,21, 0.5%~1%,41385.0,0.9958959677687326,0.8222268673464285,0.8839478319691301,0.9697874714229752,0.9240780142202712,6.30561009504654e-06,0.0005545784978779212,0.00021590485525037188,0.00013593624179637125,6.263866901294082e-05,0.9881377480474357,0.9235896832422673,0.9725409200471556,0.9544412135415046,0.9633592743010686
scda,5%,21, 1%~10%,86698.0,0.9918417474162092,0.9082020049731812,0.9594558188290474,0.9521002225569349,0.955747352669389,6.806542001658379e-06,0.00014214780276079544,6.974868121877706e-05,2.211854529687466e-05,3.508537842679471e-05,0.9881377480474357,0.9235896832422673,0.9725409200471556,0.9544412135415046,0.9633592743010686
scda,5%,21, 10%~20%,19443.0,0.9741626868490241,0.9175210049903927,0.9763817937533794,0.9518094525824656,0.9637236231478469,3.213643559354231e-05,8.918512241613174e-05,5.01720720234191e-05,5.4843535930581926e-05,5.269884003913966e-05,0.9881377480474357,0.9235896832422673,0.9725409200471556,0.9544412135415046,0.9633592743010686
scda,5%,21, 20%~30%,12765.0,0.9651096624811287,0.902799178587177,0.9729050670007097,0.9542172840121803,0.9630348753203787,1.6478125215981363e-05,0.00023540225184366735,4.274923772485686e-05,3.0731236980061443e-05,3.4164299633479805e-05,0.9881377480474357,0.9235896832422673,0.9725409200471556,0.9544412135415046,0.9633592743010686
scda,5%,21, 30%~40%,10621.0,0.9596107097770886,0.8880438632137501,0.9672243472926129,0.9545540700600815,0.9601036866306051,4.336391007578281e-05,9.517341618584447e-05,3.96775689089804e-05,5.8606599112814834e-05,4.957903373472469e-05,0.9881377480474357,0.9235896832422673,0.9725409200471556,0.9544412135415046,0.9633592743010686
scda,5%,21, 40%~50%,9508.0,0.9576235714784641,0.8770061034125619,0.9626001392707414,0.9562352281524888,0.9583165664311123,3.0910056826304994e-05,7.683333621125507e-05,2.959257834138902e-05,3.425539476338219e-05,3.3067093478471505e-05,0.9881377480474357,0.9235896832422673,0.9725409200471556,0.9544412135415046,0.9633592743010686
scda,5%,21, Overall,243732.0,0.9881377480474357,0.9235896832422673,0.9725409200471556,0.9544412135415046,0.9633592743010686,5.070930840860912e-06,6.250187597593521e-05,2.456738250912633e-05,2.366484719838142e-05,2.3758466282051627e-05,0.9881377480474357,0.9235896832422673,0.9725409200471556,0.9544412135415046,0.9633592743010686
scda,15%,21, 0.1%~0.5%,63312.0,0.9919118242911039,0.468798259156099,0.6692028618471518,0.9215778022556642,0.7646774410359214,2.2744859804865446e-06,0.0004023357663251273,0.00011097263154180543,0.00022709189715500684,0.00014134603827696985,0.9718125543239883,0.8035262320890181,0.9518258465226351,0.8884830259886053,0.9184406148918073
scda,15%,21, 0.5%~1%,41385.0,0.9898500785461813,0.6020102226074723,0.7816051948090531,0.8852092959803012,0.828484652870502,1.8087253824528996e-05,1.744555553675922e-05,0.00048337937478344856,0.00019734258452238629,0.00021392021616692893,0.9718125543239883,0.8035262320890181,0.9518258465226351,0.8884830259886053,0.9184406148918073
scda,15%,21, 1%~10%,86698.0,0.9810331368644404,0.7718449314360845,0.926130609904091,0.8832062060888518,0.9038623803628164,3.006230914910241e-05,0.00034373343354475233,0.00028030344320401936,6.936070061528763e-05,0.00016235465099283703,0.9718125543239883,0.8035262320890181,0.9518258465226351,0.8884830259886053,0.9184406148918073
scda,15%,21, 10%~20%,19443.0,0.9392631687294707,0.7911073584672201,0.9594740394698853,0.8863563664477566,0.9195737688417892,2.3097941005720823e-05,5.2630374758703964e-05,6.525066922906603e-05,4.3514512046539186e-05,5.093563071821183e-05,0.9718125543239883,0.8035262320890181,0.9518258465226351,0.8884830259886053,0.9184406148918073
scda,15%,21, 20%~30%,12765.0,0.9157727408347345,0.7561451630667818,0.9483759554796896,0.8893834619407596,0.9143380998441852,9.06449840501565e-05,9.467922756059891e-05,9.820667538777934e-05,0.00011866827459391195,0.00011108032422982162,0.9718125543239883,0.8035262320890181,0.9518258465226351,0.8884830259886053,0.9184406148918073
scda,15%,21, 30%~40%,10621.0,0.9019936708596417,0.7240204759817334,0.9347601385695393,0.8898041636513381,0.9061038874417012,2.654329772401756e-05,0.00012451008426423127,5.7627619455313354e-05,3.725981004591226e-05,2.4483282207184514e-05,0.9718125543239883,0.8035262320890181,0.9518258465226351,0.8884830259886053,0.9184406148918073
scda,15%,21, 40%~50%,9508.0,0.8951758588458362,0.7006560008310951,0.9237180182853697,0.8919531330795764,0.899802617788091,3.322408604409605e-05,0.0003087876555652422,3.190983097006725e-05,3.906007377966922e-05,3.772950711361435e-05,0.9718125543239883,0.8035262320890181,0.9518258465226351,0.8884830259886053,0.9184406148918073
scda,15%,21, Overall,243732.0,0.9718125543239883,0.8035262320890181,0.9518258465226351,0.8884830259886053,0.9184406148918073,7.728096171097217e-06,8.839963745075432e-05,2.5404084928148155e-05,1.1559989786706496e-05,1.0437452296995737e-05,0.9718125543239883,0.8035262320890181,0.9518258465226351,0.8884830259886053,0.9184406148918073
scda,25%,21, 0.1%~0.5%,63312.0,0.9883219819011279,0.3075015074726186,0.592087379991617,0.789024579879806,0.6650641785499652,6.932877948983971e-06,0.0005421870627719029,0.00011917677846995969,0.00010902939810258996,0.00013363535008914816,0.9554853585678066,0.6872946996139655,0.9367297456240814,0.814829068520463,0.869005588711857
scda,25%,21, 0.5%~1%,41385.0,0.985509496668965,0.4531629589586143,0.722791854146712,0.7909503541815729,0.7536119909118243,9.423582613499682e-06,0.0005051510428895921,0.0002412314003509429,0.00015213853326417458,0.0001570638546257212,0.9554853585678066,0.6872946996139655,0.9367297456240814,0.814829068520463,0.869005588711857
scda,25%,21, 1%~10%,86698.0,0.9711267739674462,0.6493394974503902,0.9037534491955904,0.8075431586986834,0.8514044435244456,1.1234231210052605e-05,0.00017385900529205732,7.274318503374198e-05,4.0085563155911864e-05,5.4479665333143544e-05,0.9554853585678066,0.6872946996139655,0.9367297456240814,0.814829068520463,0.869005588711857
scda,25%,21, 10%~20%,19443.0,0.9022607893457636,0.66802271386885,0.9446453132601448,0.8148794234645944,0.8690281409188955,4.6943193085232774e-05,6.48042254327934e-05,0.00010352362442535584,8.599618212445631e-05,9.358809761988537e-05,0.9554853585678066,0.6872946996139655,0.9367297456240814,0.814829068520463,0.869005588711857
scda,25%,21, 20%~30%,12765.0,0.8625177665680228,0.6204954543487016,0.9271103716706347,0.8187297434556773,0.8592284619632361,3.048503006842228e-05,0.00020301630793304027,5.6408182558212273e-05,2.640362083549307e-05,3.332572136587847e-05,0.9554853585678066,0.6872946996139655,0.9367297456240814,0.814829068520463,0.869005588711857
scda,25%,21, 30%~40%,10621.0,0.8394223176720582,0.5794974853343103,0.9084954895001176,0.8192389143678361,0.8464953790023343,7.10975502235241e-05,0.0004969932981325803,4.801195459954822e-05,7.981881590083499e-05,7.428058534448843e-05,0.9554853585678066,0.6872946996139655,0.9367297456240814,0.814829068520463,0.869005588711857
scda,25%,21, 40%~50%,9508.0,0.8268254389739439,0.5513251102495643,0.8941538375369257,0.8215181952621916,0.8366278102093284,1.5191065769114195e-05,0.0003562571265201438,4.442165431328047e-05,2.717081685540122e-05,1.397752129154091e-05,0.9554853585678066,0.6872946996139655,0.9367297456240814,0.814829068520463,0.869005588711857
scda,25%,21, Overall,243732.0,0.9554853585678066,0.6872946996139655,0.9367297456240814,0.814829068520463,0.869005588711857,2.2587531686425688e-06,4.541009253611342e-05,1.5666039599911565e-05,8.25686402298243e-06,4.48288418100952e-06,0.9554853585678066,0.6872946996139655,0.9367297456240814,0.814829068520463,0.869005588711857
scda,5%,22, 0.1%~0.5%,62625.0,0.9970203066617084,0.726466159697917,0.8186798721062901,0.9742143760159941,0.8863937126416114,3.195097601466539e-06,0.0009295356508024676,0.00026240621749829175,7.860277118581564e-05,0.0001701525008613492,0.9896171723320469,0.9264872339187337,0.975765547667511,0.9557803555602882,0.9656152365977758
scda,5%,22, 0.5%~1%,41501.0,0.9968084205462516,0.8259054610500726,0.8869079428688939,0.9735995901000644,0.9272587111624677,1.132610345031094e-05,0.00071709699336651,0.0003358522823927019,0.00028499297721181025,0.0003227583959330106,0.9896171723320469,0.9264872339187337,0.975765547667511,0.9557803555602882,0.9656152365977758
scda,5%,22, 1%~10%,90533.0,0.9926049134979905,0.914052562146674,0.9653275880218081,0.9536531194838741,0.9594321215101406,7.806853506811222e-06,0.0002173073473166621,6.319224261928407e-05,5.7551462849888325e-05,4.7483552034828866e-05,0.9896171723320469,0.9264872339187337,0.975765547667511,0.9557803555602882,0.9656152365977758
scda,5%,22, 10%~20%,17410.0,0.9757909043722232,0.9205462195936823,0.9797563625576196,0.9539813570212893,0.9664657227683854,2.4468520605643115e-05,0.00018288995944066108,7.053906436747806e-05,1.8842366459950056e-05,3.5505106305322136e-05,0.9896171723320469,0.9264872339187337,0.975765547667511,0.9557803555602882,0.9656152365977758
scda,5%,22, 20%~30%,11479.0,0.9670017360185255,0.9059447568643021,0.9753942581862245,0.9549277771938369,0.9646376370792606,1.0411628604952539e-05,0.00023144713142591214,1.4749504072963506e-06,1.1890324961668473e-05,5.8380523665505336e-06,0.9896171723320469,0.9264872339187337,0.975765547667511,0.9557803555602882,0.9656152365977758
scda,5%,22, 30%~40%,9555.0,0.960124262242676,0.886569997583007,0.9679982625170904,0.9555053454278036,0.960903769657181,4.4200197458627205e-05,0.00015641222587493283,4.4116910998823554e-05,3.960292572200669e-05,4.194927140810846e-05,0.9896171723320469,0.9264872339187337,0.975765547667511,0.9557803555602882,0.9656152365977758
scda,5%,22, 40%~50%,8010.0,0.9583522814479366,0.8766728896340195,0.9637399842790183,0.9569797701385293,0.9592160235528926,3.60463759074287e-05,0.00020987350212531806,2.349345833712741e-05,4.35106619409679e-05,3.599656095287842e-05,0.9896171723320469,0.9264872339187337,0.975765547667511,0.9557803555602882,0.9656152365977758
scda,5%,22, Overall,241113.0,0.9896171723320469,0.9264872339187337,0.975765547667511,0.9557803555602882,0.9656152365977758,4.093031431879207e-06,6.451791575405418e-05,2.977907842097202e-05,1.3571616072994876e-05,1.5523314596935718e-05,0.9896171723320469,0.9264872339187337,0.975765547667511,0.9557803555602882,0.9656152365977758
scda,15%,22, 0.1%~0.5%,62625.0,0.9933639843253923,0.49580020505885597,0.6919547374332167,0.9237255506595723,0.781711880862951,2.181187016373605e-05,0.000887569533650403,0.000654535594478966,0.00017573008084533612,0.000499321031040512,0.9745880212664172,0.8069494670184464,0.9565743693336842,0.8882516054950645,0.9204565969995945
scda,15%,22, 0.5%~1%,41501.0,0.9917116539009291,0.596512619981987,0.7859183544505995,0.8875239500388042,0.8307473746298001,1.799383134660219e-05,0.0006021430888953578,0.0005454969241038619,0.00016829453222910756,0.00039244607845134944,0.9745880212664172,0.8069494670184464,0.9565743693336842,0.8882516054950645,0.9204565969995945
scda,15%,22, 1%~10%,90533.0,0.9822899553450087,0.7809384108884189,0.9358939746771506,0.8835769696707133,0.9085861319444634,3.285677074996558e-06,0.00014817797552416534,3.7702863344281834e-05,4.899609207058307e-05,1.6134326171232877e-05,0.9745880212664172,0.8069494670184464,0.9565743693336842,0.8882516054950645,0.9204565969995945
scda,15%,22, 10%~20%,17410.0,0.940779777075512,0.7930565887083864,0.9637779812760066,0.8871354628873896,0.9218383324402614,4.46006593107028e-05,0.0002699972760644518,5.478703739706548e-05,7.732895879471685e-05,5.140841954579328e-05,0.9745880212664172,0.8069494670184464,0.9565743693336842,0.8882516054950645,0.9204565969995945
scda,15%,22, 20%~30%,11479.0,0.9183648412469964,0.7594660480992643,0.9518477511618887,0.8882438732725197,0.9154929406878528,5.227407720856812e-05,0.0008255184951207315,6.278001002318507e-05,3.144353547110853e-05,4.300036547955134e-05,0.9745880212664172,0.8069494670184464,0.9565743693336842,0.8882516054950645,0.9204565969995945
scda,15%,22, 30%~40%,9555.0,0.9004452243995971,0.7178640441202457,0.9344846653037137,0.8889920336200587,0.9050732762932824,4.643651236139691e-05,0.0004657174219768274,2.4383808441509988e-05,6.076444019163118e-05,4.9191608290726414e-05,0.9745880212664172,0.8069494670184464,0.9565743693336842,0.8882516054950645,0.9204565969995945
scda,15%,22, 40%~50%,8010.0,0.8945193666345458,0.6991917907131028,0.9246089825398301,0.8910889095445499,0.8994814294884765,9.358213172498864e-05,0.0003676502713857816,5.670178954483027e-05,9.707104445813245e-05,8.912058122861987e-05,0.9745880212664172,0.8069494670184464,0.9565743693336842,0.8882516054950645,0.9204565969995945
scda,15%,22, Overall,241113.0,0.9745880212664172,0.8069494670184464,0.9565743693336842,0.8882516054950645,0.9204565969995945,1.0346374062084442e-05,0.0002151222298846204,6.321323801239559e-05,7.707367591651199e-06,2.687680644588026e-05,0.9745880212664172,0.8069494670184464,0.9565743693336842,0.8882516054950645,0.9204565969995945
scda,25%,22, 0.1%~0.5%,62625.0,0.9901757549539706,0.3249056553876493,0.6168860805030971,0.7871071602420491,0.6811926272538154,1.3606544244263299e-05,0.0007522466709524114,0.00042845638359258886,0.00043299422392229495,0.000433356516566815,0.9595433370393721,0.691162289657233,0.9429106322232389,0.8132473310233768,0.8705594591507285
scda,25%,22, 0.5%~1%,41501.0,0.9879786975982285,0.4432575465979616,0.7293193016614309,0.7906465820314469,0.7547979664093319,1.7318985767995494e-06,0.000452406010033242,8.70504456277211e-05,0.00020686952689855144,0.00011034570374358855,0.9595433370393721,0.691162289657233,0.9429106322232389,0.8132473310233768,0.8705594591507285
scda,25%,22, 1%~10%,90533.0,0.9727708752910539,0.6604134143461878,0.916525651117282,0.8074359069863727,0.8566719916936533,1.353720762141769e-05,0.00023077329905604645,0.0001274178873943815,3.8141541558609344e-05,6.655282073069518e-05,0.9595433370393721,0.691162289657233,0.9429106322232389,0.8132473310233768,0.8705594591507285
scda,25%,22, 10%~20%,17410.0,0.9037062597504892,0.6691824347570613,0.9496896139607922,0.8146921688331391,0.8707380259525669,3.0406813827349854e-05,0.00024942300819570955,5.9143700887893547e-05,5.245032066863672e-05,4.2154214033475706e-05,0.9595433370393721,0.691162289657233,0.9429106322232389,0.8132473310233768,0.8705594591507285
scda,25%,22, 20%~30%,11479.0,0.8662788752613881,0.6237988713439043,0.9313788235531165,0.8161005241687134,0.8599601130752289,9.04352623876095e-05,0.00027448559092382494,7.176327713416319e-05,0.00010569687500580976,9.459016736054129e-05,0.9595433370393721,0.691162289657233,0.9429106322232389,0.8132473310233768,0.8705594591507285
scda,25%,22, 30%~40%,9555.0,0.8362319676822665,0.5727609674151456,0.907960075574438,0.8171716345347609,0.8440620367032264,9.16406208039963e-05,0.0005108606984851876,6.752438404767888e-05,0.00011514130759834187,0.00010258682955932507,0.9595433370393721,0.691162289657233,0.9429106322232389,0.8132473310233768,0.8705594591507285
scda,25%,22, 40%~50%,8010.0,0.8253319282455865,0.5496574418281575,0.8952984906581181,0.8196320598754306,0.8355160545916308,7.454777519456936e-05,9.62677950624866e-05,4.396615043771721e-05,8.990705712797929e-05,7.786790937809856e-05,0.9595433370393721,0.691162289657233,0.9429106322232389,0.8132473310233768,0.8705594591507285
scda,25%,22, Overall,241113.0,0.9595433370393721,0.691162289657233,0.9429106322232389,0.8132473310233768,0.8705594591507285,6.207658587924933e-06,0.00011770945353090526,1.7976707193588465e-05,4.548023587239205e-05,2.1910824151592974e-05,0.9595433370393721,0.691162289657233,0.9429106322232389,0.8132473310233768,0.8705594591507285
