method,missing,chr,MAF_bin,Num_SNPs,Bin_Acc,Bin_R2,Bin_Precision,Bin_Recall,Bin_F1,Bin_Acc_sd,Bin_R2_sd,Bin_Precision_sd,Bin_Recall_sd,Bin_F1_sd,Overall Acc,Overall R2,Overall Precision,Overall Recall,Overall F1
biunet,5%,1, 0.1%~0.5%,25755.0,0.9947883023596478,0.899873131972341,0.9155761680089339,0.9978276451716516,0.9540902143874715,7.077706430707742e-05,0.0012309969862805282,0.0010597661967070243,1.2296428370169617e-06,0.0005944322641313534,0.9925801613452077,0.9754049630398044,0.9895515826751061,0.9896277068217643,0.9895893318859929
biunet,5%,1, 0.5%~1%,27612.0,0.9957248495384089,0.938916041214611,0.9390048612597317,0.997225711483202,0.9666608790444426,1.4351135025464709e-05,0.00030338394058230346,0.0001625487562174872,0.0001098965250638224,0.00013730063134707418,0.9925801613452077,0.9754049630398044,0.9895515826751061,0.9896277068217643,0.9895893318859929
biunet,5%,1, 1%~10%,239605.0,0.9955635000281399,0.9735524614952097,0.9765099291838797,0.9962819613016136,0.9862097386571694,3.251957835766719e-05,0.00019193455189896142,0.00017743321343994945,3.6310030224333185e-05,0.00010979056273406875,0.9925801613452077,0.9754049630398044,0.9895515826751061,0.9896277068217643,0.9895893318859929
biunet,5%,1, 10%~20%,128458.0,0.9914443796510309,0.974308502321601,0.9896154687493093,0.9872725456714945,0.9884406383538519,2.1174997941270477e-05,8.808098977044487e-05,5.620074189304295e-05,2.8744391140283497e-05,4.162799292052871e-05,0.9925801613452077,0.9754049630398044,0.9895515826751061,0.9896277068217643,0.9895893318859929
biunet,5%,1, 20%~30%,88879.0,0.9889663577345708,0.9684855616449352,0.9903589761585044,0.986288176800136,0.988303237276444,4.738098016356906e-05,0.00016436489331212223,4.725041804190102e-05,6.105621886289277e-05,5.185100227640577e-05,0.9925801613452077,0.9754049630398044,0.9895515826751061,0.9896277068217643,0.9895893318859929
biunet,5%,1, 30%~40%,77448.0,0.989946626945,0.9693830984890219,0.9909338772202515,0.9893695297344068,0.990139371957067,2.526245326176486e-05,7.256909962440759e-05,3.6858995465253345e-05,2.9839094237116852e-05,3.2276273104259965e-05,0.9925801613452077,0.9754049630398044,0.9895515826751061,0.9896277068217643,0.9895893318859929
biunet,5%,1, 40%~50%,71045.0,0.9899413943787229,0.9674200465709104,0.9905666406597483,0.9897841924151239,0.9901606647091663,3.403137235360615e-05,0.0001198786336228293,3.702303657011911e-05,3.4754081538404344e-05,3.497142656791083e-05,0.9925801613452077,0.9754049630398044,0.9895515826751061,0.9896277068217643,0.9895893318859929
biunet,5%,1, Overall,658802.0,0.9925801613452077,0.9754049630398044,0.9895515826751061,0.9896277068217643,0.9895893318859929,1.2351927484350329e-05,2.401518705138155e-05,2.1663080777654503e-05,1.9618474965349034e-05,1.9570035373726352e-05,0.9925801613452077,0.9754049630398044,0.9895515826751061,0.9896277068217643,0.9895893318859929
biunet,15%,1, 0.1%~0.5%,25755.0,0.9817631763176317,0.7169349863598699,0.7712149344535987,0.9909341080152423,0.86023031515471,0.0001210660852458014,0.001754134721875263,0.001138165041634232,6.559918018953005e-05,0.0007850306440214764,0.9718968880427861,0.9102068491734171,0.962489621792339,0.9584350261624587,0.9604527195532944
biunet,15%,1, 0.5%~1%,27612.0,0.9848605568944553,0.8089096902754936,0.8253161701292951,0.9863136535570298,0.8937618620384575,4.110803371544921e-05,0.0012456247924052268,0.00031519704242272356,0.0001380099463202028,0.00022923346987501131,0.9718968880427861,0.9102068491734171,0.962489621792339,0.9584350261624587,0.9604527195532944
biunet,15%,1, 1%~10%,239605.0,0.9795157813396166,0.8898990298845102,0.9203310665958376,0.9507545595421992,0.9350941170923694,1.1555867070398254e-05,0.00014325378060655146,6.263279599668601e-05,7.158655839911951e-05,5.595429476376582e-05,0.9718968880427861,0.9102068491734171,0.962489621792339,0.9584350261624587,0.9604527195532944
biunet,15%,1, 10%~20%,128458.0,0.9679138730404513,0.9062506978982273,0.9623784987821048,0.9504516870895386,0.9563204488678537,2.0439353324988765e-05,0.00020820308593602662,6.119971671431776e-05,7.127545180656746e-05,6.092011258850999e-05,0.9718968880427861,0.9102068491734171,0.962489621792339,0.9584350261624587,0.9604527195532944
biunet,15%,1, 20%~30%,88879.0,0.9633995077406906,0.8965518307416129,0.9664324352808142,0.956262657427095,0.9612186442955349,5.704650938962567e-05,0.000289535418426979,7.262618669092926e-05,4.587295083147296e-05,5.8209400640745946e-05,0.9718968880427861,0.9102068491734171,0.962489621792339,0.9584350261624587,0.9604527195532944
biunet,15%,1, 30%~40%,77448.0,0.9643203416251138,0.8942498652883998,0.9680213083032029,0.9622474262086698,0.9649833538140911,2.8959716051805416e-05,0.000376743675549904,2.0763413547139815e-05,1.7672495535986034e-05,1.1645519703685568e-05,0.9718968880427861,0.9102068491734171,0.962489621792339,0.9584350261624587,0.9604527195532944
biunet,15%,1, 40%~50%,71045.0,0.96367805722792,0.8855119357566652,0.9664306785433836,0.9630055365677289,0.9645061339771487,6.169531619240196e-05,0.00032946764078965713,5.7732370008450476e-05,6.098278210902041e-05,5.8576334582509975e-05,0.9718968880427861,0.9102068491734171,0.962489621792339,0.9584350261624587,0.9604527195532944
biunet,15%,1, Overall,658802.0,0.9718968880427861,0.9102068491734171,0.962489621792339,0.9584350261624587,0.9604527195532944,1.6921799449382327e-05,2.7569999631872368e-05,3.623729807161165e-05,1.4167718788546324e-05,2.48679123099386e-05,0.9718968880427861,0.9102068491734171,0.962489621792339,0.9584350261624587,0.9604527195532944
biunet,25%,1, 0.1%~0.5%,25755.0,0.97111858244648,0.6097092026444121,0.6931610394343433,0.979500982677996,0.7983780871355687,3.685182580222586e-05,0.0013644205070604727,0.0003138092901890451,6.743759250324418e-05,0.00019078130039611545,0.9550009415621542,0.858518646193232,0.9400257414774016,0.9331026625828635,0.9365349927567527
biunet,25%,1, 0.5%~1%,27612.0,0.9755705687909076,0.7186467050295514,0.7564886404566361,0.9648722697187586,0.8392484472985245,9.206519361868189e-05,0.0011683168331865538,0.000619966437407507,0.0002545403297468469,0.0004348110142340492,0.9550009415621542,0.858518646193232,0.9400257414774016,0.9331026625828635,0.9365349927567527
biunet,25%,1, 1%~10%,239605.0,0.9664092037842585,0.8252941699812344,0.8760639324191591,0.9134600174828044,0.8940566654927302,3.323920518420523e-05,0.00017390927755401442,0.0001364642522421771,4.536808035849374e-05,9.18538668225146e-05,0.9550009415621542,0.858518646193232,0.9400257414774016,0.9331026625828635,0.9365349927567527
biunet,25%,1, 10%~20%,128458.0,0.9490664794577358,0.8528867608811265,0.9396035721786428,0.9215578834560093,0.930350622057134,6.783521017387666e-05,0.00020155026547840623,0.00010803080010526624,0.00011046643177480574,9.373691181821395e-05,0.9550009415621542,0.858518646193232,0.9400257414774016,0.9331026625828635,0.9365349927567527
biunet,25%,1, 20%~30%,88879.0,0.9421269707164012,0.8390942585883382,0.9464244686513372,0.9311841654923816,0.9385104069949207,5.5115103651667846e-05,9.516411673070873e-05,3.933580494907885e-05,6.931153795549417e-05,5.33803513801943e-05,0.9550009415621542,0.858518646193232,0.9400257414774016,0.9331026625828635,0.9365349927567527
biunet,25%,1, 30%~40%,77448.0,0.9433067309287483,0.8351626442071062,0.9492086814062602,0.9400904266587559,0.9442928854772598,9.289151238301266e-05,0.00033325770074575537,6.937121541715481e-05,9.234894821501562e-05,8.214749270901448e-05,0.9550009415621542,0.858518646193232,0.9400257414774016,0.9331026625828635,0.9365349927567527
biunet,25%,1, 40%~50%,71045.0,0.9422722900764985,0.8227428601272525,0.9469637924561144,0.9412442135580319,0.9436182364318073,7.005827325625192e-05,0.0003211442296749641,9.185003636725751e-05,6.594430075541846e-05,7.235556163462796e-05,0.9550009415621542,0.858518646193232,0.9400257414774016,0.9331026625828635,0.9365349927567527
biunet,25%,1, Overall,658802.0,0.9550009415621542,0.858518646193232,0.9400257414774016,0.9331026625828635,0.9365349927567527,1.973478790922178e-05,0.00012599331816941098,2.68795739082914e-05,2.8287120107305224e-05,2.699876819664503e-05,0.9550009415621542,0.858518646193232,0.9400257414774016,0.9331026625828635,0.9365349927567527
biunet,5%,2, 0.1%~0.5%,27091.0,0.9948629926297787,0.8915370036901343,0.9135985123200571,0.9977562303420145,0.9530018840597757,5.757076534387509e-05,0.0005641398208625752,0.0008214496619058767,0.0001342863130965239,0.00048497273926402485,0.9924614750129369,0.9745728709906128,0.9892591985459882,0.9894780070982838,0.9893681468702145
biunet,5%,2, 0.5%~1%,29344.0,0.9956273648425366,0.9317377946430155,0.9371731292002865,0.9978608771231685,0.9660150858497502,6.614862365927714e-05,0.001621584658634455,0.0007994895985277057,0.00010808993983083174,0.0004850437662663017,0.9924614750129369,0.9745728709906128,0.9892591985459882,0.9894780070982838,0.9893681468702145
biunet,5%,2, 1%~10%,258736.0,0.9953968816699553,0.971603193329782,0.9752014621730204,0.9962348377919402,0.9855106439302511,2.0361810733224197e-05,0.00010519108795136993,0.00010678451893138296,2.8719861693504654e-05,6.882279476454224e-05,0.9924614750129369,0.9745728709906128,0.9892591985459882,0.9894780070982838,0.9893681468702145
biunet,5%,2, 10%~20%,132617.0,0.9916483695015105,0.9742375267651364,0.9893881522755779,0.987735183554369,0.9885599720997349,1.9447127971699744e-05,9.016568507031458e-05,4.50488474107204e-05,1.0583198863280096e-05,2.6586579671260055e-05,0.9924614750129369,0.9745728709906128,0.9892591985459882,0.9894780070982838,0.9893681468702145
biunet,5%,2, 20%~30%,96872.0,0.9889241535847365,0.9682185745347942,0.9903305843576397,0.9863068902624037,0.9882984442100824,9.665684774506584e-06,1.7028859033482016e-05,1.1923667970995779e-05,1.240526708451881e-05,7.456686315670833e-06,0.9924614750129369,0.9745728709906128,0.9892591985459882,0.9894780070982838,0.9893681468702145
biunet,5%,2, 30%~40%,83957.0,0.9895785396637024,0.9679950157567113,0.9907036653964413,0.988863375785482,0.9897687267696789,7.88758871398891e-06,0.0001242939609520954,1.4606598643149704e-05,2.295472480419234e-05,1.3517539699079394e-05,0.9924614750129369,0.9745728709906128,0.9892591985459882,0.9894780070982838,0.9893681468702145
biunet,5%,2, 40%~50%,76614.0,0.9895258086385036,0.9659030818517126,0.9903019628981345,0.9893099019133621,0.9897881965860919,3.206847597745095e-05,2.701167405923448e-05,2.991041410857456e-05,4.107535164081789e-05,3.529964227401708e-05,0.9924614750129369,0.9745728709906128,0.9892591985459882,0.9894780070982838,0.9893681468702145
biunet,5%,2, Overall,705231.0,0.9924614750129369,0.9745728709906128,0.9892591985459882,0.9894780070982838,0.9893681468702145,8.786866396069344e-06,1.6093576789232868e-05,1.4864334045588708e-05,8.606274984549483e-06,1.1431510862036892e-05,0.9924614750129369,0.9745728709906128,0.9892591985459882,0.9894780070982838,0.9893681468702145
biunet,15%,2, 0.1%~0.5%,27091.0,0.9822151044235871,0.6984554106918927,0.7678355857876439,0.9906041458796251,0.8582047242334762,0.00011387541270720351,0.0007860048111133566,0.0009041545068706958,8.711339115764827e-05,0.0006949628337977221,0.9714836935226425,0.9075312611282009,0.9614842671185944,0.95775326044138,0.9596105753419667
biunet,15%,2, 0.5%~1%,29344.0,0.9845567520901491,0.791009725414038,0.8202967045100781,0.9891183174043738,0.8921330368562276,4.073617657382541e-05,0.0008172223561379456,0.00036931197336901743,0.00018748844287973888,0.000306006712549367,0.9714836935226425,0.9075312611282009,0.9614842671185944,0.95775326044138,0.9596105753419667
biunet,15%,2, 1%~10%,258736.0,0.9790266503074153,0.8834640277985851,0.9161451726982678,0.950735952948881,0.9328650890105816,6.017086848582567e-05,0.0004011567440584076,0.0002570742637705929,7.750856976311567e-05,0.00017429745106070687,0.9714836935226425,0.9075312611282009,0.9614842671185944,0.95775326044138,0.9596105753419667
biunet,15%,2, 10%~20%,132617.0,0.9682801533054518,0.9054004918098927,0.9616596334698384,0.9507450600836255,0.956121562560312,1.1241746745711224e-05,0.00012700145335931354,7.584756260436594e-06,6.508571701914216e-05,3.743135525699358e-05,0.9714836935226425,0.9075312611282009,0.9614842671185944,0.95775326044138,0.9596105753419667
biunet,15%,2, 20%~30%,96872.0,0.9631836888164825,0.895882345398448,0.9662817783528274,0.9561685540407497,0.9610952732027301,8.73026499199772e-05,0.00022076967129389593,0.0001070739937678171,8.883698360342038e-05,9.72736515895372e-05,0.9714836935226425,0.9075312611282009,0.9614842671185944,0.95775326044138,0.9596105753419667
biunet,15%,2, 30%~40%,83957.0,0.9632082584844118,0.8901966262428673,0.9673289035198257,0.9607294075185385,0.9638568916503426,4.873852216922335e-05,0.00018489440099918975,7.321502124050572e-05,4.1035337236143534e-05,5.1927658320469446e-05,0.9714836935226425,0.9075312611282009,0.9614842671185944,0.95775326044138,0.9596105753419667
biunet,15%,2, 40%~50%,76614.0,0.9623168010277415,0.8809702266515406,0.9656271610065508,0.961438954131317,0.9632878105044252,6.549194505480357e-05,0.00016634404133088966,7.06813144639972e-05,8.35103331490469e-05,7.765150969901928e-05,0.9714836935226425,0.9075312611282009,0.9614842671185944,0.95775326044138,0.9596105753419667
biunet,15%,2, Overall,705231.0,0.9714836935226425,0.9075312611282009,0.9614842671185944,0.95775326044138,0.9596105753419667,2.651665325850565e-05,7.455089874970873e-05,6.0078242569020056e-05,1.282177524457375e-05,3.483862999099978e-05,0.9714836935226425,0.9075312611282009,0.9614842671185944,0.95775326044138,0.9596105753419667
biunet,25%,2, 0.1%~0.5%,27091.0,0.9717031150902179,0.5875684275654077,0.6879671285010877,0.9785548088091187,0.7947235887820446,0.00015476487600482475,0.0011790674352409028,0.0010222951631292602,0.00030170940931507705,0.000893206626429822,0.9543690885208772,0.8545064385066596,0.9384683452992597,0.9320470348863045,0.9352329853035594
biunet,25%,2, 0.5%~1%,29344.0,0.975046522338984,0.6950171159929913,0.7496138798889004,0.9690281604189934,0.8367807996414584,9.392478557146717e-05,0.0006113150114661094,0.0006462616525272034,0.0003297295464781957,0.000483574172684715,0.9543690885208772,0.8545064385066596,0.9384683452992597,0.9320470348863045,0.9352329853035594
biunet,25%,2, 1%~10%,258736.0,0.9657391797981049,0.8162657238081011,0.8705232886462726,0.913359400666529,0.8910211782318246,3.591366076453331e-05,0.00023997333571853103,0.0001542054032240114,9.187495383303504e-05,0.00012480698656455882,0.9543690885208772,0.8545064385066596,0.9384683452992597,0.9320470348863045,0.9352329853035594
biunet,25%,2, 10%~20%,132617.0,0.949654975903496,0.8521161119637567,0.9384789804504896,0.9220863428258402,0.9300877528213358,6.116472387257761e-05,0.00015895623817029314,0.000129068317368771,0.00010255019532456858,0.00011410298354190174,0.9543690885208772,0.8545064385066596,0.9384683452992597,0.9320470348863045,0.9352329853035594
biunet,25%,2, 20%~30%,96872.0,0.9417957342022087,0.8378539071815588,0.9461678661717275,0.9310549889895617,0.9383174207168317,2.203474192644302e-05,0.00024461133381814624,2.654172268780274e-05,1.516096794865353e-05,8.874975747333802e-06,0.9543690885208772,0.8545064385066596,0.9384683452992597,0.9320470348863045,0.9352329853035594
biunet,25%,2, 30%~40%,83957.0,0.941460112517916,0.8287526829932901,0.9479573069083093,0.9376779677617854,0.9424183667361081,5.711819738024925e-05,0.0002848808885718193,3.7485017098148334e-05,6.641827489552323e-05,5.364525816606077e-05,0.9543690885208772,0.8545064385066596,0.9384683452992597,0.9320470348863045,0.9352329853035594
biunet,25%,2, 40%~50%,76614.0,0.9401258651199914,0.8158257939383056,0.9456846729791257,0.9387960659501623,0.9416787468691501,0.0001380398807385715,0.00022341647188221352,0.00014081797494181064,0.0001419430963226471,0.00014241753739565875,0.9543690885208772,0.8545064385066596,0.9384683452992597,0.9320470348863045,0.9352329853035594
biunet,25%,2, Overall,705231.0,0.9543690885208772,0.8545064385066596,0.9384683452992597,0.9320470348863045,0.9352329853035594,1.0233556817725698e-05,0.00010315776578350757,8.670881451180766e-06,2.6690856449032886e-05,1.4243718432218348e-05,0.9543690885208772,0.8545064385066596,0.9384683452992597,0.9320470348863045,0.9352329853035594
biunet,5%,3, 0.1%~0.5%,22752.0,0.9948096471039509,0.9050888770322234,0.9161101397979744,0.9979827748773326,0.9543932284310831,1.6625228728265465e-05,9.150099033934067e-05,0.00023455801527499015,0.00010380347555275288,0.00017769170983595366,0.9926327827278238,0.9756812560678707,0.9895811477031501,0.9897862376622223,0.9896832900922302
biunet,5%,3, 0.5%~1%,24805.0,0.9955238740967424,0.9462871881187519,0.9397315369686362,0.9979389070099906,0.9673454438322603,6.098545857175269e-05,0.0005349599572515588,0.0008957043159530735,4.762531664299495e-05,0.0005201944780447486,0.9926327827278238,0.9756812560678707,0.9895811477031501,0.9897862376622223,0.9896832900922302
biunet,5%,3, 1%~10%,225967.0,0.9955210005858994,0.9726574071268032,0.976095017329735,0.9963102775056806,0.986012171022398,4.061070302162942e-06,0.00013926816709601585,3.825275864920489e-05,9.813769905769675e-06,1.8295701038116467e-05,0.9926327827278238,0.9756812560678707,0.9895811477031501,0.9897862376622223,0.9896832900922302
biunet,5%,3, 10%~20%,119586.0,0.9917081988415589,0.9746210223898867,0.9897416909991849,0.9876677700006518,0.988702030269219,1.8333960273842064e-05,9.997202647303351e-05,3.6180371430418173e-06,3.6975776309769185e-05,2.03817286374121e-05,0.9926327827278238,0.9756812560678707,0.9895811477031501,0.9897862376622223,0.9896832900922302
biunet,5%,3, 20%~30%,84837.0,0.9892497948829502,0.9698561296754237,0.9905777470587617,0.9868653501919913,0.988703220389039,5.506779004184034e-05,0.00011925504003725321,6.508084345040698e-05,6.321861347854421e-05,6.399602794019119e-05,0.9926327827278238,0.9756812560678707,0.9895811477031501,0.9897862376622223,0.9896832900922302
biunet,5%,3, 30%~40%,69892.0,0.9896518914897271,0.9683644470707801,0.9906709671697046,0.9890723001428121,0.9898581351095155,6.325173804816362e-05,0.0001656756034243662,5.596270958327204e-05,7.096957124024753e-05,6.273341571679759e-05,0.9926327827278238,0.9756812560678707,0.9895811477031501,0.9897862376622223,0.9896832900922302
biunet,5%,3, 40%~50%,67368.0,0.9901394151705872,0.9681263692489538,0.9907367826612375,0.9899939309291151,0.990349160281513,8.334455151704881e-06,4.4196904395924085e-05,6.085619785967023e-06,1.1580341955238117e-05,8.550969227147255e-06,0.9926327827278238,0.9756812560678707,0.9895811477031501,0.9897862376622223,0.9896832900922302
biunet,5%,3, Overall,615207.0,0.9926327827278238,0.9756812560678707,0.9895811477031501,0.9897862376622223,0.9896832900922302,6.027740555437185e-06,2.7526098494634e-05,5.313282496804716e-06,1.5955808574508542e-05,6.983519838989839e-06,0.9926327827278238,0.9756812560678707,0.9895811477031501,0.9897862376622223,0.9896832900922302
biunet,15%,3, 0.1%~0.5%,22752.0,0.9818903699441673,0.7287353862000762,0.7737381593359943,0.9908062964463408,0.8615814891742195,0.00014118758265992853,0.0016141326589033578,0.0011043149419340719,0.00015095538853582697,0.0008630186515818769,0.9720408223277989,0.9113370816938736,0.9626450722796952,0.9588454543362648,0.9607368724622938
biunet,15%,3, 0.5%~1%,24805.0,0.9843021018489674,0.8315079158117992,0.8295424864869405,0.989278249255689,0.8973051838259297,6.830119316870444e-05,0.0007987398204679665,0.0005622099438575235,0.00020950683187364696,0.00038741410400412306,0.9720408223277989,0.9113370816938736,0.9626450722796952,0.9588454543362648,0.9607368724622938
biunet,15%,3, 1%~10%,225967.0,0.9792210541335414,0.8855558271450908,0.9188327389128466,0.9502388348242595,0.9340730524707707,2.628457732951122e-05,0.00010191338128783834,0.00013230293896258257,7.25636395551858e-05,0.00010197677880844493,0.9720408223277989,0.9113370816938736,0.9626450722796952,0.9588454543362648,0.9607368724622938
biunet,15%,3, 10%~20%,119586.0,0.9686040577365649,0.9071000925033917,0.9628316124906829,0.9510609707383936,0.9568517969523667,1.7860956365729477e-05,0.0001205604481219588,2.1235673477924236e-05,4.0536867618724335e-05,2.1274074860981563e-05,0.9720408223277989,0.9113370816938736,0.9626450722796952,0.9588454543362648,0.9607368724622938
biunet,15%,3, 20%~30%,84837.0,0.9644875145600064,0.9014695035165382,0.9674155914296798,0.958198394973734,0.9626925342179211,3.9232437971720624e-05,0.00021542267030111238,1.2920672448493964e-05,7.244332909545072e-05,4.338478209535787e-05,0.9720408223277989,0.9113370816938736,0.9626450722796952,0.9588454543362648,0.9607368724622938
biunet,15%,3, 30%~40%,69892.0,0.9634907493639537,0.8919204827970465,0.967282292908894,0.9614377543619752,0.9641998110180623,7.094003458558412e-05,0.0003398738225243809,9.680501868023484e-05,4.8654151244676775e-05,7.063260338326101e-05,0.9720408223277989,0.9113370816938736,0.9626450722796952,0.9588454543362648,0.9607368724622938
biunet,15%,3, 40%~50%,67368.0,0.9645986719708665,0.8889529265328543,0.9672360677293056,0.9639853317514032,0.9653920139880512,6.720355843657353e-05,4.160176363943564e-05,5.885878536129079e-05,7.983340285799262e-05,7.104214432302719e-05,0.9720408223277989,0.9113370816938736,0.9626450722796952,0.9588454543362648,0.9607368724622938
biunet,15%,3, Overall,615207.0,0.9720408223277989,0.9113370816938736,0.9626450722796952,0.9588454543362648,0.9607368724622938,1.667837426743395e-05,0.0001048058256027937,5.630547446306305e-05,2.2032984206442912e-05,3.3070708183031165e-05,0.9720408223277989,0.9113370816938736,0.9626450722796952,0.9588454543362648,0.9607368724622938
biunet,25%,3, 0.1%~0.5%,22752.0,0.9710881227890722,0.6212491237033649,0.6952942610072842,0.9774165912267853,0.7989028436087443,0.00011210250989437982,0.0013478015569349168,0.0006045605197460256,4.2751683541294405e-05,0.0004882324687912436,0.9552482729267128,0.8603822749080249,0.9402937553366568,0.9337744594967717,0.9370082536398417
biunet,25%,3, 0.5%~1%,24805.0,0.9747280301503242,0.7509501681153951,0.7632287768506912,0.9698024259248544,0.844946307948942,0.00011984980376636847,0.0013378801630921353,0.0006648285837067583,5.6688096399514575e-05,0.0005441423155379167,0.9552482729267128,0.8603822749080249,0.9402937553366568,0.9337744594967717,0.9370082536398417
biunet,25%,3, 1%~10%,225967.0,0.9659762936690542,0.8189658403936834,0.8739961866797832,0.912823092126236,0.8926757935694115,3.0104937325772963e-05,0.00025839634826993853,0.0001302373336394991,8.651648213343941e-05,0.00010806461934715425,0.9552482729267128,0.8603822749080249,0.9402937553366568,0.9337744594967717,0.9370082536398417
biunet,25%,3, 10%~20%,119586.0,0.950319384705517,0.8547709673129867,0.9404271746847407,0.9229165091550984,0.9314478272910997,0.00012228453189660565,0.00040486988045466076,0.00018945959521658986,0.00015420039850992757,0.00016839404410434178,0.9552482729267128,0.8603822749080249,0.9402937553366568,0.9337744594967717,0.9370082536398417
biunet,25%,3, 20%~30%,84837.0,0.9437354199014796,0.8461841266751128,0.9479497874907267,0.9340770547115357,0.9407510377478232,3.677953025004243e-05,0.0001643947172422713,3.2562700855966196e-05,3.838572807791961e-05,3.555169829875045e-05,0.9552482729267128,0.8603822749080249,0.9402937553366568,0.9337744594967717,0.9370082536398417
biunet,25%,3, 30%~40%,69892.0,0.9419690162657884,0.8318735048573364,0.9480193772413589,0.9387539821141612,0.9430062424971927,7.576019926219601e-05,0.00032421836886906645,8.35774270876126e-05,6.794861555141917e-05,7.450983457084208e-05,0.9552482729267128,0.8603822749080249,0.9402937553366568,0.9337744594967717,0.9370082536398417
biunet,25%,3, 40%~50%,67368.0,0.9437664631710766,0.8282359603717652,0.9482581525604289,0.9428280812903114,0.9450407366828143,9.730191784512443e-05,0.0002490313835308769,8.67627000435717e-05,9.207977341813743e-05,8.826968873118835e-05,0.9552482729267128,0.8603822749080249,0.9402937553366568,0.9337744594967717,0.9370082536398417
biunet,25%,3, Overall,615207.0,0.9552482729267128,0.8603822749080249,0.9402937553366568,0.9337744594967717,0.9370082536398417,2.9987587020028723e-05,8.981217200051748e-05,3.359064532157924e-05,4.8056949000355e-05,4.076427760425905e-05,0.9552482729267128,0.8603822749080249,0.9402937553366568,0.9337744594967717,0.9370082536398417
biunet,5%,4, 0.1%~0.5%,21019.0,0.994256999799604,0.8801695753828994,0.9054125923641904,0.9973472086140074,0.948161596097992,5.307423192634297e-05,0.002103754264080067,0.0008327344672829629,9.326341303392971e-05,0.000492848771749302,0.99276770693883,0.9764995400191615,0.9898026963636051,0.9902985930377303,0.9900502714562632
biunet,5%,4, 0.5%~1%,24205.0,0.995462057050572,0.9299415624826067,0.9357476690967585,0.9979881147064646,0.9653170128092334,5.216876446677846e-05,0.0011116714163901906,0.0006590664062168914,0.00010866975044062323,0.0004166354515968506,0.99276770693883,0.9764995400191615,0.9898026963636051,0.9902985930377303,0.9900502714562632
biunet,5%,4, 1%~10%,224131.0,0.9954021410368368,0.9742311189117969,0.9763657242983016,0.9962863889271582,0.9861350870424358,1.02951481267662e-05,2.0670505122912238e-05,6.39398140599039e-05,5.7552071202759404e-06,3.0818543717964744e-05,0.99276770693883,0.9764995400191615,0.9898026963636051,0.9902985930377303,0.9900502714562632
biunet,5%,4, 10%~20%,120690.0,0.9919100902135951,0.9759238165029878,0.9899780392898228,0.9882752302402386,0.9891246820950118,5.65665297941731e-06,8.418099603093636e-05,7.044165679014598e-06,2.6070360225014053e-05,1.5055381131240767e-05,0.99276770693883,0.9764995400191615,0.9898026963636051,0.9902985930377303,0.9900502714562632
biunet,5%,4, 20%~30%,89379.0,0.9900680859547036,0.971931350438174,0.9911424776675407,0.9878455474961946,0.9894802260792198,2.038524719448752e-05,0.00012330063593852524,9.073631745946033e-06,2.4198974367829474e-05,1.6769856662938098e-05,0.99276770693883,0.9764995400191615,0.9898026963636051,0.9902985930377303,0.9900502714562632
biunet,5%,4, 30%~40%,75408.0,0.9905448702492783,0.9714417234898581,0.9913969764069025,0.9900224479945829,0.9907004253035187,1.3733411688926919e-05,8.427501808628445e-05,1.4694384542676202e-05,1.7863618051175337e-05,1.5966704235201007e-05,0.99276770693883,0.9764995400191615,0.9898026963636051,0.9902985930377303,0.9900502714562632
biunet,5%,4, 40%~50%,67878.0,0.9901959799533387,0.968196140411285,0.9907859728939791,0.9900509013757843,0.9904057774842873,3.7518368055734005e-05,0.00020571045286382048,4.057624043242291e-05,3.0681225127972443e-05,3.514953505218029e-05,0.99276770693883,0.9764995400191615,0.9898026963636051,0.9902985930377303,0.9900502714562632
biunet,5%,4, Overall,622710.0,0.99276770693883,0.9764995400191615,0.9898026963636051,0.9902985930377303,0.9900502714562632,5.218527304066973e-06,1.826570148841935e-05,1.1199741241998859e-05,2.7286817590498693e-06,6.721643058786859e-06,0.99276770693883,0.9764995400191615,0.9898026963636051,0.9902985930377303,0.9900502714562632
biunet,15%,4, 0.1%~0.5%,21019.0,0.979996453425256,0.6740357773043741,0.7500567342638323,0.9890295189611331,0.8448795648692297,8.140483382888485e-05,0.0009358400817984243,0.00048819103814683044,2.37459768139951e-05,0.0004123795888755442,0.9725360630440845,0.9142886827152038,0.9633573520814599,0.9608167201741459,0.9620830731943082
biunet,15%,4, 0.5%~1%,24205.0,0.9836932639762633,0.7866268112500793,0.8145794888197934,0.987263731222041,0.8877634015662651,4.626649262823512e-05,0.0008038147702867338,0.0004719940342251919,0.00015470158141599544,0.0003184443455488381,0.9725360630440845,0.9142886827152038,0.9633573520814599,0.9608167201741459,0.9620830731943082
biunet,15%,4, 1%~10%,224131.0,0.9790185271789781,0.8941453733787994,0.9199901642074781,0.9515510103805713,0.9352786928649405,7.128494034134871e-05,0.00023049730903909062,0.0003618539227600515,0.00013725948460204508,0.00025532826456054706,0.9725360630440845,0.9142886827152038,0.9633573520814599,0.9608167201741459,0.9620830731943082
biunet,15%,4, 10%~20%,120690.0,0.9695000590041604,0.9120188550569003,0.9637060547936711,0.9537384311759118,0.9586508582862941,1.8235417596510435e-05,0.0002510932847775597,1.0594234026129292e-05,4.448740969165169e-05,2.0651001254022815e-05,0.9725360630440845,0.9142886827152038,0.9633573520814599,0.9608167201741459,0.9620830731943082
biunet,15%,4, 20%~30%,89379.0,0.9667496974918182,0.9068954248837713,0.9689598849641906,0.9608658675685593,0.9648284492025251,4.818540386727761e-05,4.606754995918119e-05,6.367127363762575e-05,3.706172722814211e-05,4.9308235920168346e-05,0.9725360630440845,0.9142886827152038,0.9633573520814599,0.9608167201741459,0.9620830731943082
biunet,15%,4, 30%~40%,75408.0,0.9662376068128773,0.9004748355094706,0.9694245051061398,0.9643572363467202,0.9667771713299862,4.933150479705242e-05,0.00019794988972912214,5.5838190710068265e-05,6.851702669093434e-05,6.213981761739895e-05,0.9725360630440845,0.9142886827152038,0.9633573520814599,0.9608167201741459,0.9620830731943082
biunet,15%,4, 40%~50%,67878.0,0.9648569581611216,0.8899773563997039,0.9673643697182815,0.9642305484154114,0.9656193821693195,6.42815192793453e-05,0.00018649361717380843,5.453547501679616e-05,6.820686052357699e-05,6.188311641556416e-05,0.9725360630440845,0.9142886827152038,0.9633573520814599,0.9608167201741459,0.9620830731943082
biunet,15%,4, Overall,622710.0,0.9725360630440845,0.9142886827152038,0.9633573520814599,0.9608167201741459,0.9620830731943082,1.0453102092895845e-05,2.571993730235715e-05,4.817952618748248e-05,5.123500601510409e-06,2.6433634123377467e-05,0.9725360630440845,0.9142886827152038,0.9633573520814599,0.9608167201741459,0.9620830731943082
biunet,25%,4, 0.1%~0.5%,21019.0,0.9683976402302679,0.5610991959001369,0.6689175294742865,0.9754136337495618,0.7783002591850473,0.0002764740727062655,0.0021757428206293423,0.0015986742523594808,0.0001223422767830036,0.0013795050989236337,0.9560994027571569,0.8650654707835757,0.9416074834536007,0.9370191907385488,0.9392997200733352
biunet,25%,4, 0.5%~1%,24205.0,0.9739128529667674,0.6904305590118569,0.7436965101877703,0.9681296986831424,0.8323009130688318,6.997746510206394e-05,0.0011795427137487903,0.0005008455553127748,0.00041546572922486496,0.00023552506498230553,0.9560994027571569,0.8650654707835757,0.9416074834536007,0.9370191907385488,0.9392997200733352
biunet,25%,4, 1%~10%,224131.0,0.9657990193235206,0.8326474341662998,0.8761943705533227,0.9157471987551967,0.8951617640430918,3.804970979622438e-05,0.00012860670229483887,9.87621876992726e-05,0.00013792676308231673,0.00011546478234208135,0.9560994027571569,0.8650654707835757,0.9416074834536007,0.9370191907385488,0.9392997200733352
biunet,25%,4, 10%~20%,120690.0,0.9517379236059327,0.8625738871772258,0.9419555657897113,0.9270398808233503,0.9343258228981997,5.943924452763266e-05,0.00027704082565122804,0.00014180210349599442,3.3455535235909525e-05,8.478198910238783e-05,0.9560994027571569,0.8650654707835757,0.9416074834536007,0.9370191907385488,0.9392997200733352
biunet,25%,4, 20%~30%,89379.0,0.9473843425358881,0.8549050233321746,0.9505239102588332,0.938349590724345,0.9442418818998815,4.173004208146473e-05,0.0003015932123364001,7.486701652307918e-05,3.2810921830523406e-05,5.2567284174963515e-05,0.9560994027571569,0.8650654707835757,0.9416074834536007,0.9370191907385488,0.9392997200733352
biunet,25%,4, 30%~40%,75408.0,0.9463010113869439,0.8448897544203574,0.9513766664487595,0.9433506019618818,0.9470899984262212,7.901631343043006e-05,0.000545830900087173,8.554261541803412e-05,6.263456289362757e-05,7.275876326294698e-05,0.9560994027571569,0.8650654707835757,0.9416074834536007,0.9370191907385488,0.9392997200733352
biunet,25%,4, 40%~50%,67878.0,0.9440270288851567,0.8283065048965507,0.9482970865888459,0.943094510056357,0.9452825540982079,3.4435499062292277e-05,0.0003520192552094194,4.177661722502784e-05,2.210633995947535e-05,3.0087670569786658e-05,0.9560994027571569,0.8650654707835757,0.9416074834536007,0.9370191907385488,0.9392997200733352
biunet,25%,4, Overall,622710.0,0.9560994027571569,0.8650654707835757,0.9416074834536007,0.9370191907385488,0.9392997200733352,1.9954547135365713e-05,0.00017218347609477514,1.7131447688340507e-05,1.0595782692190229e-05,1.3146312430920046e-05,0.9560994027571569,0.8650654707835757,0.9416074834536007,0.9370191907385488,0.9392997200733352
biunet,5%,5, 0.1%~0.5%,20938.0,0.9947742541471647,0.8603654261948271,0.9011291743357454,0.9970609799588019,0.9457088732778033,2.69694439189754e-05,0.0011258295262407028,0.00034700088436484316,3.521136848625261e-05,0.00021299360231265952,0.9925663474406085,0.974725836847071,0.989425662110488,0.9896777426407327,0.9895511867743556
biunet,5%,5, 0.5%~1%,23227.0,0.995357088341546,0.9188329462950335,0.9318504949839599,0.9975682238676531,0.9630280522115132,3.305194533413377e-05,0.0005440123451347548,0.0004100880096789736,0.00012094553915308649,0.0002939817092817388,0.9925663474406085,0.974725836847071,0.989425662110488,0.9896777426407327,0.9895511867743556
biunet,5%,5, 1%~10%,194383.0,0.9953118951822543,0.9666459249145962,0.9738408500218041,0.9961429570832,0.9847732359780434,1.3140032796962442e-05,1.2766797412108254e-05,8.604857574223682e-05,8.019953938911495e-06,4.879516001022094e-05,0.9925663474406085,0.974725836847071,0.989425662110488,0.9896777426407327,0.9895511867743556
biunet,5%,5, 10%~20%,101569.0,0.9915787953673529,0.9739570687947632,0.9897446129670889,0.9873858815968072,0.9885619622475218,2.129542552170045e-05,0.00019653989037399355,1.7863503030956975e-05,1.1321336884402133e-05,1.4386558980510778e-05,0.9925663474406085,0.974725836847071,0.989425662110488,0.9896777426407327,0.9895511867743556
biunet,5%,5, 20%~30%,74958.0,0.9893899169393446,0.9697294091803982,0.9906943110866502,0.9868681777646046,0.9887635191437636,2.85351938804547e-05,0.00020042923953998988,4.815117016624823e-05,1.247968450846877e-05,2.8741187653266405e-05,0.9925663474406085,0.974725836847071,0.989425662110488,0.9896777426407327,0.9895511867743556
biunet,5%,5, 30%~40%,63460.0,0.9899535856516631,0.9693987277367251,0.9910263116330807,0.9893183190515832,0.9901584972343,2.426615135725371e-05,0.000138299992030212,2.210964973710277e-05,3.354403526225382e-05,2.7747760759865474e-05,0.9925663474406085,0.974725836847071,0.989425662110488,0.9896777426407327,0.9895511867743556
biunet,5%,5, 40%~50%,60439.0,0.9902412249365375,0.968687028447467,0.9908748843616118,0.9900711653926703,0.9904567494994968,3.2566443723870065e-05,0.00010608455164920839,3.35070962377092e-05,3.640250995052621e-05,3.48664273214568e-05,0.9925663474406085,0.974725836847071,0.989425662110488,0.9896777426407327,0.9895511867743556
biunet,5%,5, Overall,538974.0,0.9925663474406085,0.974725836847071,0.989425662110488,0.9896777426407327,0.9895511867743556,1.1728675378722586e-05,9.323473297998446e-05,2.1119664729562175e-05,1.8258500469602623e-05,1.82894608986636e-05,0.9925663474406085,0.974725836847071,0.989425662110488,0.9896777426407327,0.9895511867743556
biunet,15%,5, 0.1%~0.5%,20938.0,0.9816547121805504,0.6330429950275653,0.7393191876369786,0.9878020708996845,0.8375157595979,6.337611726824794e-05,0.0010084233672724584,0.0003470917094750335,0.00039619342307222616,0.00023342057961589057,0.9719086494417958,0.9080737083646203,0.9622503368492703,0.9585772625406016,0.9604058754519285
biunet,15%,5, 0.5%~1%,23227.0,0.9837545385399177,0.7604870451285914,0.808122395844682,0.9874378184451688,0.8839908414176764,6.244186459184494e-05,0.0008959560122093932,0.00067333669410717,0.00023007547989149142,0.00039015478654065794,0.9719086494417958,0.9080737083646203,0.9622503368492703,0.9585772625406016,0.9604058754519285
biunet,15%,5, 1%~10%,194383.0,0.9785616540541096,0.8637907899048504,0.9119607274908365,0.9486583994959324,0.9297178296907509,3.272111957690131e-05,0.00018983696471486756,0.00017729359381781846,8.310843171638923e-05,0.00012196045633397345,0.9719086494417958,0.9080737083646203,0.9622503368492703,0.9585772625406016,0.9604058754519285
biunet,15%,5, 10%~20%,101569.0,0.9685238606267661,0.9053978144011682,0.9632386084865457,0.950830518488353,0.9569361401132795,2.504934302446656e-05,0.0002952348166681467,5.87364542689924e-05,2.1746346225531e-05,3.925155835758256e-05,0.9719086494417958,0.9080737083646203,0.9622503368492703,0.9585772625406016,0.9604058754519285
biunet,15%,5, 20%~30%,74958.0,0.9648593111132134,0.9006525716135467,0.967771099724488,0.9580367333473309,0.9627877758369213,5.3031710413693415e-05,0.0003456526795522387,8.814891751839905e-05,3.156055806733579e-05,5.7135251023544305e-05,0.9719086494417958,0.9080737083646203,0.9622503368492703,0.9585772625406016,0.9604058754519285
biunet,15%,5, 30%~40%,63460.0,0.9642369567085924,0.8944821930519892,0.9682658936281213,0.9618844247006257,0.9649033676586853,4.2285767672218815e-05,0.00021286980949639125,1.8947497398563174e-05,7.841592683550459e-05,5.122658593801867e-05,0.9719086494417958,0.9080737083646203,0.9622503368492703,0.9585772625406016,0.9604058754519285
biunet,15%,5, 40%~50%,60439.0,0.9650687119043644,0.890561595498124,0.9678331086104534,0.9644007932146071,0.9658969603334863,4.251430881353389e-05,5.816079223432852e-05,4.4883166651102176e-05,4.601148168965555e-05,4.4581506110198414e-05,0.9719086494417958,0.9080737083646203,0.9622503368492703,0.9585772625406016,0.9604058754519285
biunet,15%,5, Overall,538974.0,0.9719086494417958,0.9080737083646203,0.9622503368492703,0.9585772625406016,0.9604058754519285,1.8620846160212022e-05,9.982015589130338e-05,4.555095318434813e-05,1.9131384489798026e-05,2.835779796343145e-05,0.9719086494417958,0.9080737083646203,0.9622503368492703,0.9585772625406016,0.9604058754519285
biunet,25%,5, 0.1%~0.5%,20938.0,0.9705327706330668,0.5100336759877496,0.6537107773623325,0.9695950643599819,0.7654310244080978,0.00011692899736379834,0.0004599345409210172,0.0006194824374127953,0.0002414396906981176,0.000538389818696562,0.9551703371085196,0.8559113358159568,0.9398198093367361,0.933598316525194,0.9366860822677294
biunet,25%,5, 0.5%~1%,23227.0,0.973717891012419,0.6542446465645413,0.7337330616633864,0.9652145294853051,0.824836658775905,3.203698192880575e-05,0.0005750567874929708,0.0003421420217418085,7.444908593602108e-05,0.00020395500824469697,0.9551703371085196,0.8559113358159568,0.9398198093367361,0.933598316525194,0.9366860822677294
biunet,25%,5, 1%~10%,194383.0,0.9650169713369684,0.7867371838836412,0.8639791365578855,0.910470710261627,0.8862319921310827,2.9398441185481383e-05,0.00011288230958911558,0.00013700768728203488,0.00018570016811581021,8.847009361376764e-05,0.9551703371085196,0.8559113358159568,0.9398198093367361,0.933598316525194,0.9366860822677294
biunet,25%,5, 10%~20%,101569.0,0.9502457949917312,0.8526723265399626,0.9411047460519241,0.922558826228824,0.9315997141580271,5.726133698765316e-05,0.00041684621795181725,0.00012708994235609858,2.725372571602262e-05,6.286597701052788e-05,0.9551703371085196,0.8559113358159568,0.9398198093367361,0.933598316525194,0.9366860822677294
biunet,25%,5, 20%~30%,74958.0,0.9447649269449476,0.8463879599679118,0.948875900970004,0.9343881744316084,0.9413711767680413,0.00013376084937393126,0.0006788194909839098,0.00019982900358256087,0.00011633766394520644,0.0001482428179063829,0.9551703371085196,0.8559113358159568,0.9398198093367361,0.933598316525194,0.9366860822677294
biunet,25%,5, 30%~40%,63460.0,0.9434211720100469,0.8365426003290669,0.9498149039242495,0.9397972259452078,0.9444035882168142,5.714962842861485e-05,0.0002722210575554613,5.942753118484431e-05,4.3648338769325065e-05,4.9998859707432866e-05,0.9551703371085196,0.8559113358159568,0.9398198093367361,0.933598316525194,0.9366860822677294
biunet,25%,5, 40%~50%,60439.0,0.9445690796681051,0.8309830516752363,0.9492274653376268,0.943554500753058,0.9458897113522308,4.02382531252912e-05,0.00021851717121841672,1.3654167525610709e-05,4.5140328392971776e-05,3.295419948529482e-05,0.9551703371085196,0.8559113358159568,0.9398198093367361,0.933598316525194,0.9366860822677294
biunet,25%,5, Overall,538974.0,0.9551703371085196,0.8559113358159568,0.9398198093367361,0.933598316525194,0.9366860822677294,3.1829294368410306e-05,5.976700360410234e-05,7.735754118772174e-05,3.926615974445058e-05,4.841867131404825e-05,0.9551703371085196,0.8559113358159568,0.9398198093367361,0.933598316525194,0.9366860822677294
biunet,5%,6, 0.1%~0.5%,20081.0,0.994789285213069,0.8918933586244545,0.9119545650521146,0.9978745260495501,0.9520780503375708,6.484812577596369e-05,0.001123858661326871,0.0010187838462209,0.00011769139268817925,0.0005243464398815937,0.9928784020108496,0.9767436072165548,0.989811504281327,0.9903690277464632,0.9900898551799058
biunet,5%,6, 0.5%~1%,20949.0,0.9956673277237504,0.9217979444240446,0.934435714143484,0.9979896898752864,0.9646497617007377,1.7671765229036943e-05,0.0004311397734465777,0.0002305844623728352,0.00010641918789506997,0.00012775365903038968,0.9928784020108496,0.9767436072165548,0.989811504281327,0.9903690277464632,0.9900898551799058
biunet,5%,6, 1%~10%,206211.0,0.9955358317157638,0.972049045015952,0.9765895970254145,0.9963965226854373,0.98631452393034,2.0152031777167987e-05,9.037052845268514e-05,9.967342490651298e-05,1.978581447190952e-05,5.0615015810561406e-05,0.9928784020108496,0.9767436072165548,0.989811504281327,0.9903690277464632,0.9900898551799058
biunet,5%,6, 10%~20%,109314.0,0.9917839545906398,0.9754030242105965,0.989781078791324,0.9879050976119156,0.9888407497213775,3.7543593437050175e-05,0.000120503256531545,8.887494638333074e-05,3.354172803995972e-05,6.011969850345599e-05,0.9928784020108496,0.9767436072165548,0.989811504281327,0.9903690277464632,0.9900898551799058
biunet,5%,6, 20%~30%,77175.0,0.9897267131961008,0.9714328497260469,0.9908594504079148,0.9874801592440982,0.9891549640798698,2.0402871956268116e-06,0.00010716385559653494,3.113575803507193e-05,2.6177736317350428e-05,3.4239160976137073e-06,0.9928784020108496,0.9767436072165548,0.989811504281327,0.9903690277464632,0.9900898551799058
biunet,5%,6, 30%~40%,68563.0,0.9906123719878952,0.9718645462090044,0.991453137418162,0.9901056796588961,0.9907707738605591,4.1885153118307736e-05,0.00021937921103893068,4.5013102230141837e-05,4.1954599458346696e-05,4.0419430790595796e-05,0.9928784020108496,0.9767436072165548,0.989811504281327,0.9903690277464632,0.9900898551799058
biunet,5%,6, 40%~50%,62353.0,0.9908487793593562,0.9708003036174704,0.9913858087560582,0.9907179439712981,0.9910420937889363,2.937812811137132e-05,0.0002214568143886377,2.9846279554926536e-05,2.137337956712443e-05,2.502736305752357e-05,0.9928784020108496,0.9767436072165548,0.989811504281327,0.9903690277464632,0.9900898551799058
biunet,5%,6, Overall,564646.0,0.9928784020108496,0.9767436072165548,0.989811504281327,0.9903690277464632,0.9900898551799058,6.565518394379119e-06,3.682383776700523e-05,1.850574608464998e-05,9.239014071391448e-06,1.3086699889696989e-05,0.9928784020108496,0.9767436072165548,0.989811504281327,0.9903690277464632,0.9900898551799058
biunet,15%,6, 0.1%~0.5%,20081.0,0.9818964255371805,0.69902794960369,0.7645381770470424,0.990587818964074,0.855620914367193,0.00013372416089897472,0.0018333156622776666,0.001187819295187289,0.00028249757329690365,0.0009598584139946563,0.9728047495352143,0.9146235188847651,0.9634085594313003,0.9607004882419735,0.9620502103688141
biunet,15%,6, 0.5%~1%,20949.0,0.9846405484025418,0.7662232884901905,0.8129887096752649,0.9871133772416046,0.8871545475884806,0.00019467680518908456,0.002070026923837421,0.0018713741681405528,0.0003667110230415028,0.0013295042854688946,0.9728047495352143,0.9146235188847651,0.9634085594313003,0.9607004882419735,0.9620502103688141
biunet,15%,6, 1%~10%,206211.0,0.9792257136445857,0.8829870729433296,0.9203843245005509,0.9509741764421252,0.9352548139358486,5.3756827301465335e-05,0.000287908273899798,0.00028257124124707333,4.1937133237351824e-05,0.00013504972979355888,0.9728047495352143,0.9146235188847651,0.9634085594313003,0.9607004882419735,0.9620502103688141
biunet,15%,6, 10%~20%,109314.0,0.9691888421511342,0.9103468440763122,0.9631954566795947,0.9526945180582439,0.9578676886959009,4.391589317576722e-05,9.02965472660294e-05,0.00012707929845271382,9.39176427299085e-06,5.761330804148147e-05,0.9728047495352143,0.9146235188847651,0.9634085594313003,0.9607004882419735,0.9620502103688141
biunet,15%,6, 20%~30%,77175.0,0.9656468474835821,0.9054670638904972,0.9680597601175992,0.959665316952694,0.963769376143557,6.106037384653873e-05,0.00031270292393304475,7.77989593102525e-05,5.9140369999752895e-05,5.955266147670139e-05,0.9728047495352143,0.9146235188847651,0.9634085594313003,0.9607004882419735,0.9620502103688141
biunet,15%,6, 30%~40%,68563.0,0.9666304469368804,0.9027103463483451,0.9697061407423169,0.9648122097981542,0.9671553459198927,0.00012416855445457076,0.0003993061489382085,0.00013322303311090952,0.00011967348636086886,0.00012531085520644188,0.9728047495352143,0.9146235188847651,0.9634085594313003,0.9607004882419735,0.9620502103688141
biunet,15%,6, 40%~50%,62353.0,0.9666529617053249,0.8967539571949196,0.9690036352642735,0.9660423740734688,0.9673695867733764,7.268366579080132e-05,0.0003702025650373228,5.045082634332643e-05,7.410074880333787e-05,6.287005556717497e-05,0.9728047495352143,0.9146235188847651,0.9634085594313003,0.9607004882419735,0.9620502103688141
biunet,15%,6, Overall,564646.0,0.9728047495352143,0.9146235188847651,0.9634085594313003,0.9607004882419735,0.9620502103688141,2.6136057779412475e-05,0.000122432582708709,4.497262738910956e-05,3.353507301653244e-05,2.859992200833235e-05,0.9728047495352143,0.9146235188847651,0.9634085594313003,0.9607004882419735,0.9620502103688141
biunet,25%,6, 0.1%~0.5%,20081.0,0.9711912964614523,0.5896693685986544,0.6850666254800691,0.9757523474370365,0.7911665341975592,7.958218489985836e-05,0.001153283515026906,0.00048517384210188723,0.00012548766144290452,0.0003955863181010472,0.9564261314061189,0.8653618689820424,0.9416082704265737,0.9365922106031856,0.9390843589933643
biunet,25%,6, 0.5%~1%,20949.0,0.9750338845999736,0.6618200964380619,0.7390220339933437,0.9658260043488168,0.8289281598271323,0.0001782528234818738,0.001347972520921838,0.00118475447196439,0.00043128812165125146,0.001029721051500921,0.9564261314061189,0.8653618689820424,0.9416082704265737,0.9365922106031856,0.9390843589933643
biunet,25%,6, 1%~10%,206211.0,0.9659127463294069,0.8148500748959693,0.8763418173329844,0.9132904877936161,0.8941776703132526,3.0934003688259204e-05,0.00024589424944216986,0.00014657226560370115,5.9374266125047324e-05,9.947225088234453e-05,0.9564261314061189,0.8653618689820424,0.9416082704265737,0.9365922106031856,0.9390843589933643
biunet,25%,6, 10%~20%,109314.0,0.9512058257530018,0.859512877037938,0.9411690474398586,0.9252216807684253,0.9330050130712637,5.226440661391672e-05,5.357132941849716e-05,4.565478169615532e-05,0.00016743915057726463,0.00010516450900892552,0.9564261314061189,0.8653618689820424,0.9416082704265737,0.9365922106031856,0.9390843589933643
biunet,25%,6, 20%~30%,77175.0,0.9456014960096594,0.8527863764923959,0.9489248852992723,0.9364649069057513,0.9424858822488543,1.7494297776902656e-05,0.0002890093546236602,2.176253879898061e-05,1.6475166620880078e-05,1.572973324139266e-05,0.9564261314061189,0.8653618689820424,0.9416082704265737,0.9365922106031856,0.9390843589933643
biunet,25%,6, 30%~40%,68563.0,0.9470153307354129,0.8479601844705041,0.9519015627137707,0.9442060600831583,0.9478062202782097,3.179848958960582e-05,0.00013170640404474684,3.800552487041962e-05,4.769024098707946e-05,4.3328453313312285e-05,0.9564261314061189,0.8653618689820424,0.9416082704265737,0.9365922106031856,0.9390843589933643
biunet,25%,6, 40%~50%,62353.0,0.9469433319288179,0.8390011806098986,0.9508656480364491,0.9460572081928413,0.9481100593944601,2.8508281783859378e-05,0.000166501409729531,1.4085553658071358e-05,3.601112935433179e-05,2.6117660523222287e-05,0.9564261314061189,0.8653618689820424,0.9416082704265737,0.9365922106031856,0.9390843589933643
biunet,25%,6, Overall,564646.0,0.9564261314061189,0.8653618689820424,0.9416082704265737,0.9365922106031856,0.9390843589933643,2.1591722310580502e-05,0.00010495583056059566,3.6529115199116145e-05,3.4660396925683026e-05,3.5665504653232395e-05,0.9564261314061189,0.8653618689820424,0.9416082704265737,0.9365922106031856,0.9390843589933643
biunet,5%,7, 0.1%~0.5%,17246.0,0.9947976518050737,0.884450845327066,0.9114915425028963,0.9977478545492321,0.9518370157698463,5.1552764693536456e-05,0.0017382277467240129,0.0008114590905737997,0.00018995390597765566,0.0003731690104272267,0.9928486086923801,0.9766922072666223,0.9898771514039875,0.99022702550121,0.9900518261773579
biunet,5%,7, 0.5%~1%,19954.0,0.9956775583842838,0.921979561568986,0.9359047465009911,0.9976496423645383,0.9652962905730348,1.3996061085330707e-05,0.0004862901809253011,9.270494660679792e-05,4.421567280996727e-05,8.297908208670604e-05,0.9928486086923801,0.9766922072666223,0.9898771514039875,0.99022702550121,0.9900518261773579
biunet,5%,7, 1%~10%,178189.0,0.9956477944681481,0.972691788050316,0.9765906853396631,0.9966303215220673,0.9864288692439297,3.160831202364705e-05,0.00029673820707289535,0.00017076548518651797,2.1246311352091976e-05,9.625783995361316e-05,0.9928486086923801,0.9766922072666223,0.9898771514039875,0.99022702550121,0.9900518261773579
biunet,5%,7, 10%~20%,97290.0,0.9917425877647895,0.9749056273392643,0.9897185104647933,0.9877350912431001,0.9887242235606394,4.673410603179104e-05,0.00022361689705483598,0.0001045773276942715,4.8969054347555e-05,7.665633769982005e-05,0.9928486086923801,0.9766922072666223,0.9898771514039875,0.99022702550121,0.9900518261773579
biunet,5%,7, 20%~30%,69358.0,0.9899556058290452,0.9724625847059226,0.9910890359927723,0.9876936461539577,0.9893763317321289,4.3220316599092154e-05,4.531095760874032e-05,4.662417144769192e-05,5.127041994157355e-05,4.898317316720191e-05,0.9928486086923801,0.9766922072666223,0.9898771514039875,0.99022702550121,0.9900518261773579
biunet,5%,7, 30%~40%,61200.0,0.990325807090513,0.9709442263113933,0.9912378277069567,0.9897818970929212,0.9904997103089025,2.2412264828367303e-05,9.403793054958773e-06,1.601032681388921e-05,3.443279099528133e-05,2.535649067578084e-05,0.9928486086923801,0.9766922072666223,0.9898771514039875,0.99022702550121,0.9900518261773579
biunet,5%,7, 40%~50%,54457.0,0.9905313116103281,0.9698433199156716,0.9910799846339234,0.9903922874503568,0.9907244332932947,4.521777225665932e-05,0.00020993009399198728,4.421626943697423e-05,4.640248210531769e-05,4.449859625038555e-05,0.9928486086923801,0.9766922072666223,0.9898771514039875,0.99022702550121,0.9900518261773579
biunet,5%,7, Overall,497694.0,0.9928486086923801,0.9766922072666223,0.9898771514039875,0.99022702550121,0.9900518261773579,2.1435740429424022e-05,8.213570846401624e-05,4.248810630038298e-05,2.1608568977228804e-05,3.18453108217682e-05,0.9928486086923801,0.9766922072666223,0.9898771514039875,0.99022702550121,0.9900518261773579
biunet,15%,7, 0.1%~0.5%,17246.0,0.9819136804669681,0.6845347979731486,0.7622396951797658,0.9912548640726083,0.8546877842971391,0.0001748363477013903,0.0026576999441935657,0.0018160988948876051,0.000122285608713527,0.0012985404145092485,0.9727117678856096,0.9142519823962413,0.9636584335642068,0.9602755232230565,0.9619601737884774
biunet,15%,7, 0.5%~1%,19954.0,0.984624105138789,0.7665736686609508,0.8156781618368733,0.9864484365552104,0.8886509755788513,9.985664326645533e-05,0.0018993475734571067,0.0008660372918189646,0.000208089538433694,0.0006111426521830582,0.9727117678856096,0.9142519823962413,0.9636584335642068,0.9602755232230565,0.9619601737884774
biunet,15%,7, 1%~10%,178189.0,0.9794066973831157,0.8833322555082658,0.9201887120081232,0.9500930136250682,0.9347376167945436,1.1210259784920136e-05,0.00012349988904846525,9.101706418752818e-05,3.0858045606314605e-05,4.030921058721504e-05,0.9727117678856096,0.9142519823962413,0.9636584335642068,0.9602755232230565,0.9619601737884774
biunet,15%,7, 10%~20%,97290.0,0.9689201605945362,0.9082138904362078,0.9628296911115873,0.951764169664846,0.9572118481124897,9.274063946939976e-05,0.0002310258390804482,0.00015053642934446628,0.00013727055297853996,0.0001436565617935221,0.9727117678856096,0.9142519823962413,0.9636584335642068,0.9602755232230565,0.9619601737884774
biunet,15%,7, 20%~30%,69358.0,0.9667480625336964,0.9094399428387053,0.9691120294635843,0.9608307711232906,0.9648805373042516,3.7528135213341436e-05,0.0002520714680559524,4.1156780305912025e-05,6.437347994240169e-05,5.0950087540330384e-05,0.9727117678856096,0.9142519823962413,0.9636584335642068,0.9602755232230565,0.9619601737884774
biunet,15%,7, 30%~40%,61200.0,0.965693577936225,0.899298586158264,0.9691479208789558,0.9637217103214687,0.9663052005302623,3.6074268900208964e-05,0.0002004822552689639,3.2913709476559236e-05,6.1000826733190986e-05,3.5880114764141484e-05,0.9727117678856096,0.9142519823962413,0.9636584335642068,0.9602755232230565,0.9619601737884774
biunet,15%,7, 40%~50%,54457.0,0.9657828445128517,0.8937809202633537,0.9681685389862097,0.9651873374944104,0.9665084153531365,4.259357532192907e-05,0.0001488968226964852,5.174530299804735e-05,3.731718664542645e-05,4.3799689785175124e-05,0.9727117678856096,0.9142519823962413,0.9636584335642068,0.9602755232230565,0.9619601737884774
biunet,15%,7, Overall,497694.0,0.9727117678856096,0.9142519823962413,0.9636584335642068,0.9602755232230565,0.9619601737884774,1.9022391283097403e-05,8.33951933420205e-05,3.0216287767650356e-05,3.9416308167372165e-05,3.0239132684223044e-05,0.9727117678856096,0.9142519823962413,0.9636584335642068,0.9602755232230565,0.9619601737884774
biunet,25%,7, 0.1%~0.5%,17246.0,0.9713433769446759,0.5740404871981011,0.6826109270102014,0.9784326322618143,0.790677476271162,6.58167126840022e-05,0.001018526813888128,0.00010764010783317984,0.00010606077797309534,8.010551142263819e-05,0.9562838964820904,0.8649593198337122,0.9418720262142348,0.9359974520577631,0.9389129150403411
biunet,25%,7, 0.5%~1%,19954.0,0.9749814725383534,0.6635364497889699,0.7421131066704661,0.9644724150698544,0.8307017776834714,4.954686442902432e-05,0.0015830667856793549,0.0004035448307651796,0.0005887545449094878,0.0004927311424398698,0.9562838964820904,0.8649593198337122,0.9418720262142348,0.9359974520577631,0.9389129150403411
biunet,25%,7, 1%~10%,178189.0,0.9663557353215525,0.8160695950166819,0.8759501232557408,0.913160143211113,0.8939080846554938,2.225678643275578e-05,0.0001827028606140284,0.00010162032001948398,2.2898611857823257e-05,6.229831409795418e-05,0.9562838964820904,0.8649593198337122,0.9418720262142348,0.9359974520577631,0.9389129150403411
biunet,25%,7, 10%~20%,97290.0,0.950619360425096,0.8561432825386933,0.9403083967783358,0.9234607792639636,0.9316761150865043,5.127705023940046e-05,0.0003007110676403208,5.9828644274512264e-05,0.0001129824740565499,8.50945349487761e-05,0.9562838964820904,0.8649593198337122,0.9418720262142348,0.9359974520577631,0.9389129150403411
biunet,25%,7, 20%~30%,69358.0,0.9472955207369407,0.8586582366656422,0.9505844646729321,0.9382257018052368,0.944199429912504,9.484585333331364e-05,9.305652957155714e-05,0.0001441214651410924,9.465790726022962e-05,0.00011764487896128002,0.9562838964820904,0.8649593198337122,0.9418720262142348,0.9359974520577631,0.9389129150403411
biunet,25%,7, 30%~40%,61200.0,0.9454768270944741,0.8431915033118229,0.9509338281461946,0.9424251603945119,0.9463751218165616,5.239081722155806e-05,0.0003353796060718235,9.000549115453328e-05,2.3468233475569942e-05,5.028640305780807e-05,0.9562838964820904,0.8649593198337122,0.9418720262142348,0.9359974520577631,0.9389129150403411
biunet,25%,7, 40%~50%,54457.0,0.9454205180512174,0.8346510940681523,0.9494643033781208,0.9445179447928665,0.9465953150813631,0.0001283908387166717,0.0003170480401507691,0.0001466843641452468,0.00012780051264773155,0.00013542528074042963,0.9562838964820904,0.8649593198337122,0.9418720262142348,0.9359974520577631,0.9389129150403411
biunet,25%,7, Overall,497694.0,0.9562838964820904,0.8649593198337122,0.9418720262142348,0.9359974520577631,0.9389129150403411,1.3688683477154952e-05,9.064623156382123e-05,9.603869348590941e-06,3.098501570824905e-05,1.92935006108398e-05,0.9562838964820904,0.8649593198337122,0.9418720262142348,0.9359974520577631,0.9389129150403411
biunet,5%,8, 0.1%~0.5%,18736.0,0.994948551484098,0.864245269573682,0.9035863583029399,0.9970697376970349,0.9471202069819303,5.514049196843138e-05,0.0011053112523783622,0.0010274064800823372,0.000141545546207841,0.0005950003996933185,0.9927962966599287,0.9755815276993584,0.9895400112070131,0.9899328768128871,0.9897359659143223
biunet,5%,8, 0.5%~1%,20000.0,0.9956325757575758,0.9236603168505827,0.9350430225688816,0.9974337136717021,0.964704422114032,5.175551101205875e-05,0.0006531416353491911,0.000687715000797007,5.137298444725018e-05,0.00040455327636691534,0.9927962966599287,0.9755815276993584,0.9895400112070131,0.9899328768128871,0.9897359659143223
biunet,5%,8, 1%~10%,175624.0,0.9956471659840789,0.9700148262346083,0.9750181422990654,0.9965960012015033,0.9856000873241019,6.604071155527126e-06,0.00012335710274271035,2.9580605187117255e-05,1.357502712811661e-05,9.526748528798675e-06,0.9927962966599287,0.9755815276993584,0.9895400112070131,0.9899328768128871,0.9897359659143223
biunet,5%,8, 10%~20%,87505.0,0.9918114635873622,0.9741269136217534,0.9895545809866805,0.9878438233167665,0.9886973181962876,1.1250438536067444e-05,0.00010264888858874429,4.11061732726843e-05,3.613754514360521e-05,1.9516019216160222e-05,0.9927962966599287,0.9755815276993584,0.9895400112070131,0.9899328768128871,0.9897359659143223
biunet,5%,8, 20%~30%,64399.0,0.989464475027139,0.9703579623734112,0.9907592287200501,0.98694397014044,0.9888333725678832,2.322803243963518e-05,0.00019272694719991176,2.0957690905588745e-05,2.9976923353589107e-05,2.458407170752674e-05,0.9927962966599287,0.9755815276993584,0.9895400112070131,0.9899328768128871,0.9897359659143223
biunet,5%,8, 30%~40%,57235.0,0.9898172341039467,0.9692270359127025,0.990854491454471,0.9891551007749165,0.9899916301703787,1.653681705773073e-05,8.607819160422956e-05,2.4859520513238472e-05,2.988585338711636e-05,2.087622787632049e-05,0.9927962966599287,0.9755815276993584,0.9895400112070131,0.9899328768128871,0.9897359659143223
biunet,5%,8, 40%~50%,53358.0,0.9904258768955722,0.9690185986974061,0.9910577317653665,0.9902551674064733,0.9906427275424726,2.748656842093074e-05,0.00022002065459112257,2.9658196865295807e-05,2.1896067817297468e-05,2.5170941233481188e-05,0.9927962966599287,0.9755815276993584,0.9895400112070131,0.9899328768128871,0.9897359659143223
biunet,5%,8, Overall,476857.0,0.9927962966599287,0.9755815276993584,0.9895400112070131,0.9899328768128871,0.9897359659143223,3.7452226591001776e-06,6.84163713182691e-05,2.043930465024493e-06,1.5767456118556173e-05,8.712364074251865e-06,0.9927962966599287,0.9755815276993584,0.9895400112070131,0.9899328768128871,0.9897359659143223
biunet,15%,8, 0.1%~0.5%,18736.0,0.982303554330668,0.6410952485754365,0.7441453960479496,0.9878478583258691,0.8410663464270346,4.003601491366187e-05,0.0011771501655476484,0.00020773157917348267,0.0003911150989798073,2.652550609709154e-05,0.9726272046107972,0.9107540659797696,0.9624887298684963,0.9592649747470471,0.9608708895260959
biunet,15%,8, 0.5%~1%,20000.0,0.9846662878787878,0.7704955216600323,0.8154642411184403,0.9854370383790806,0.8880392197584808,8.257488879161683e-05,0.0011164953370689718,0.0007921245167816544,0.00018596905206351986,0.0004934827091930127,0.9726272046107972,0.9107540659797696,0.9624887298684963,0.9592649747470471,0.9608708895260959
biunet,15%,8, 1%~10%,175624.0,0.9799610635117172,0.8756508795172744,0.915688334873142,0.9513245549330969,0.9329412067666448,4.985645290769841e-05,0.00015907411052225122,0.00025180802219073266,0.00011696127933268327,0.00017138875937964436,0.9726272046107972,0.9107540659797696,0.9624887298684963,0.9592649747470471,0.9608708895260959
biunet,15%,8, 10%~20%,87505.0,0.968851563460443,0.9057438228864593,0.9621592865135451,0.9511452209104263,0.9565668343329209,6.062813188732624e-05,0.0002939396104772495,9.543904496864441e-05,6.187858495199651e-05,6.656980187541402e-05,0.9726272046107972,0.9107540659797696,0.9624887298684963,0.9592649747470471,0.9608708895260959
biunet,15%,8, 20%~30%,64399.0,0.9649055815378275,0.9017669057808075,0.9677566741017593,0.9581799622130935,0.9628519285868969,3.519062009488459e-05,0.00024596738038222755,6.0936855626185416e-05,1.83739869930831e-05,3.728445733023271e-05,0.9726272046107972,0.9107540659797696,0.9624887298684963,0.9592649747470471,0.9608708895260959
biunet,15%,8, 30%~40%,57235.0,0.9640939401881132,0.8940996635504259,0.9679123479027752,0.9617617257247456,0.9646817640851996,5.6901791527282956e-05,0.00029256562614768476,9.820350080137403e-05,7.055628244341393e-05,8.221857548260713e-05,0.9726272046107972,0.9107540659797696,0.9624887298684963,0.9592649747470471,0.9608708895260959
biunet,15%,8, 40%~50%,53358.0,0.9652426377800266,0.8908932254385703,0.967950183983253,0.9645417689665964,0.9660526347466823,5.486577432126513e-05,0.000201079570924443,6.361147911337313e-05,4.2615872309643915e-05,5.235994588008377e-05,0.9726272046107972,0.9107540659797696,0.9624887298684963,0.9592649747470471,0.9608708895260959
biunet,15%,8, Overall,476857.0,0.9726272046107972,0.9107540659797696,0.9624887298684963,0.9592649747470471,0.9608708895260959,2.0972109646601716e-05,7.765065446329775e-05,1.9805589388832682e-05,3.0080611311847273e-05,2.2584879552257716e-05,0.9726272046107972,0.9107540659797696,0.9624887298684963,0.9592649747470471,0.9608708895260959
biunet,25%,8, 0.1%~0.5%,18736.0,0.9718472621173304,0.5191540457943745,0.6605695187880632,0.9706528274977956,0.7714311689267884,0.00023000965471029578,0.0029587507200068697,0.0018360718856463537,0.00027882179385233115,0.001542296641168212,0.9561959239289131,0.8596438408764236,0.9400877952485285,0.9344310396049843,0.9372403888530233
biunet,25%,8, 0.5%~1%,20000.0,0.9750193181818182,0.6656283823108785,0.7411123067321085,0.963728908752393,0.8295826699333543,0.00014918857665708346,0.0020973492568924397,0.000892271612117461,0.0004735018755048281,0.0007995024388806883,0.9561959239289131,0.8596438408764236,0.9400877952485285,0.9344310396049843,0.9372403888530233
biunet,25%,8, 1%~10%,175624.0,0.9671849743736275,0.8042563365907941,0.8695369374675389,0.9140213856504867,0.8908624730199831,4.940452721502274e-05,0.000262242991760012,0.00020768164239926023,0.00014867569205035436,0.00017900965009832575,0.9561959239289131,0.8596438408764236,0.9400877952485285,0.9344310396049843,0.9372403888530233
biunet,25%,8, 10%~20%,87505.0,0.9507261056943932,0.8527797094104064,0.9393719236474801,0.9230944736658439,0.9310338214780854,6.561670261986175e-05,0.0003525679021470248,0.00012854154305583966,4.182211217302109e-05,8.013661942296123e-05,0.9561959239289131,0.8596438408764236,0.9400877952485285,0.9344310396049843,0.9372403888530233
biunet,25%,8, 20%~30%,64399.0,0.9446422328221735,0.8479310107304566,0.9485682675482924,0.9343393280612203,0.9411933436575333,7.39118487555367e-05,0.0005009407632013994,7.373224719926768e-05,2.668020822613082e-05,4.81518853638712e-05,0.9561959239289131,0.8596438408764236,0.9400877952485285,0.9344310396049843,0.9372403888530233
biunet,25%,8, 30%~40%,57235.0,0.943000283255372,0.8359034160755051,0.9490627141979897,0.9393540456969912,0.9438416564607222,3.917365768147067e-05,0.00022575058061856675,2.7428362925442458e-05,3.056388221132111e-05,2.9322288069273586e-05,0.9561959239289131,0.8596438408764236,0.9400877952485285,0.9344310396049843,0.9372403888530233
biunet,25%,8, 40%~50%,53358.0,0.9445441142562473,0.8295542908554601,0.9491518926196038,0.9434903724578009,0.9458707964722453,3.946399681252794e-05,0.00014850297369616665,4.810693038743697e-05,2.9661360521429733e-05,3.8836746374190655e-05,0.9561959239289131,0.8596438408764236,0.9400877952485285,0.9344310396049843,0.9372403888530233
biunet,25%,8, Overall,476857.0,0.9561959239289131,0.8596438408764236,0.9400877952485285,0.9344310396049843,0.9372403888530233,3.5555876159484964e-05,0.0002238504959241699,4.1877342827401984e-05,2.626414425996867e-05,3.35574291136989e-05,0.9561959239289131,0.8596438408764236,0.9400877952485285,0.9344310396049843,0.9372403888530233
biunet,5%,9, 0.1%~0.5%,13231.0,0.9950059891485331,0.9010449476896905,0.9171634454712169,0.9977786753707342,0.9549497071084819,6.719665784175469e-05,0.0018257777082206729,0.0008125828338417156,0.00013046506398908732,0.0005352080105084637,0.9927769224986353,0.9762555691654446,0.9896364031667829,0.9898169891545542,0.9897264220865966
biunet,5%,9, 0.5%~1%,14292.0,0.995838952073209,0.9460764970297085,0.9428831986568843,0.9978461873973229,0.969064664507829,9.927458767877551e-05,0.0012136445751629052,0.0012420205798925781,2.212583656849756e-05,0.0006857446278555781,0.9927769224986353,0.9762555691654446,0.9896364031667829,0.9898169891545542,0.9897264220865966
biunet,5%,9, 1%~10%,140302.0,0.9957228087636064,0.9732599774869374,0.9774576658362862,0.9963080263762686,0.9867179850212686,3.0385785511338004e-05,0.00014225704611905981,0.00017606724106780544,1.4311960591890334e-05,9.617125308719118e-05,0.9927769224986353,0.9762555691654446,0.9896364031667829,0.9898169891545542,0.9897264220865966
biunet,5%,9, 10%~20%,70996.0,0.991736090125436,0.9753769871320931,0.9899780686086074,0.9875827149908919,0.988776790130785,2.5894164516298587e-05,0.0001632927296089066,4.628295798473625e-05,5.821942963618226e-05,3.3989929520428234e-05,0.9927769224986353,0.9762555691654446,0.9896364031667829,0.9898169891545542,0.9897264220865966
biunet,5%,9, 20%~30%,50656.0,0.9891992811883842,0.9700842856768331,0.9905169577942465,0.9866523835343125,0.9885656271789952,3.679368937632619e-05,0.00032121093196251486,5.648288353821619e-05,1.7196651996217513e-05,3.611828859282817e-05,0.9927769224986353,0.9762555691654446,0.9896364031667829,0.9898169891545542,0.9897264220865966
biunet,5%,9, 30%~40%,42482.0,0.9900966969254714,0.9705179858997329,0.9910033645951666,0.9895057111134425,0.9902440279565118,6.396233675421763e-05,0.0002753224933056155,6.364850184267431e-05,5.957026195139045e-05,6.148376690350222e-05,0.9927769224986353,0.9762555691654446,0.9896364031667829,0.9898169891545542,0.9897264220865966
biunet,5%,9, 40%~50%,38881.0,0.9897527264621733,0.9675440837125976,0.9903824339078228,0.9895751205383058,0.9899654630660529,5.504044349865159e-05,3.6412587125510945e-05,5.3965059898368474e-05,6.299642737615934e-05,5.8728147096791945e-05,0.9927769224986353,0.9762555691654446,0.9896364031667829,0.9898169891545542,0.9897264220865966
biunet,5%,9, Overall,370840.0,0.9927769224986353,0.9762555691654446,0.9896364031667829,0.9898169891545542,0.9897264220865966,2.3380748033939393e-05,3.33631539365413e-05,5.465625244972776e-05,1.9572077449226257e-05,3.6700922839379415e-05,0.9927769224986353,0.9762555691654446,0.9896364031667829,0.9898169891545542,0.9897264220865966
biunet,15%,9, 0.1%~0.5%,13231.0,0.982578792230368,0.7183255579807853,0.7751284140639688,0.9901207732741911,0.8627524594557897,9.818140017213551e-05,0.0011452831822092915,0.0007334334144651564,6.211889828416456e-05,0.0005563513072225812,0.9721975784704995,0.9122747902893912,0.962484322118204,0.9581808918527194,0.9603218916684257
biunet,15%,9, 0.5%~1%,14292.0,0.9849242848298264,0.8290369914194676,0.8326130377766771,0.9868810347957266,0.8985703323058596,0.00012938807283309738,0.0014725050284777703,0.0010621973626125368,0.0004640674757595676,0.000772897453056403,0.9721975784704995,0.9122747902893912,0.962484322118204,0.9581808918527194,0.9603218916684257
biunet,15%,9, 1%~10%,140302.0,0.9797154557938438,0.8859487577661097,0.9229592284241795,0.9495629255040962,0.9359332034726201,4.1182408176806326e-05,0.0002487952222854503,0.00016925976614682377,5.279574073203158e-05,0.00011522544518246662,0.9721975784704995,0.9122747902893912,0.962484322118204,0.9581808918527194,0.9603218916684257
biunet,15%,9, 10%~20%,70996.0,0.9685035605932558,0.9091730689852233,0.9633816912835332,0.9505516367635524,0.9568548884052599,0.0001572506334933101,0.0005944412465132245,0.00024807956771370944,0.00018983749966775522,0.00021768849285737666,0.9721975784704995,0.9122747902893912,0.962484322118204,0.9581808918527194,0.9603218916684257
biunet,15%,9, 20%~30%,50656.0,0.9642972085032255,0.9019629817508258,0.9671263110959402,0.9575165837847557,0.9622018239466256,0.00011266107722348112,0.00020107268844600168,0.00012840059241140054,0.00015117609704788225,0.00014045344997497231,0.9721975784704995,0.9122747902893912,0.962484322118204,0.9581808918527194,0.9603218916684257
biunet,15%,9, 30%~40%,42482.0,0.9643182210504841,0.8969969216972936,0.9676495044394263,0.9622168221448661,0.9648068564246236,6.278358802829686e-05,0.00042138553489773817,6.051041902148528e-05,6.98378434510075e-05,6.288341157584949e-05,0.9721975784704995,0.9122747902893912,0.962484322118204,0.9581808918527194,0.9603218916684257
biunet,15%,9, 40%~50%,38881.0,0.9625058355993774,0.8848124655939543,0.965228807543574,0.9617523263996044,0.9632948376208975,0.00013554304040633183,0.00010023910135325072,0.00014689497774052071,0.00014067515989525038,0.00014160463148585887,0.9721975784704995,0.9122747902893912,0.962484322118204,0.9581808918527194,0.9603218916684257
biunet,15%,9, Overall,370840.0,0.9721975784704995,0.9122747902893912,0.962484322118204,0.9581808918527194,0.9603218916684257,3.905789123272403e-05,0.00019694235705611295,5.016834254085713e-05,5.392895222747326e-05,5.170597372670793e-05,0.9721975784704995,0.9122747902893912,0.962484322118204,0.9581808918527194,0.9603218916684257
biunet,25%,9, 0.1%~0.5%,13231.0,0.9721733623744053,0.60858753426197,0.6959887390666711,0.9758372894368909,0.7997030363319576,0.0001074004263420789,0.0003499274205007053,0.0006344964639890543,0.00037982318785869355,0.000511684959533778,0.9554976948320438,0.8617699341752374,0.9400582743165851,0.932706597639382,0.9363489862043939
biunet,25%,9, 0.5%~1%,14292.0,0.9759051471897818,0.7473631926004712,0.767769175406495,0.9656811917179544,0.8472935450141899,0.00011121238318266387,0.0008944815681374434,0.0007793990031409718,0.00022077559190828976,0.0006115752569881489,0.9554976948320438,0.8617699341752374,0.9400582743165851,0.932706597639382,0.9363489862043939
biunet,25%,9, 1%~10%,140302.0,0.9667957064911493,0.8187937267843606,0.8801592173014364,0.9119296104743934,0.8955654859459764,6.325725096648115e-05,0.0005459852053888952,0.00021094942539035078,0.0002228468464615933,0.00016297467631717842,0.9554976948320438,0.8617699341752374,0.9400582743165851,0.932706597639382,0.9363489862043939
biunet,25%,9, 10%~20%,70996.0,0.9502254288333786,0.8581408602427693,0.9412704998355617,0.922235712631078,0.9314893473786724,4.060233159195461e-05,0.0002889375968063296,3.6466064713873006e-05,0.00011151611924151199,7.36983844824351e-05,0.9554976948320438,0.8617699341752374,0.9400582743165851,0.932706597639382,0.9363489862043939
biunet,25%,9, 20%~30%,50656.0,0.9433014605945749,0.8474429280793475,0.9472312482058228,0.9328822262397823,0.9397855201634376,7.465736886207886e-05,0.0005992581436038544,6.378507525591065e-05,9.74413926162403e-05,8.073718163365637e-05,0.9554976948320438,0.8617699341752374,0.9400582743165851,0.932706597639382,0.9363489862043939
biunet,25%,9, 30%~40%,42482.0,0.9433464155228667,0.8394782868127547,0.9486143393737599,0.9401146583899811,0.9440669917124503,0.00012620491071469315,0.00029275819035695194,0.00010780960380667864,0.00011941695048915823,0.00011407253490949102,0.9554976948320438,0.8617699341752374,0.9400582743165851,0.932706597639382,0.9363489862043939
biunet,25%,9, 40%~50%,38881.0,0.9403463403874915,0.8212279681618219,0.9449422139577366,0.9391957446006515,0.9416157135381721,0.00011076164030849354,0.0001721059307377266,0.0001352124261407173,0.00011615447364834877,0.00012224506953942646,0.9554976948320438,0.8617699341752374,0.9400582743165851,0.932706597639382,0.9363489862043939
biunet,25%,9, Overall,370840.0,0.9554976948320438,0.8617699341752374,0.9400582743165851,0.932706597639382,0.9363489862043939,1.0083785420594466e-05,2.9983284193854404e-05,4.162135252271689e-06,2.7788101961688125e-05,1.5272055661807292e-05,0.9554976948320438,0.8617699341752374,0.9400582743165851,0.932706597639382,0.9363489862043939
biunet,5%,10, 0.1%~0.5%,15629.0,0.9948018155836954,0.9096252017060283,0.9183459292480287,0.9974300415392617,0.9553573213093719,0.00010536820234088553,0.0015362699627807911,0.001432682164178828,9.156431686725053e-05,0.0008419367320074736,0.9927584775929907,0.9761160887799578,0.9896590411899274,0.9899375997836581,0.9897979445581105
biunet,5%,10, 0.5%~1%,17161.0,0.9956525808166155,0.9331791233112514,0.9389138577637354,0.9980035288637555,0.9670473101019246,1.992411280756019e-05,0.0014620966618049624,0.0002912072058829674,5.640204968022263e-05,0.00018120741476002896,0.9927584775929907,0.9761160887799578,0.9896590411899274,0.9899375997836581,0.9897979445581105
biunet,5%,10, 1%~10%,158673.0,0.995604214805024,0.9734485783430182,0.9770392373142708,0.9962528100772219,0.9864704933351455,7.163579350445915e-06,3.621317349980013e-05,2.109675614526683e-05,1.4422126051163565e-05,1.5340748968911652e-05,0.9927584775929907,0.9761160887799578,0.9896590411899274,0.9899375997836581,0.9897979445581105
biunet,5%,10, 10%~20%,84925.0,0.9917642126296822,0.9749468377649858,0.98976205714831,0.9877532013287054,0.9887551543729328,1.1417926128195852e-05,6.348490525701702e-05,2.3146083496142056e-05,1.3388929446845685e-05,1.2546996153038594e-05,0.9927584775929907,0.9761160887799578,0.9896590411899274,0.9899375997836581,0.9897979445581105
biunet,5%,10, 20%~30%,57715.0,0.9894169101567524,0.9705396429384202,0.9906318189858668,0.9868827695391461,0.9887398620936839,4.652382422099142e-05,0.00011881432137326644,6.532363172688972e-05,3.886739816658927e-05,4.6625360045074506e-05,0.9927584775929907,0.9761160887799578,0.9896590411899274,0.9899375997836581,0.9897979445581105
biunet,5%,10, 30%~40%,50759.0,0.9901935587479037,0.9703464099005646,0.9911849358213191,0.9895450006642862,0.9903532509949815,3.474117756786682e-05,0.0002812361157762817,3.6295228591992426e-05,2.0183630975988384e-05,2.747567209587508e-05,0.9927584775929907,0.9761160887799578,0.9896590411899274,0.9899375997836581,0.9897979445581105
biunet,5%,10, 40%~50%,47287.0,0.9901012258478369,0.9683709909061099,0.9907214964949619,0.9899422890694547,0.9903196850977141,3.2598694794388834e-05,0.00023182093607486878,2.5335851272558236e-05,2.6189130938791134e-05,2.5800453033671002e-05,0.9927584775929907,0.9761160887799578,0.9896590411899274,0.9899375997836581,0.9897979445581105
biunet,5%,10, Overall,432149.0,0.9927584775929907,0.9761160887799578,0.9896590411899274,0.9899375997836581,0.9897979445581105,1.4798102076577063e-05,1.20468980759277e-05,2.639899460504524e-05,1.2923643513329515e-05,1.8790558806951932e-05,0.9927584775929907,0.9761160887799578,0.9896590411899274,0.9899375997836581,0.9897979445581105
biunet,15%,10, 0.1%~0.5%,15629.0,0.9822644190965901,0.7420322467564769,0.782140192200404,0.989949812210941,0.8667658028184747,0.00011166244830738351,0.0034673330321414266,0.0012077466748917358,0.00023469258679077414,0.0007515900186637437,0.9722693673906102,0.911856514103918,0.9627611231044272,0.9589579305582374,0.960851119382654
biunet,15%,10, 0.5%~1%,17161.0,0.9845513876601809,0.7934519803017213,0.8243486916019626,0.9869143259697518,0.8940368429017477,0.00016363702868635424,0.0014972907644705234,0.0014878415641030624,0.0002294996800789887,0.0009946146838066367,0.9722693673906102,0.911856514103918,0.9627611231044272,0.9589579305582374,0.960851119382654
biunet,15%,10, 1%~10%,158673.0,0.9792746049670669,0.886859321521607,0.9214581927972852,0.9495807175863006,0.9351371847925679,5.1369960928888275e-05,0.0001257199841850527,0.00029788387432445044,1.74695628572527e-05,0.00016342836692660417,0.9722693673906102,0.911856514103918,0.9627611231044272,0.9589579305582374,0.960851119382654
biunet,15%,10, 10%~20%,84925.0,0.9687559433011302,0.9076095030109613,0.9629046865086396,0.9513665246941901,0.957046697202924,4.722591374442559e-05,7.975965376535504e-05,7.324794880279115e-05,1.8047033480030467e-05,3.8011867275146094e-05,0.9722693673906102,0.911856514103918,0.9627611231044272,0.9589579305582374,0.960851119382654
biunet,15%,10, 20%~30%,57715.0,0.9649072374966856,0.9026124270109199,0.9673786345431011,0.958287772159727,0.9627285276765677,1.568396442548447e-05,0.00037164785423780697,3.88582431946134e-05,4.442527983221622e-06,1.755984656270356e-05,0.9722693673906102,0.911856514103918,0.9627611231044272,0.9589579305582374,0.960851119382654
biunet,15%,10, 30%~40%,50759.0,0.9650781440759572,0.8971059560130478,0.9686564376433929,0.9628904104339084,0.9656390324885046,0.00013691764612368907,0.00039239925995666674,0.0001447141008578116,0.00012868762947275216,0.00013315479344096695,0.9722693673906102,0.911856514103918,0.9627611231044272,0.9589579305582374,0.960851119382654
biunet,15%,10, 40%~50%,47287.0,0.9640171140636385,0.8885809027308419,0.9667784969370029,0.9632598505384875,0.9648287998040899,9.752643859306793e-05,0.00034303631616020046,9.52088989167682e-05,0.00010376370355862107,9.890233383417979e-05,0.9722693673906102,0.911856514103918,0.9627611231044272,0.9589579305582374,0.960851119382654
biunet,15%,10, Overall,432149.0,0.9722693673906102,0.911856514103918,0.9627611231044272,0.9589579305582374,0.960851119382654,1.797863279347614e-05,7.614083191493998e-05,5.7126915650628603e-05,2.77606301620626e-05,1.5297091793988402e-05,0.9722693673906102,0.911856514103918,0.9627611231044272,0.9589579305582374,0.960851119382654
biunet,25%,10, 0.1%~0.5%,15629.0,0.9719262171914292,0.6375873813642098,0.7066318508507567,0.9774636834908871,0.8072398003467355,0.00016000090756805647,0.0003169308066397035,0.0009218684392516067,0.00025617312460563473,0.000813136907169592,0.955569336810529,0.8609504423813504,0.9404865434958584,0.9338156190357073,0.9371240316850505
biunet,25%,10, 0.5%~1%,17161.0,0.9750976933250693,0.6993618935899827,0.7545793673682862,0.9656735810533016,0.8393595875850325,7.456880711290256e-05,0.0008169543024653423,0.0006122762060951743,0.00019906857118642452,0.0004862672349986051,0.955569336810529,0.8609504423813504,0.9404865434958584,0.9338156190357073,0.9371240316850505
biunet,25%,10, 1%~10%,158673.0,0.9661162780171685,0.8206215112582823,0.8779599431979213,0.9119950964726152,0.8943961837200246,8.287361041458095e-05,0.00015499703039521294,0.00040577435527183324,0.000124796514845637,0.00021001207182751592,0.955569336810529,0.8609504423813504,0.9404865434958584,0.9338156190357073,0.9371240316850505
biunet,25%,10, 10%~20%,84925.0,0.950367079687068,0.8555437813148535,0.9403776497530444,0.9228919253383902,0.9314172142993041,3.6606021490117094e-05,0.00018008171859617902,8.014904993322911e-05,4.845328334220795e-05,6.207184990788881e-05,0.955569336810529,0.8609504423813504,0.9404865434958584,0.9338156190357073,0.9371240316850505
biunet,25%,10, 20%~30%,57715.0,0.9443428917958935,0.8479952130706986,0.9478921152577873,0.9340432234588896,0.9407215669111633,0.00010511022419390494,0.0003103895116924345,8.347025133639947e-05,0.00012093794246527406,9.938802603167433e-05,0.955569336810529,0.8609504423813504,0.9404865434958584,0.9338156190357073,0.9371240316850505
biunet,25%,10, 30%~40%,50759.0,0.9443026076283233,0.8386514208415455,0.9500145007633725,0.9408877133565685,0.9451287553516479,0.00013115621551311774,0.000566955911964844,0.00012273835751712545,0.0001445639692159773,0.00013518379261022513,0.955569336810529,0.8609504423813504,0.9404865434958584,0.9338156190357073,0.9371240316850505
biunet,25%,10, 40%~50%,47287.0,0.942824634357191,0.8268758019054855,0.9474066385372951,0.9417315742307629,0.9441398761619201,3.8252164796374306e-05,0.00016085291944415738,4.897238224438242e-05,4.5315975609426466e-05,4.597764749358412e-05,0.955569336810529,0.8609504423813504,0.9404865434958584,0.9338156190357073,0.9371240316850505
biunet,25%,10, Overall,432149.0,0.955569336810529,0.8609504423813504,0.9404865434958584,0.9338156190357073,0.9371240316850505,4.54088343450142e-05,0.000154715730393655,0.00010118049209521893,6.204193647365124e-05,6.986574856266176e-05,0.955569336810529,0.8609504423813504,0.9404865434958584,0.9338156190357073,0.9371240316850505
biunet,5%,11, 0.1%~0.5%,15327.0,0.9946988973706531,0.8928875778427346,0.9124548103656123,0.9973172526309444,0.9521192464866655,3.4201565255155935e-05,0.001115386482667119,0.0004456457189812555,7.358111049273708e-05,0.0002544217176744955,0.9925484766203848,0.975559804004655,0.9896234793890718,0.9897740041675448,0.9896984539973456
biunet,5%,11, 0.5%~1%,17417.0,0.9955677229317925,0.9431096701985234,0.9394870508742418,0.997791828475657,0.9671759840913685,4.670948014445304e-05,0.0010872815189446956,0.0009113836408007281,5.070932648306675e-05,0.0005506707630515707,0.9925484766203848,0.975559804004655,0.9896234793890718,0.9897740041675448,0.9896984539973456
biunet,5%,11, 1%~10%,150166.0,0.9954920090453433,0.9740130619658366,0.9764994099406898,0.9963186335525774,0.9862213773742124,2.0920130344683783e-05,9.831697463687755e-05,0.00011727070761857411,2.1109739315934106e-05,7.141695487594944e-05,0.9925484766203848,0.975559804004655,0.9896234793890718,0.9897740041675448,0.9896984539973456
biunet,5%,11, 10%~20%,79896.0,0.9915632746813281,0.9741787906734879,0.989612268448377,0.987294796061886,0.9884501487168569,3.539488400562466e-05,0.00016746472295142104,5.442989281530601e-05,4.0783112994997425e-05,4.747732661597352e-05,0.9925484766203848,0.975559804004655,0.9896234793890718,0.9897740041675448,0.9896984539973456
biunet,5%,11, 20%~30%,58219.0,0.9893374130178266,0.9697815819625671,0.9906095309059665,0.9869138879976985,0.9887439220855662,1.6021257615907096e-05,0.00021438256123947142,2.2685229089565447e-05,2.3486450469240267e-05,1.3396988342269352e-05,0.9925484766203848,0.975559804004655,0.9896234793890718,0.9897740041675448,0.9896984539973456
biunet,5%,11, 30%~40%,50671.0,0.9897915429481808,0.9686757326921045,0.9907682741548317,0.9892217431039846,0.9899827081834321,2.158525212646743e-05,6.380837027937568e-05,2.7258852735532223e-05,2.502576514343271e-05,2.619386386282753e-05,0.9925484766203848,0.975559804004655,0.9896234793890718,0.9897740041675448,0.9896984539973456
biunet,5%,11, 40%~50%,47783.0,0.9899908931729872,0.9675422299993208,0.9905648172762356,0.9898562503759235,0.990197785807808,3.0814891344670985e-05,4.519390557199458e-05,2.557160418450817e-05,4.3283475723492804e-05,3.461389462332603e-05,0.9925484766203848,0.975559804004655,0.9896234793890718,0.9897740041675448,0.9896984539973456
biunet,5%,11, Overall,419479.0,0.9925484766203848,0.975559804004655,0.9896234793890718,0.9897740041675448,0.9896984539973456,3.357979936546004e-06,6.191571218716934e-05,1.535954052220837e-05,3.307665527858255e-06,6.8299409876024185e-06,0.9925484766203848,0.975559804004655,0.9896234793890718,0.9897740041675448,0.9896984539973456
biunet,15%,11, 0.1%~0.5%,15327.0,0.9815645197324586,0.7031746073434416,0.7648812839001286,0.9901462276183208,0.855605790673169,0.0001527838463255088,0.0018257771742702822,0.0013200903606263308,0.0001367466842434273,0.0009372230007612197,0.9717575705563185,0.9109511778344904,0.9626634148911419,0.9589730525533273,0.960810058190225
biunet,15%,11, 0.5%~1%,17417.0,0.9845235671870568,0.8238320184849682,0.8287193983442349,0.9889871506709228,0.8968563209770815,7.377343471247141e-05,0.002181541228312704,0.000433848644548145,0.00016532552918103918,0.00024695825980095655,0.9717575705563185,0.9109511778344904,0.9626634148911419,0.9589730525533273,0.960810058190225
biunet,15%,11, 1%~10%,150166.0,0.9791742592742819,0.8919218401817203,0.9199114393517956,0.951030827363053,0.9349973265938059,2.400041779369857e-05,0.00013592034252810518,4.8238791493944836e-05,9.455179122458494e-05,5.3977236572999954e-05,0.9717575705563185,0.9109511778344904,0.9626634148911419,0.9589730525533273,0.960810058190225
biunet,15%,11, 10%~20%,79896.0,0.9683372475126756,0.9062655587531294,0.9624428558002206,0.950240687725567,0.9562411747887656,4.323802761770079e-05,0.0001623916656591514,6.909686010014585e-05,0.0001242211570187967,9.523372715893723e-05,0.9717575705563185,0.9109511778344904,0.9626634148911419,0.9589730525533273,0.960810058190225
biunet,15%,11, 20%~30%,58219.0,0.9644559180148936,0.9005796798332392,0.9672266012119747,0.9579937886549077,0.9624976760648892,8.421893951836798e-05,0.0002570532012414578,7.623029525054453e-05,0.00012549789212867488,9.979104355681441e-05,0.9717575705563185,0.9109511778344904,0.9626634148911419,0.9589730525533273,0.960810058190225
biunet,15%,11, 30%~40%,50671.0,0.9636459022942416,0.891486100603926,0.9672405516073476,0.961643385184225,0.9642996212834894,7.32380757404993e-05,7.19103460087522e-05,7.949420916356052e-05,7.875210245666031e-05,7.672718382883324e-05,0.9717575705563185,0.9109511778344904,0.9626634148911419,0.9589730525533273,0.960810058190225
biunet,15%,11, 40%~50%,47783.0,0.9638677442655844,0.8862369089350262,0.9664179769993161,0.963261964778296,0.9646508886591801,3.736789177664822e-05,0.00020506970797143462,4.03494000715761e-05,3.504153057633728e-05,3.664221225630886e-05,0.9717575705563185,0.9109511778344904,0.9626634148911419,0.9589730525533273,0.960810058190225
biunet,15%,11, Overall,419479.0,0.9717575705563185,0.9109511778344904,0.9626634148911419,0.9589730525533273,0.960810058190225,2.4668179486868115e-05,7.489808903297845e-05,3.803631156476565e-05,5.230064307958161e-05,4.512230628411632e-05,0.9717575705563185,0.9109511778344904,0.9626634148911419,0.9589730525533273,0.960810058190225
biunet,25%,11, 0.1%~0.5%,15327.0,0.9707596615993562,0.5937252867551367,0.6856919843000367,0.9734887500158526,0.7910025762698648,0.00012054137379134606,0.0018559198957727122,0.0005593911767645007,0.0003828702107920643,0.0004497825825996372,0.9547763506346653,0.8598870259419206,0.940280410191305,0.9339313761962375,0.9370805250097228
biunet,25%,11, 0.5%~1%,17417.0,0.9748556356468167,0.7387166678020424,0.7604387985335305,0.96837371743155,0.8429092624263634,7.512285142674453e-05,0.0014962242816899676,0.0004883495093899086,0.00033172269698719507,0.0002819289656461558,0.9547763506346653,0.8598870259419206,0.940280410191305,0.9339313761962375,0.9370805250097228
biunet,25%,11, 1%~10%,150166.0,0.9657964378007531,0.8282238607881068,0.8755084473361522,0.9133168661117407,0.8936837159992885,5.540447637047411e-05,0.00026622290637390143,0.0003129365656785827,5.941771725718476e-05,0.00018223276011015182,0.9547763506346653,0.8598870259419206,0.940280410191305,0.9339313761962375,0.9370805250097228
biunet,25%,11, 10%~20%,79896.0,0.9497859527992452,0.853169886398816,0.9396166961140132,0.9214420311932009,0.9302914342310838,4.169492794063339e-05,0.0003399537123621604,6.0870345173125676e-05,7.587336217444095e-05,6.3428968882225e-05,0.9547763506346653,0.8598870259419206,0.940280410191305,0.9339313761962375,0.9370805250097228
biunet,25%,11, 20%~30%,58219.0,0.9438909353241444,0.8458489376366815,0.947748315500058,0.9339805807268663,0.9406108368741016,3.374208772675121e-05,0.00016390333239924517,2.970409044440731e-05,0.00010046075869930015,4.182363017600165e-05,0.9547763506346653,0.8598870259419206,0.940280410191305,0.9339313761962375,0.9370805250097228
biunet,25%,11, 30%~40%,50671.0,0.9423195264998269,0.8316892525408202,0.9479932805749746,0.9392315694696683,0.9432797180870741,0.00017606525766402205,0.00039977385351502187,0.0001860634832354166,0.00017490441643575036,0.00017911055786244017,0.9547763506346653,0.8598870259419206,0.940280410191305,0.9339313761962375,0.9370805250097228
biunet,25%,11, 40%~50%,47783.0,0.9425148984772701,0.8235600258923976,0.9468210614265403,0.9415974056261686,0.9437766346600821,0.0001036408080080936,0.0002176574384055479,0.00010104860165350016,0.00012321627686543013,0.00011179336472538953,0.9547763506346653,0.8598870259419206,0.940280410191305,0.9339313761962375,0.9370805250097228
biunet,25%,11, Overall,419479.0,0.9547763506346653,0.8598870259419206,0.940280410191305,0.9339313761962375,0.9370805250097228,1.4245706390886516e-05,0.0002168813196008507,1.2305895221514572e-05,3.197923221031093e-05,1.0483111732984748e-05,0.9547763506346653,0.8598870259419206,0.940280410191305,0.9339313761962375,0.9370805250097228
biunet,5%,12, 0.1%~0.5%,15119.0,0.9947797974453177,0.8791084667388858,0.9088197832952322,0.9976614588269492,0.9502984457775409,9.835892591362677e-05,0.002135071322050373,0.0015982307104765944,8.90146216407842e-05,0.0009297980704922184,0.9926524626623033,0.9758757785340246,0.9895936207085883,0.9897264716178603,0.9896597818988804
biunet,5%,12, 0.5%~1%,16179.0,0.9956631023755073,0.9460257950140186,0.9406329716274616,0.9979178093661395,0.967847118886617,2.0275661392927593e-05,0.000767153333307079,0.00014200204852506893,8.022581658289234e-05,0.0001080588424272629,0.9926524626623033,0.9758757785340246,0.9895936207085883,0.9897264716178603,0.9896597818988804
biunet,5%,12, 1%~10%,150995.0,0.9956167523106826,0.9743065370875202,0.9771167186035213,0.9962806165639034,0.9865211958901883,2.5346468100819104e-05,0.0001812131767740093,0.00012459862615871376,2.7539105704868773e-05,7.711253825887794e-05,0.9926524626623033,0.9758757785340246,0.9895936207085883,0.9897264716178603,0.9896597818988804
biunet,5%,12, 10%~20%,80598.0,0.9915047895767021,0.9739770866525098,0.9896583053561335,0.9872196028827164,0.988435378870661,3.305863352062466e-05,0.00011941006246793353,6.453353789382802e-05,3.96647271541206e-05,5.184278845803634e-05,0.9926524626623033,0.9758757785340246,0.9895936207085883,0.9897264716178603,0.9896597818988804
biunet,5%,12, 20%~30%,55885.0,0.989165250067102,0.969987215767166,0.990496559476233,0.9866377605234233,0.9885478576287263,1.2528098937475552e-05,9.094277064655743e-05,2.799658885060776e-05,4.2953644309090246e-05,9.095640868542427e-06,0.9926524626623033,0.9758757785340246,0.9895936207085883,0.9897264716178603,0.9896597818988804
biunet,5%,12, 30%~40%,48039.0,0.9898513644532504,0.9694382697867784,0.990822757842739,0.9892512927876879,0.9900254404858448,1.6941576880300974e-05,0.00010524837173516247,2.2308968793297467e-05,2.003772717585178e-05,1.7928516478122997e-05,0.9926524626623033,0.9758757785340246,0.9895936207085883,0.9897264716178603,0.9896597818988804
biunet,5%,12, 40%~50%,42711.0,0.9901584858914352,0.9684979230281492,0.9907260075619524,0.990007328103332,0.9903541023828445,3.0152806210325443e-05,0.00010594867017152333,3.5245479399614894e-05,2.6110428641669396e-05,3.040025603029525e-05,0.9926524626623033,0.9758757785340246,0.9895936207085883,0.9897264716178603,0.9896597818988804
biunet,5%,12, Overall,409526.0,0.9926524626623033,0.9758757785340246,0.9895936207085883,0.9897264716178603,0.9896597818988804,3.4703456575903807e-06,8.069215411008282e-06,9.205494352665326e-07,3.76871388758627e-06,1.4664612086029057e-06,0.9926524626623033,0.9758757785340246,0.9895936207085883,0.9897264716178603,0.9896597818988804
biunet,15%,12, 0.1%~0.5%,15119.0,0.9819688050556494,0.6758358536728547,0.7583031101333781,0.9888820117870071,0.8511908141796459,9.311510901969394e-05,0.0008388862464032275,0.0008398231016112159,0.00026646600141881334,0.0006984726639571617,0.9718741356415155,0.9111395651842645,0.9625226914203115,0.9580630624338958,0.9602812610637083
biunet,15%,12, 0.5%~1%,16179.0,0.9847281455384551,0.8298312114646262,0.8309433061188107,0.9875487672419024,0.8976624982161284,0.0001593579276645527,0.001911007368480237,0.0013616690437430212,0.0001640255735170616,0.0008538757543169925,0.9718741356415155,0.9111395651842645,0.9625226914203115,0.9580630624338958,0.9602812610637083
biunet,15%,12, 1%~10%,150995.0,0.9793506608185902,0.8907835448393132,0.9220017868296514,0.9489137039375787,0.9350978995432732,1.7314875896679111e-06,0.00026119916473245846,0.00012709662730273769,8.012872535496896e-05,4.0554629495791504e-05,0.9718741356415155,0.9111395651842645,0.9625226914203115,0.9580630624338958,0.9602812610637083
biunet,15%,12, 10%~20%,80598.0,0.9676212922044084,0.9041653412079586,0.9624218378704478,0.9488627921861136,0.9555218139159138,8.360834149749603e-05,1.761145784804881e-05,0.00018895513988848706,0.00011029126580473425,0.00014662816728443743,0.9718741356415155,0.9111395651842645,0.9625226914203115,0.9580630624338958,0.9602812610637083
biunet,15%,12, 20%~30%,55885.0,0.9640519898818191,0.9008911782966021,0.9670252961188801,0.9573031501506618,0.962039991100894,9.112066978111769e-05,0.000380960113787145,0.0001222003167515999,0.00010699261453378667,0.00011396280931572216,0.9718741356415155,0.9111395651842645,0.9625226914203115,0.9580630624338958,0.9602812610637083
biunet,15%,12, 30%~40%,48039.0,0.9637683902031619,0.8936791777664208,0.9673079097425376,0.961666891720923,0.9643506234853195,3.1204313510596954e-05,0.00030358292450900407,2.490603683826057e-05,3.8463676753377e-05,3.1915891407131806e-05,0.9718741356415155,0.9111395651842645,0.9625226914203115,0.9580630624338958,0.9602812610637083
biunet,15%,12, 40%~50%,42711.0,0.9643772131655814,0.889367769143366,0.9668521757528219,0.9637390740153018,0.9651151698151427,4.9226865431634246e-05,0.0001363830519107362,7.097617813053043e-05,4.58423885491557e-05,5.4434344242875404e-05,0.9718741356415155,0.9111395651842645,0.9625226914203115,0.9580630624338958,0.9602812610637083
biunet,15%,12, Overall,409526.0,0.9718741356415155,0.9111395651842645,0.9625226914203115,0.9580630624338958,0.9602812610637083,3.0036033547173704e-05,0.0001029295330214725,9.80767619797468e-05,2.9813633272913432e-05,6.151503030794002e-05,0.9718741356415155,0.9111395651842645,0.9625226914203115,0.9580630624338958,0.9602812610637083
biunet,25%,12, 0.1%~0.5%,15119.0,0.9711851633605718,0.5590535956327617,0.6760849540675884,0.9750249022161542,0.7846424506051126,0.0001027741979276464,0.0012938852772180463,0.0007251899947066751,0.0004533212893250521,0.0007027542369340797,0.9549351881902196,0.8599592489386779,0.9400242849804191,0.9324343481995644,0.9361935765688919
biunet,25%,12, 0.5%~1%,16179.0,0.9750850803604374,0.7446312808697422,0.7628930370236015,0.9650339049278308,0.8434008783270044,9.587622577278544e-05,0.0004973354946423198,0.0004988100854151641,0.00016898367644419552,0.0004508482114682573,0.9549351881902196,0.8599592489386779,0.9400242849804191,0.9324343481995644,0.9361935765688919
biunet,25%,12, 1%~10%,150995.0,0.9661263618000596,0.8261783017493679,0.8784295080381477,0.9101327332943754,0.8937629860296571,4.407519316313761e-05,5.664999178114147e-05,0.00022098627770487098,0.00015682813434270644,0.00019235433192989467,0.9549351881902196,0.8599592489386779,0.9400242849804191,0.9324343481995644,0.9361935765688919
biunet,25%,12, 10%~20%,80598.0,0.9487241017334815,0.8502847496182859,0.939665201506006,0.9193650964511607,0.9292259726725652,2.7710966242468666e-05,0.0003742737921152278,6.317421746451765e-05,0.00011200057551068402,4.534235457687582e-05,0.9549351881902196,0.8599592489386779,0.9400242849804191,0.9324343481995644,0.9361935765688919
biunet,25%,12, 20%~30%,55885.0,0.9430692357953698,0.8457171870150509,0.947295044753781,0.932664943859001,0.9396941287488509,5.406897786216872e-05,0.00027150582770984734,7.371225388988118e-05,3.375509227499981e-05,4.2417185624012896e-05,0.9549351881902196,0.8599592489386779,0.9400242849804191,0.9324343481995644,0.9361935765688919
biunet,25%,12, 30%~40%,48039.0,0.9424189436991535,0.834966269811682,0.9479988698603821,0.9391621949461123,0.9432599104791898,7.885464889945205e-05,0.00022771609352696115,5.1479182566496995e-05,0.0001033115617440083,7.950433802776222e-05,0.9549351881902196,0.8599592489386779,0.9400242849804191,0.9324343481995644,0.9361935765688919
biunet,25%,12, 40%~50%,42711.0,0.9433105019429385,0.8276990156385216,0.9474859984942129,0.9423703015166162,0.9445136545152429,8.199849164771064e-05,0.00021054015814078297,8.219320472079387e-05,7.297571929636356e-05,7.763192268966621e-05,0.9549351881902196,0.8599592489386779,0.9400242849804191,0.9324343481995644,0.9361935765688919
biunet,25%,12, Overall,409526.0,0.9549351881902196,0.8599592489386779,0.9400242849804191,0.9324343481995644,0.9361935765688919,2.2627708512841812e-05,9.269775335512462e-05,5.3600999351343494e-05,1.3393734744412148e-05,3.1474695656277955e-05,0.9549351881902196,0.8599592489386779,0.9400242849804191,0.9324343481995644,0.9361935765688919
biunet,5%,13, 0.1%~0.5%,11604.0,0.9951427407477045,0.9408292926620633,0.9294883605800764,0.9981319082472323,0.9617333474012688,9.731956260227365e-05,0.0016593858574223967,0.0011705546243686647,7.33305423273499e-05,0.0006812402067997114,0.9925511542053136,0.9761632608376466,0.9897646938260869,0.9898673452534738,0.989815872202057
biunet,5%,13, 0.5%~1%,11916.0,0.995881524204787,0.9625577770713049,0.9476205782934635,0.9981164209570651,0.9716816603528712,5.892056132359538e-05,0.00026183770383998614,0.0007619881168798782,7.568341358732262e-05,0.00044507540220696724,0.9925511542053136,0.9761632608376466,0.9897646938260869,0.9898673452534738,0.989815872202057
biunet,5%,13, 1%~10%,115086.0,0.9954677503358491,0.9772818659715066,0.9779150659775114,0.9960500321785712,0.9868143761950873,3.2278493302825934e-05,0.00019560544609219704,0.0001552012465859886,4.2177175947460146e-05,0.00010072585446502769,0.9925511542053136,0.9761632608376466,0.9897646938260869,0.9898673452534738,0.989815872202057
biunet,5%,13, 10%~20%,58607.0,0.9914417090522334,0.9745512739987099,0.9897208986184592,0.9874149977670257,0.9885643141145571,3.0268413687715718e-05,0.0002517311089607378,0.00011278941168933828,2.1345351876497493e-05,4.929385445993088e-05,0.9925511542053136,0.9761632608376466,0.9897646938260869,0.9898673452534738,0.989815872202057
biunet,5%,13, 20%~30%,41245.0,0.9888880929552526,0.9687184912401006,0.9900826038321454,0.9864197102949839,0.9882338018350024,6.341965210557002e-05,0.0002213684559197249,7.510825436114096e-05,8.078059788851537e-05,7.489309525017159e-05,0.9925511542053136,0.9761632608376466,0.9897646938260869,0.9898673452534738,0.989815872202057
biunet,5%,13, 30%~40%,38544.0,0.9899960847579153,0.9694029238945391,0.9909319868504461,0.9894485951359561,0.9901798283873867,9.428235602350761e-05,0.00026583571613395576,9.26498501262083e-05,9.732062783240925e-05,9.474504515479355e-05,0.9925511542053136,0.9761632608376466,0.9897646938260869,0.9898673452534738,0.989815872202057
biunet,5%,13, 40%~50%,36148.0,0.9900384278773124,0.9676908351517558,0.9906374529945912,0.9898943280066127,0.9902545260448257,6.228220065045725e-05,0.00011199796635039434,5.9324132559360546e-05,6.990105985310558e-05,6.468821110472687e-05,0.9925511542053136,0.9761632608376466,0.9897646938260869,0.9898673452534738,0.989815872202057
biunet,5%,13, Overall,313150.0,0.9925511542053136,0.9761632608376466,0.9897646938260869,0.9898673452534738,0.989815872202057,2.3638533672519245e-05,6.443515779403844e-05,4.9441880928375924e-05,3.8832857889198343e-05,4.000761311890595e-05,0.9925511542053136,0.9761632608376466,0.9897646938260869,0.9898673452534738,0.989815872202057
biunet,15%,13, 0.1%~0.5%,11604.0,0.9828063468187563,0.8160096363394956,0.80482526325695,0.9906653139906946,0.881042921129867,0.00016845239805365902,0.002270549532509334,0.0012901067354304941,0.0001819159532623481,0.0008992268422476309,0.9717068497525148,0.9129786893753199,0.9631587473191862,0.9590678975260345,0.9611028468374666
biunet,15%,13, 0.5%~1%,11916.0,0.9853183140569849,0.8772456240333054,0.8477786107969824,0.9886219586891438,0.9081211240228849,0.00014879717841384912,0.001267764120013661,0.0010708890243969003,0.0005790399081745589,0.0008910003222869842,0.9717068497525148,0.9129786893753199,0.9631587473191862,0.9590678975260345,0.9611028468374666
biunet,15%,13, 1%~10%,115086.0,0.9791503745025459,0.9060118756729644,0.9250020222746299,0.9503208814929746,0.9373145174047459,1.7265738818498322e-05,7.89808026239201e-05,0.00012387851178696812,9.105653237589274e-05,0.00010757306599275844,0.9717068497525148,0.9129786893753199,0.9631587473191862,0.9590678975260345,0.9611028468374666
biunet,15%,13, 10%~20%,58607.0,0.9681040531408235,0.9077243639890712,0.9628058074573177,0.9512790068580951,0.9569447637484124,4.7135897309910635e-05,0.0004123148996443363,9.077631507480252e-05,6.198032778200351e-05,7.60658933078722e-05,0.9717068497525148,0.9129786893753199,0.9631587473191862,0.9590678975260345,0.9611028468374666
biunet,15%,13, 20%~30%,41245.0,0.9625712207540308,0.8961839947131921,0.9651294959287678,0.9558117606528379,0.9603557782182652,3.8583974527303106e-05,0.00029999916217333066,2.1047286409954117e-05,9.657458960289201e-05,6.066931596584334e-05,0.9717068497525148,0.9129786893753199,0.9631587473191862,0.9590678975260345,0.9611028468374666
biunet,15%,13, 30%~40%,38544.0,0.9643589144873391,0.8932316393934453,0.967863479821621,0.9623965751258935,0.9650000960521385,6.150705681361778e-05,0.0001720838135362592,9.202343153147506e-05,4.163366381747112e-05,6.06140439908841e-05,0.9717068497525148,0.9129786893753199,0.9631587473191862,0.9590678975260345,0.9611028468374666
biunet,15%,13, 40%~50%,36148.0,0.9640585337719343,0.8875138379575697,0.9665996092382155,0.96340241117897,0.9648330189998121,0.0001645555605716083,0.0006395592560269204,0.00014659329002410948,0.00015797057262369809,0.00015320623220723122,0.9717068497525148,0.9129786893753199,0.9631587473191862,0.9590678975260345,0.9611028468374666
biunet,15%,13, Overall,313150.0,0.9717068497525148,0.9129786893753199,0.9631587473191862,0.9590678975260345,0.9611028468374666,2.9441572712975197e-05,0.0001908941261160549,3.1289675475133595e-05,3.8092497048268694e-05,3.44193727945586e-05,0.9717068497525148,0.9129786893753199,0.9631587473191862,0.9590678975260345,0.9611028468374666
biunet,25%,13, 0.1%~0.5%,11604.0,0.972732103872228,0.731801633493582,0.7359169544744671,0.9780552049401477,0.827059152883661,0.00011653642215077294,0.0008362276947216435,0.00067162739988068,0.0002538842404413394,0.0005511772945643349,0.954689300799791,0.8627759004918382,0.9410157971729101,0.9342218550611884,0.9375879952532928
biunet,25%,13, 0.5%~1%,11916.0,0.9758962993479611,0.8111681783343526,0.784703847788036,0.9667157431942203,0.857772884888508,8.682536851937907e-05,0.001965075651822973,0.0003707390948811154,0.0006102916841764138,0.00013595218080087284,0.954689300799791,0.8627759004918382,0.9410157971729101,0.9342218550611884,0.9375879952532928
biunet,25%,13, 1%~10%,115086.0,0.965968400969183,0.850640488001333,0.8831464165861602,0.9139727586586712,0.8980164876054846,1.3547718669402988e-05,0.0002947537871507856,6.11204601898315e-05,8.498443375171002e-05,6.705133034905203e-05,0.954689300799791,0.8627759004918382,0.9410157971729101,0.9342218550611884,0.9375879952532928
biunet,25%,13, 10%~20%,58607.0,0.9491899302544788,0.8550355056413191,0.9400262916735528,0.9227298931218417,0.9311441353801554,5.126230619173588e-05,0.0001363089697760028,0.00015942467527919378,5.7557744838903105e-05,8.143594893418807e-05,0.954689300799791,0.8627759004918382,0.9410157971729101,0.9342218550611884,0.9375879952532928
biunet,25%,13, 20%~30%,41245.0,0.9408530694262298,0.8381295459378743,0.944327363254062,0.9306054697794641,0.937211235915966,7.599501016664314e-05,0.0002320650396712761,7.80064644374365e-05,5.0135874745355164e-05,6.29620370865299e-05,0.954689300799791,0.8627759004918382,0.9410157971729101,0.9342218550611884,0.9375879952532928
biunet,25%,13, 30%~40%,38544.0,0.9432655477565192,0.8338199975028676,0.948775693093288,0.9402780922190578,0.9442262202370779,0.00011388392351347329,0.0005603052886525748,0.00014553117899632315,8.51833420417151e-05,0.00011092139674770331,0.954689300799791,0.8627759004918382,0.9410157971729101,0.9342218550611884,0.9375879952532928
biunet,25%,13, 40%~50%,36148.0,0.9428810764500152,0.8249709538680561,0.9471755915079959,0.9418933511659847,0.9441415360398272,7.053629832089792e-05,0.000345394670012146,0.0001186781013556183,7.435042623586246e-05,8.183021394589774e-05,0.954689300799791,0.8627759004918382,0.9410157971729101,0.9342218550611884,0.9375879952532928
biunet,25%,13, Overall,313150.0,0.954689300799791,0.8627759004918382,0.9410157971729101,0.9342218550611884,0.9375879952532928,2.755826907914538e-05,0.00014874177700790109,5.600708223731767e-05,2.972375938808796e-05,4.048702834182653e-05,0.954689300799791,0.8627759004918382,0.9410157971729101,0.9342218550611884,0.9375879952532928
biunet,5%,14, 0.1%~0.5%,10844.0,0.9947184869722677,0.9039810136819227,0.9132736218372819,0.9976751598227969,0.9526251783925027,3.881547227087685e-05,0.0006876272809392131,0.0005887943392069184,0.00022936119566119618,0.0004177906846840869,0.9925095398588185,0.9748346374714457,0.9894351018049997,0.9894893962408063,0.9894620164647057
biunet,5%,14, 0.5%~1%,11629.0,0.9958502385624238,0.9318131845961886,0.9382702542041917,0.9979243115540758,0.966663149211684,0.00013287264595869566,0.0029050112848405607,0.00174462948811551,1.3007264151131091e-05,0.0009467801520423503,0.9925095398588185,0.9748346374714457,0.9894351018049997,0.9894893962408063,0.9894620164647057
biunet,5%,14, 1%~10%,104263.0,0.9955844471396489,0.97256998608546,0.9762284474134386,0.9963946266454338,0.9861221748858693,3.8585784653097404e-05,0.0001963633182109316,0.00022815897546643615,1.2326225582848273e-05,0.00011992875305050548,0.9925095398588185,0.9748346374714457,0.9894351018049997,0.9894893962408063,0.9894620164647057
biunet,5%,14, 10%~20%,52152.0,0.9912316329424016,0.9734030036304443,0.9894498815538665,0.9870036059076183,0.9882230729853544,5.839790639607718e-05,0.00023276262969669604,7.913363381246885e-05,8.422419257855603e-05,7.996874645985076e-05,0.9925095398588185,0.9748346374714457,0.9894351018049997,0.9894893962408063,0.9894620164647057
biunet,5%,14, 20%~30%,38399.0,0.9891008840981496,0.9691072283107486,0.9904033902199343,0.9865395230054808,0.9884528343426083,6.0710358725491105e-05,0.00010724092475176894,6.543687834305949e-05,5.757089750603127e-05,6.123219281704357e-05,0.9925095398588185,0.9748346374714457,0.9894351018049997,0.9894893962408063,0.9894620164647057
biunet,5%,14, 30%~40%,34585.0,0.989611234507866,0.9681373208139243,0.9907015355216054,0.9889339451657221,0.9898046154699411,4.6359993230048095e-05,0.0004436913903172732,2.3191563930278622e-05,3.6440690456114934e-05,2.978880737508204e-05,0.9925095398588185,0.9748346374714457,0.9894351018049997,0.9894893962408063,0.9894620164647057
biunet,5%,14, 40%~50%,29674.0,0.9896238621300966,0.9662615687698026,0.9903415216602861,0.9894313174602827,0.9898685259407207,3.150751745335836e-05,0.0001291963187278984,1.8844953889586942e-05,3.8913369257087335e-05,2.8885348477919978e-05,0.9925095398588185,0.9748346374714457,0.9894351018049997,0.9894893962408063,0.9894620164647057
biunet,5%,14, Overall,281546.0,0.9925095398588185,0.9748346374714457,0.9894351018049997,0.9894893962408063,0.9894620164647057,3.855693362062372e-05,0.00016322364617031134,5.956396869075676e-05,3.550821766698635e-05,4.723109616167867e-05,0.9925095398588185,0.9748346374714457,0.9894351018049997,0.9894893962408063,0.9894620164647057
biunet,15%,14, 0.1%~0.5%,10844.0,0.9816285782949375,0.7240183213852043,0.7682770767997041,0.9912765374752724,0.8578266898699504,0.00022589729990009862,0.001792206360476106,0.001816643607030612,0.00018963009649035405,0.0014303134480690568,0.9713251820198819,0.9075599506165105,0.961820331442719,0.9572671664934064,0.9595316702230438
biunet,15%,14, 0.5%~1%,11629.0,0.985299942411474,0.7920826151075642,0.8227003935565232,0.9889236656413498,0.893647276718077,0.0001111468966821649,0.0010891898117914073,0.0010534804786263936,0.00013206672088900506,0.0006745852663859246,0.9713251820198819,0.9075599506165105,0.961820331442719,0.9572671664934064,0.9595316702230438
biunet,15%,14, 1%~10%,104263.0,0.9790536257523588,0.8835856337736298,0.9187349428403366,0.9476264776013689,0.9327885109915154,3.2479054279693775e-05,0.00021002882049202693,0.00019203191198823868,4.398321761166228e-05,0.00012204277828973756,0.9713251820198819,0.9075599506165105,0.961820331442719,0.9572671664934064,0.9595316702230438
biunet,15%,14, 10%~20%,52152.0,0.966717334411766,0.9024166755260983,0.9615816684724313,0.9484069082667442,0.9548786613879262,5.921976652265146e-05,0.000301653829445292,2.919077292133764e-05,8.512647083690913e-05,5.608979465828521e-05,0.9713251820198819,0.9075599506165105,0.961820331442719,0.9572671664934064,0.9595316702230438
biunet,15%,14, 20%~30%,38399.0,0.9639347063173206,0.8988114603798989,0.9666113944865802,0.9572625449913518,0.9618251984169639,0.0001363699790872732,0.0005347246249203018,0.0002168086096819248,5.55751159428513e-05,0.00013220717852050886,0.9713251820198819,0.9075599506165105,0.961820331442719,0.9572671664934064,0.9595316702230438
biunet,15%,14, 30%~40%,34585.0,0.9628210688641511,0.8893354481854076,0.9668522127693938,0.9604126070921204,0.9634716499646103,0.0001056883160970833,0.0002701107292831976,0.00014883139615087186,0.00010731516271437745,0.0001217981028936062,0.9713251820198819,0.9075599506165105,0.961820331442719,0.9572671664934064,0.9595316702230438
biunet,15%,14, 40%~50%,29674.0,0.9625018636864023,0.8819616591773028,0.9655612681862831,0.9617411003292499,0.9634151329588668,6.672700856454529e-05,0.0001470893983313575,6.318515464495106e-05,6.43198808387921e-05,6.506956661813866e-05,0.9713251820198819,0.9075599506165105,0.961820331442719,0.9572671664934064,0.9595316702230438
biunet,15%,14, Overall,281546.0,0.9713251820198819,0.9075599506165105,0.961820331442719,0.9572671664934064,0.9595316702230438,1.9234701789464448e-05,3.7561477159395487e-05,7.039405121040124e-05,1.6633183338223622e-05,4.237019609758898e-05,0.9713251820198819,0.9075599506165105,0.961820331442719,0.9572671664934064,0.9595316702230438
biunet,25%,14, 0.1%~0.5%,10844.0,0.9706862054704178,0.6180094758852055,0.6893374132435891,0.9755723327739595,0.7935998477851222,0.00015418782511959368,0.002038564383389957,0.0009761988639419477,0.0003642633006423754,0.0007371072066742008,0.9540802471806641,0.8545966994193831,0.9389017829520597,0.9311642686275367,0.9349958559378583
biunet,25%,14, 0.5%~1%,11629.0,0.9761932681358254,0.6934987828773672,0.7528214074158655,0.963937692848814,0.8375808581623351,0.00015128746117617508,0.0010961045463394822,0.0008862376461339694,0.00037936840088781225,0.0008008257739507571,0.9540802471806641,0.8545966994193831,0.9389017829520597,0.9311642686275367,0.9349958559378583
biunet,25%,14, 1%~10%,104263.0,0.9657143982336045,0.8153365445130216,0.8736380258498269,0.9084316788874492,0.8904420646198679,1.208234612846314e-05,0.0004333558093488058,2.635307396598425e-05,5.788256283267413e-06,1.7432925000174366e-05,0.9540802471806641,0.8545966994193831,0.9389017829520597,0.9311642686275367,0.9349958559378583
biunet,25%,14, 10%~20%,52152.0,0.9473385198045805,0.8478249448565117,0.9383287886413209,0.9187467940639816,0.9282670933001208,8.177211985301495e-05,0.0005117087868464467,0.00018173898896915627,0.00013912229698419032,9.477995893724139e-05,0.9540802471806641,0.8545966994193831,0.9389017829520597,0.9311642686275367,0.9349958559378583
biunet,25%,14, 20%~30%,38399.0,0.9429589785718852,0.842566112759623,0.9466743410333884,0.9327058883932358,0.9394354456878271,8.207829814697389e-05,0.0006657727279165392,5.3091127719011945e-05,9.32559201088363e-05,7.296190580322553e-05,0.9540802471806641,0.8545966994193831,0.9389017829520597,0.9311642686275367,0.9349958559378583
biunet,25%,14, 30%~40%,34585.0,0.9408909099670991,0.8287420607257516,0.9472560794343021,0.9371061124486374,0.9417996135432775,9.846690424757516e-05,0.00014943903393859067,9.693453727541276e-05,0.00011484915330287854,0.00010344611005926953,0.9540802471806641,0.8545966994193831,0.9389017829520597,0.9311642686275367,0.9349958559378583
biunet,25%,14, 40%~50%,29674.0,0.9400799291697047,0.8166639242620257,0.9452641291374068,0.9389052274330254,0.9415412825702022,0.00017747043831465017,0.0005298773218000689,0.00016519048312322728,0.00018907618583999518,0.00017918977933723177,0.9540802471806641,0.8545966994193831,0.9389017829520597,0.9311642686275367,0.9349958559378583
biunet,25%,14, Overall,281546.0,0.9540802471806641,0.8545966994193831,0.9389017829520597,0.9311642686275367,0.9349958559378583,6.0404850086429566e-05,0.0002904233817988257,0.00010532360033904759,5.343384465338536e-05,7.881746572110143e-05,0.9540802471806641,0.8545966994193831,0.9389017829520597,0.9311642686275367,0.9349958559378583
biunet,5%,15, 0.1%~0.5%,9720.0,0.994569148272852,0.8874064559760629,0.9114874037543159,0.9971932097600602,0.9515658180234935,0.0001342038048800638,0.000614385330778736,0.001858245906106928,7.157712237465136e-05,0.00109500493003221,0.9917466069299632,0.9717812225798751,0.9884960929677061,0.988113314018972,0.9883042721968772
biunet,5%,15, 0.5%~1%,10467.0,0.9954952216345166,0.943764211948516,0.939059231311429,0.9976090443134585,0.9668426887237705,7.13680757796619e-05,0.0010473724592417774,0.0009309074231350938,5.6311462472885125e-05,0.0005082793378297764,0.9917466069299632,0.9717812225798751,0.9884960929677061,0.988113314018972,0.9883042721968772
biunet,5%,15, 1%~10%,92630.0,0.9951049139783891,0.9700719344274401,0.975138905350294,0.9955458405342075,0.9851428803015926,1.2049924094616596e-05,8.520566063484333e-05,3.381115245660872e-05,7.524301667375385e-05,4.899501208874205e-05,0.9917466069299632,0.9717812225798751,0.9884960929677061,0.988113314018972,0.9883042721968772
biunet,5%,15, 10%~20%,47062.0,0.9903042150715433,0.9692398596450388,0.988450343466421,0.9850410015201859,0.9867389131752594,5.5290521000601196e-05,0.00017227636706287395,8.714977251001584e-05,7.049754567111458e-05,7.730512011089064e-05,0.9917466069299632,0.9717812225798751,0.9884960929677061,0.988113314018972,0.9883042721968772
biunet,5%,15, 20%~30%,32185.0,0.9876222219083801,0.9647168865607235,0.9893761633236883,0.9844160984244762,0.9868658342780704,4.115881762048315e-05,0.0002887251275451241,4.255230423011994e-05,5.716789467873044e-05,4.73666865926448e-05,0.9917466069299632,0.9717812225798751,0.9884960929677061,0.988113314018972,0.9883042721968772
biunet,5%,15, 30%~40%,30542.0,0.9885036601361662,0.9647911622834014,0.9898295966745206,0.9875872740372754,0.9886905735125099,3.671469068139618e-05,0.00019784622906662898,3.0136949081155633e-05,4.090219998340466e-05,2.6631449429501837e-05,0.9917466069299632,0.9717812225798751,0.9884960929677061,0.988113314018972,0.9883042721968772
biunet,5%,15, 40%~50%,26690.0,0.988821145134371,0.9638836261184908,0.9896721594403436,0.9885593872043716,0.9890970900918074,3.20541064491001e-05,0.00023684341682348283,4.9956309963921345e-05,1.3578252003070585e-05,2.9669835191448573e-05,0.9917466069299632,0.9717812225798751,0.9884960929677061,0.988113314018972,0.9883042721968772
biunet,5%,15, Overall,249296.0,0.9917466069299632,0.9717812225798751,0.9884960929677061,0.988113314018972,0.9883042721968772,1.8430231485464428e-05,0.00013104616823869793,2.15740576346387e-05,1.8739666706852132e-05,2.0153114238865626e-05,0.9917466069299632,0.9717812225798751,0.9884960929677061,0.988113314018972,0.9883042721968772
biunet,15%,15, 0.1%~0.5%,9720.0,0.9809647399925178,0.6884196714085798,0.7611483565596497,0.9881414131783028,0.8526991610883217,6.888757885648284e-05,0.002224090983136153,0.0007972150805300668,2.795096717374099e-05,0.0005228721387192617,0.9688417735859333,0.8974382501071737,0.9586389555730329,0.9527122255696808,0.9556552914739602
biunet,15%,15, 0.5%~1%,10467.0,0.9841276045059364,0.8229371365480783,0.8264984294065704,0.9886168324935962,0.8951593305105217,0.0003376883683473243,0.003861999451929073,0.0027325706550187464,0.0003776303329870286,0.0018698873037298156,0.9688417735859333,0.8974382501071737,0.9586389555730329,0.9527122255696808,0.9556552914739602
biunet,15%,15, 1%~10%,92630.0,0.9776378979256016,0.8765896809175477,0.9154702830056126,0.9472331029435251,0.9308460416100708,4.280825202438145e-05,0.0006203872849918622,0.00016057716771146062,0.00013882837455997081,0.00014642551267968968,0.9688417735859333,0.8974382501071737,0.9586389555730329,0.9527122255696808,0.9556552914739602
biunet,15%,15, 10%~20%,47062.0,0.9641032847707023,0.8897381007354341,0.9583047111252574,0.9429260639827657,0.950466823599419,5.0707571100422217e-05,0.00020843938483847425,9.882373597829846e-05,5.4595225848288186e-05,6.401363465418074e-05,0.9688417735859333,0.8974382501071737,0.9586389555730329,0.9527122255696808,0.9556552914739602
biunet,15%,15, 20%~30%,32185.0,0.959102207408872,0.8849150228745954,0.9631954407757973,0.9503908566225009,0.9565886235178764,8.838666180991059e-05,0.0003007570416323308,9.041349767541275e-05,0.00011159638033780812,0.00010168342114137614,0.9688417735859333,0.8974382501071737,0.9586389555730329,0.9527122255696808,0.9556552914739602
biunet,15%,15, 30%~40%,30542.0,0.9589787436277516,0.8780413625119455,0.9638892656854322,0.9557010499966913,0.9595756552478987,0.00012718849862876296,0.00011103151349074626,0.00013314365955694992,0.00015021583696000636,0.00014235432633330903,0.9688417735859333,0.8974382501071737,0.9586389555730329,0.9527122255696808,0.9556552914739602
biunet,15%,15, 40%~50%,26690.0,0.9592910180864472,0.8733131470015746,0.963031899521824,0.9581286316195502,0.9602986574781873,1.9842603967673346e-05,0.0005456431602253743,2.803790064448237e-05,1.925270802686542e-05,3.419181950124078e-06,0.9688417735859333,0.8974382501071737,0.9586389555730329,0.9527122255696808,0.9556552914739602
biunet,15%,15, Overall,249296.0,0.9688417735859333,0.8974382501071737,0.9586389555730329,0.9527122255696808,0.9556552914739602,2.633561405444637e-05,0.0003068455370852088,3.6914439997511407e-05,6.419524554257647e-06,1.9718550057514995e-05,0.9688417735859333,0.8974382501071737,0.9586389555730329,0.9527122255696808,0.9556552914739602
biunet,25%,15, 0.1%~0.5%,9720.0,0.9697226898615788,0.5740828211627028,0.6801296018830313,0.9723666782938833,0.7868218396278265,0.0002291790706306435,0.002607145290939763,0.0013872698306116212,0.00022867778338454042,0.001163335457669742,0.9502538542475003,0.8392904936170907,0.9339051441626177,0.9241749379971056,0.9289828060419033
biunet,25%,15, 0.5%~1%,10467.0,0.974647593736158,0.7414273187184942,0.760616717117098,0.9672109948408817,0.8425733749521488,0.0001413364996509813,0.0007053994029183789,0.00107309727026452,0.00048429617123436794,0.0007166336657522675,0.9502538542475003,0.8392904936170907,0.9339051441626177,0.9241749379971056,0.9289828060419033
biunet,25%,15, 1%~10%,92630.0,0.9634596259474808,0.8053052703584312,0.8692879455423089,0.907324364679097,0.8875412401757434,6.176007479759174e-05,0.0003882692413427829,0.00019035758893662947,0.0001320816348302405,0.00016201194993841628,0.9502538542475003,0.8392904936170907,0.9339051441626177,0.9241749379971056,0.9289828060419033
biunet,25%,15, 10%~20%,47062.0,0.9431129213172049,0.8275776503376142,0.932824991494804,0.9101089339742808,0.9211235829653289,6.792625236269056e-05,0.00041555254178944867,0.00018016412660102222,0.00010270158732469329,0.00013723932763273184,0.9502538542475003,0.8392904936170907,0.9339051441626177,0.9241749379971056,0.9289828060419033
biunet,25%,15, 20%~30%,32185.0,0.9355520405233005,0.8219406501766539,0.941323984999579,0.9221763172965898,0.9312858594542065,0.00011610948698210724,0.0005851255480571293,0.00015378432693374095,0.0001461630208062481,0.0001463495956701481,0.9502538542475003,0.8392904936170907,0.9339051441626177,0.9241749379971056,0.9289828060419033
biunet,25%,15, 30%~40%,30542.0,0.9350727661660149,0.8120993326449288,0.942700403420568,0.9300472762113321,0.9358699386001602,0.00014670220320347544,0.00017940237006473951,0.00020307867202078923,0.0001542538128734782,0.00017444611414680933,0.9502538542475003,0.8392904936170907,0.9339051441626177,0.9241749379971056,0.9289828060419033
biunet,25%,15, 40%~50%,26690.0,0.9354576109540514,0.8046900812917636,0.9416503644832893,0.9337132802502636,0.9370509407045997,9.812539888290286e-05,0.0002674353354866861,0.00013853042187028362,9.870868711662192e-05,0.00011089629264048227,0.9502538542475003,0.8392904936170907,0.9339051441626177,0.9241749379971056,0.9289828060419033
biunet,25%,15, Overall,249296.0,0.9502538542475003,0.8392904936170907,0.9339051441626177,0.9241749379971056,0.9289828060419033,1.3181685588397144e-05,0.00011801330238426262,4.932413583866272e-05,1.891943590160749e-05,2.66542121734514e-05,0.9502538542475003,0.8392904936170907,0.9339051441626177,0.9241749379971056,0.9289828060419033
biunet,5%,16, 0.1%~0.5%,10055.0,0.9950258427135603,0.8952534320073083,0.9162802635293034,0.9979544085043243,0.9545971404367294,9.550473533432255e-05,0.00225761497377098,0.0014597481554588934,0.00012069899749582467,0.0007982461426091989,0.9924349721807203,0.9745815458811541,0.9892977262714332,0.9892602616660503,0.9892787461666311
biunet,5%,16, 0.5%~1%,10323.0,0.9957119876474715,0.9323626128422641,0.937250127303702,0.9980616032848229,0.9661675974554779,2.0456467999841356e-05,0.0007606321701692138,0.0002080264686662409,8.858768523771759e-05,0.00013122458249300274,0.9924349721807203,0.9745815458811541,0.9892977262714332,0.9892602616660503,0.9892787461666311
biunet,5%,16, 1%~10%,94391.0,0.9955929606796744,0.9714488238122915,0.9757477775239433,0.9963039744043489,0.9858325145704528,1.9658946881829042e-05,0.0001172452958090206,0.00011542929250139543,5.908037856461019e-06,6.084287314221074e-05,0.9924349721807203,0.9745815458811541,0.9892977262714332,0.9892602616660503,0.9892787461666311
biunet,5%,16, 10%~20%,51188.0,0.9916894288670877,0.9733922480731362,0.9896304298698073,0.987347715697329,0.9884860318160046,5.9416456408226833e-05,9.904032743063648e-05,0.0001017417341324362,8.449507942148006e-05,9.171590817639707e-05,0.9924349721807203,0.9745815458811541,0.9892977262714332,0.9892602616660503,0.9892787461666311
biunet,5%,16, 20%~30%,36015.0,0.9890037400241481,0.9695259655618272,0.9902803015440796,0.9863444100907529,0.9882929626079996,1.4587136208032954e-05,0.0001612871898583026,2.9433108303658353e-05,2.5583851965370697e-05,2.5322489851681844e-05,0.9924349721807203,0.9745815458811541,0.9892977262714332,0.9892602616660503,0.9892787461666311
biunet,5%,16, 30%~40%,30726.0,0.989090277901057,0.9670878120532643,0.9902071063055685,0.988358949561709,0.989267375150944,1.5800920718589757e-05,0.0002164136105081126,1.07201117223759e-05,6.511966110354559e-06,8.338098039773957e-06,0.9924349721807203,0.9745815458811541,0.9892977262714332,0.9892602616660503,0.9892787461666311
biunet,5%,16, 40%~50%,29247.0,0.9892395076003652,0.9652480106112317,0.9899511684800156,0.9890559377590128,0.9894887685263883,5.7715338750965544e-05,0.00046794495153152895,3.55854292639609e-05,6.20594297014927e-05,4.826261715965187e-05,0.9924349721807203,0.9745815458811541,0.9892977262714332,0.9892602616660503,0.9892787461666311
biunet,5%,16, Overall,261945.0,0.9924349721807203,0.9745815458811541,0.9892977262714332,0.9892602616660503,0.9892787461666311,2.039982609169617e-05,1.9682027324006714e-05,4.547829759198605e-05,2.167963659719625e-05,3.354890129812329e-05,0.9924349721807203,0.9745815458811541,0.9892977262714332,0.9892602616660503,0.9892787461666311
biunet,15%,16, 0.1%~0.5%,10055.0,0.9829430556183416,0.7126941379984885,0.775035740158541,0.991758224645879,0.8635604663206696,0.00019219602812142977,0.0028167276087591587,0.0018386509501617317,0.00019578493299537595,0.001318907647383362,0.9711534979873754,0.9067141783577496,0.9615110024428564,0.9565018543275197,0.9589918738292491
biunet,15%,16, 0.5%~1%,10323.0,0.9850356221323963,0.7956827762934174,0.8224816406258673,0.9885142040254776,0.8933596204470732,0.00010473303120367921,0.0014490527983643143,0.0009345957675645017,0.0003223336852376805,0.0006587999867591738,0.9711534979873754,0.9067141783577496,0.9615110024428564,0.9565018543275197,0.9589918738292491
biunet,15%,16, 1%~10%,94391.0,0.9794248007080798,0.8800372778139199,0.917749425738099,0.9486106352937812,0.9327370495287193,6.182369824067156e-05,0.00046890572863431807,0.0003082596121148345,0.0001793090735753172,0.00016876763550148618,0.9711534979873754,0.9067141783577496,0.9615110024428564,0.9565018543275197,0.9589918738292491
biunet,15%,16, 10%~20%,51188.0,0.9680778638932894,0.9011751242709858,0.9622729178910333,0.9488169590346779,0.9554295044598136,5.597227961496222e-05,6.432202695882105e-05,8.406168994495908e-05,0.00012536633947139473,0.00010081243064183782,0.9711534979873754,0.9067141783577496,0.9615110024428564,0.9565018543275197,0.9589918738292491
biunet,15%,16, 20%~30%,36015.0,0.9635589548125992,0.8991691415425555,0.9662571698306298,0.9565144226376511,0.9612651952840343,2.0827843271600398e-05,0.0003461322667645332,5.233399035391582e-05,2.7621024180338493e-05,1.6600303728234505e-05,0.9711534979873754,0.9067141783577496,0.9615110024428564,0.9565018543275197,0.9589918738292491
biunet,15%,16, 30%~40%,30726.0,0.9610033157191915,0.8859771162759351,0.9651552016631987,0.9584188006991642,0.9616000354240709,0.0002005275897510599,0.0005149511278087417,0.00019369520462224219,0.00020991982902588088,0.00020108765743194788,0.9711534979873754,0.9067141783577496,0.9615110024428564,0.9565018543275197,0.9589918738292491
biunet,15%,16, 40%~50%,29247.0,0.9609043040933493,0.8783778366207396,0.963993390310869,0.9600501519962962,0.9617967730817627,0.00011161050838219818,0.0003189729392716251,8.24957811555881e-05,0.00012585333720485772,0.00010458913063438788,0.9711534979873754,0.9067141783577496,0.9615110024428564,0.9565018543275197,0.9589918738292491
biunet,15%,16, Overall,261945.0,0.9711534979873754,0.9067141783577496,0.9615110024428564,0.9565018543275197,0.9589918738292491,2.187100750900944e-05,5.360313607531838e-05,3.627563149413009e-05,6.446285245597887e-05,4.8783862363160804e-05,0.9711534979873754,0.9067141783577496,0.9615110024428564,0.9565018543275197,0.9589918738292491
biunet,25%,16, 0.1%~0.5%,10055.0,0.9725396681885993,0.6016598021990792,0.6947621279923126,0.977272901576697,0.7995924864190694,0.00017461423910149944,0.0025838882503605443,0.0010818078149693348,0.00026288976993903764,0.0008888569058037673,0.9538553663532191,0.8534045174271211,0.9383880564275812,0.9300708125624988,0.934186943618891
biunet,25%,16, 0.5%~1%,10323.0,0.975920935598355,0.7012310374839892,0.7525968957505462,0.9682240354553207,0.8387429426474688,0.0001660578317888964,0.002897217121034461,0.001123417443834849,0.0004223996351483291,0.0006773339624745704,0.9538553663532191,0.8534045174271211,0.9383880564275812,0.9300708125624988,0.934186943618891
biunet,25%,16, 1%~10%,94391.0,0.9662247909485465,0.8094828232142638,0.8720001443514284,0.9097200894879816,0.8901776468656414,4.454414011423524e-05,0.000396051234695925,0.0001381304361424008,0.00017691264094847487,0.0001161866713864553,0.9538553663532191,0.8534045174271211,0.9383880564275812,0.9300708125624988,0.934186943618891
biunet,25%,16, 10%~20%,51188.0,0.949442903284624,0.845745269837966,0.9394843330175838,0.919091469774464,0.9290052555226748,7.552285468147414e-06,8.555826626819011e-05,0.00020120243986881101,0.00010674785767379777,4.297330125501755e-05,0.9538553663532191,0.8534045174271211,0.9383880564275812,0.9300708125624988,0.934186943618891
biunet,25%,16, 20%~30%,36015.0,0.9423398920483468,0.8434551427752117,0.9460883099530418,0.9314117665275203,0.938471091240288,0.00020381683866670163,0.000452044099975675,0.00025912152019115856,0.0002214514922669592,0.00023733980970006604,0.9538553663532191,0.8534045174271211,0.9383880564275812,0.9300708125624988,0.934186943618891
biunet,25%,16, 30%~40%,30726.0,0.9382314158969108,0.823827350122938,0.9447017013511925,0.9342440146223042,0.9390449963181339,0.00012586300089527518,0.0001829130757372432,0.0001279117034743062,0.00014350858579631934,0.00013535437052902924,0.9538553663532191,0.8534045174271211,0.9383880564275812,0.9300708125624988,0.934186943618891
biunet,25%,16, 40%~50%,29247.0,0.9380397471483737,0.8124788693530975,0.9431705840879583,0.936737314667257,0.9394434552703076,3.803992157023134e-05,8.431143212129545e-05,7.248311307844284e-05,2.647354194132511e-05,4.1022796312071995e-05,0.9538553663532191,0.8534045174271211,0.9383880564275812,0.9300708125624988,0.934186943618891
biunet,25%,16, Overall,261945.0,0.9538553663532191,0.8534045174271211,0.9383880564275812,0.9300708125624988,0.934186943618891,3.271069445368491e-05,5.426491752036548e-05,4.825882292332197e-05,6.11663333501792e-05,5.434253272505814e-05,0.9538553663532191,0.8534045174271211,0.9383880564275812,0.9300708125624988,0.934186943618891
biunet,5%,17, 0.1%~0.5%,8535.0,0.994486162148728,0.8778147868155807,0.9059929456893032,0.9966269158588474,0.9482226495752881,3.6251048013704465e-05,0.00029866848063726255,0.0002719239316201786,0.00016349359831438845,0.00023600986957544284,0.9923771060872663,0.974317694134145,0.9892209855413553,0.9892692811707846,0.989244811312943
biunet,5%,17, 0.5%~1%,8670.0,0.9953514382580125,0.9116710058139655,0.9297753416219176,0.9977222208337239,0.9619945362251224,0.00013545996671178928,0.002049646714407017,0.0018543851624341291,9.710819020016217e-05,0.0010660134402843697,0.9923771060872663,0.974317694134145,0.9892209855413553,0.9892692811707846,0.989244811312943
biunet,5%,17, 1%~10%,81847.0,0.9954519722867982,0.9688031504962525,0.9746803693147301,0.9961159002775313,0.9851908670650474,6.073790552830761e-05,0.00033840812523710964,0.000358851640231999,6.803057592455556e-05,0.00021000332394319483,0.9923771060872663,0.974317694134145,0.9892209855413553,0.9892692811707846,0.989244811312943
biunet,5%,17, 10%~20%,40198.0,0.9912393877578713,0.9726748990803961,0.9894899120370525,0.9866239109715002,0.9880519117789438,1.539047350712203e-05,0.00018985740240472156,5.0658765507427075e-05,3.843440012457145e-05,1.048786839865137e-05,0.9923771060872663,0.974317694134145,0.9892209855413553,0.9892692811707846,0.989244811312943
biunet,5%,17, 20%~30%,29448.0,0.9888766433693085,0.9689919673637415,0.9902356569796767,0.9862692908708687,0.9882322409773042,3.2417673114445e-05,0.00019337094062730185,2.8677888798437633e-05,7.108687899602525e-05,4.457603156700744e-05,0.9923771060872663,0.974317694134145,0.9892209855413553,0.9892692811707846,0.989244811312943
biunet,5%,17, 30%~40%,26977.0,0.9896508361219042,0.9687609953376889,0.9906474464050627,0.9890310568039046,0.9898264109402005,9.89114469117676e-05,0.00021522785885423544,9.692147863091962e-05,0.00010640215336508622,0.00010152572797712616,0.9923771060872663,0.974317694134145,0.9892209855413553,0.9892692811707846,0.989244811312943
biunet,5%,17, 40%~50%,24833.0,0.9894336592681537,0.9659583720099291,0.9901081587153303,0.9892668498394785,0.9896684933545129,8.761300447363985e-05,0.00031569845045458146,7.32009709346495e-05,8.466686372044048e-05,7.965783305539314e-05,0.9923771060872663,0.974317694134145,0.9892209855413553,0.9892692811707846,0.989244811312943
biunet,5%,17, Overall,220508.0,0.9923771060872663,0.974317694134145,0.9892209855413553,0.9892692811707846,0.989244811312943,2.3667695709107167e-05,0.0001218998067988799,4.1259146085666377e-05,2.98811117672168e-05,2.8087581537602403e-05,0.9923771060872663,0.974317694134145,0.9892209855413553,0.9892692811707846,0.989244811312943
biunet,15%,17, 0.1%~0.5%,8535.0,0.9808542365660116,0.6671608710788771,0.7503434133610263,0.9876278344484272,0.8450326518071222,0.00024064402106414794,0.003772065296702847,0.0023650568767235986,0.00017059876551323984,0.0017251050364715007,0.9711496758724071,0.9063690132953542,0.9613311013954324,0.9571089787192587,0.9592097639909136
biunet,15%,17, 0.5%~1%,8670.0,0.98361032470029,0.7433367459453274,0.8018604722608978,0.9879574893550701,0.8803749869556697,0.0001753837838427094,0.002449303731538155,0.0016694871204629674,0.00040412986448172414,0.0012332720377205657,0.9711496758724071,0.9063690132953542,0.9613311013954324,0.9571089787192587,0.9592097639909136
biunet,15%,17, 1%~10%,81847.0,0.9789960091834319,0.8701807940314681,0.9142909216063622,0.9484899822290336,0.9308649282090588,3.6908463213975735e-05,0.0001447595940113558,8.661009829258231e-05,0.00010194441005523706,8.916332230733555e-05,0.9711496758724071,0.9063690132953542,0.9613311013954324,0.9571089787192587,0.9592097639909136
biunet,15%,17, 10%~20%,40198.0,0.9670999763292913,0.9006059196392288,0.9616154953016925,0.9482468829739427,0.9548141743038,4.1243271761724545e-05,0.00018834287517649427,0.00013322056325466787,2.9920629724595218e-05,4.961234121997148e-05,0.9711496758724071,0.9063690132953542,0.9613311013954324,0.9571089787192587,0.9592097639909136
biunet,15%,17, 20%~30%,29448.0,0.9630270204078273,0.898241744015229,0.966075121239327,0.9560299122670962,0.9609212452403626,0.00010669605810868145,0.0005534659733995732,0.00014206723687284738,5.497767536867776e-05,8.398677118379467e-05,0.9711496758724071,0.9063690132953542,0.9613311013954324,0.9571089787192587,0.9592097639909136
biunet,15%,17, 30%~40%,26977.0,0.9633868806311998,0.8922534720527325,0.9670776726885348,0.9612247227821321,0.9639983627614338,0.00014687087879636086,0.0010381654397849049,0.0001710678606987733,0.00011921388064488861,0.000143149212886686,0.9711496758724071,0.9063690132953542,0.9613311013954324,0.9571089787192587,0.9592097639909136
biunet,15%,17, 40%~50%,24833.0,0.9622237150224103,0.8820210196242527,0.965226008571442,0.961494837976224,0.9630985570745608,3.3027767083877125e-05,0.00039963952380750835,4.772233590916936e-05,4.42844738325039e-05,4.442352272276761e-05,0.9711496758724071,0.9063690132953542,0.9613311013954324,0.9571089787192587,0.9592097639909136
biunet,15%,17, Overall,220508.0,0.9711496758724071,0.9063690132953542,0.9613311013954324,0.9571089787192587,0.9592097639909136,4.30205261048465e-05,0.00025215296321330735,9.012433172777523e-05,1.337661726192562e-05,5.113877333204306e-05,0.9711496758724071,0.9063690132953542,0.9613311013954324,0.9571089787192587,0.9592097639909136
biunet,25%,17, 0.1%~0.5%,8535.0,0.9694644156858567,0.5499841402263446,0.6671140190855372,0.9719396592599566,0.7765405301025785,0.000184185108022378,0.002482866994385846,0.001093162051581659,0.00029287799909353906,0.0008865468794306691,0.9537848142388569,0.8527855990240933,0.9382508692849151,0.9307902922951818,0.934486667752405
biunet,25%,17, 0.5%~1%,8670.0,0.9737662088008109,0.6392877721710155,0.7276298115496699,0.9644286058619395,0.8207259293017565,0.00017860614073468372,0.0009436078628692748,0.0008414249090432907,0.0005339807069403206,0.0008923797737266434,0.9537848142388569,0.8527855990240933,0.9382508692849151,0.9307902922951818,0.934486667752405
biunet,25%,17, 1%~10%,81847.0,0.965487896670469,0.7953435923873893,0.86723515371717,0.9079845823647247,0.886837652022289,4.1535515984704726e-05,0.0005120381783502881,0.00017009485188492393,0.00022577472664382967,0.0001875561930655487,0.9537848142388569,0.8527855990240933,0.9382508692849151,0.9307902922951818,0.934486667752405
biunet,25%,17, 10%~20%,40198.0,0.9479357483487042,0.8452323537167731,0.9384612140718565,0.9183164069533015,0.9281051165590518,6.068943510566142e-05,0.0002663718087833108,0.00013354751623964755,8.929254090293869e-05,0.00010198941906853966,0.9537848142388569,0.8527855990240933,0.9382508692849151,0.9307902922951818,0.934486667752405
biunet,25%,17, 20%~30%,29448.0,0.9416722234570646,0.8421534136000325,0.9460609941652943,0.9310036691047828,0.9382328872039555,0.0001435151449241317,0.00016177241296090283,0.00020135068660134508,0.00012109830942350208,0.00015819755846737765,0.9537848142388569,0.8527855990240933,0.9382508692849151,0.9307902922951818,0.934486667752405
biunet,25%,17, 30%~40%,26977.0,0.9416742208008843,0.8320763612515615,0.9475185585046632,0.9383456478596471,0.9425750010172228,2.9630468707382838e-05,0.0004893954472673232,6.443956928544833e-05,7.110156618916091e-05,5.8066190360524025e-05,0.9537848142388569,0.8527855990240933,0.9382508692849151,0.9307902922951818,0.934486667752405
biunet,25%,17, 40%~50%,24833.0,0.93983537301904,0.8167400081629888,0.9450019535892414,0.9387237727178861,0.9412592688912634,0.00012410388656354588,0.00038044704557536836,0.00012730463520035435,0.00013897312760108942,0.00013373238081524735,0.9537848142388569,0.8527855990240933,0.9382508692849151,0.9307902922951818,0.934486667752405
biunet,25%,17, Overall,220508.0,0.9537848142388569,0.8527855990240933,0.9382508692849151,0.9307902922951818,0.934486667752405,2.0290747652245958e-05,8.07188594906487e-05,6.6815992709164335e-06,2.8806150065792253e-05,1.3689599649844369e-05,0.9537848142388569,0.8527855990240933,0.9382508692849151,0.9307902922951818,0.934486667752405
biunet,5%,18, 0.1%~0.5%,9335.0,0.9950763662333024,0.8848406986097225,0.9128383749089988,0.9979129434100966,0.9526861276492328,5.721812577972488e-05,0.000868417464158617,0.0009472876511040938,0.00013533566897208887,0.0004927142758749798,0.9926400236737253,0.9758554636828763,0.9897179739335611,0.9896551141023887,0.9896862484429478
biunet,5%,18, 0.5%~1%,10132.0,0.9958345296629941,0.9378896258867133,0.9397296325346703,0.9981074181777667,0.967517478174658,6.419394905984116e-05,0.0019366344089983935,0.0007301742018161427,0.00011915433301582614,0.0004359580299819666,0.9926400236737253,0.9758554636828763,0.9897179739335611,0.9896551141023887,0.9896862484429478
biunet,5%,18, 1%~10%,90120.0,0.9956420059449353,0.975837533553848,0.9776173072484454,0.9962068304661794,0.9867396977157609,1.1541148867537182e-05,0.0002089312195211008,4.10224017539245e-05,2.8929890283590627e-05,3.0953955811693315e-05,0.9926400236737253,0.9758554636828763,0.9897179739335611,0.9896551141023887,0.9896862484429478
biunet,5%,18, 10%~20%,47158.0,0.9914814093691483,0.9736235870937883,0.9895313521974335,0.9870718800563193,0.988297899473885,2.8521389801351174e-05,5.100662394770226e-05,7.998882075526015e-05,2.145151912105858e-05,5.057782042498066e-05,0.9926400236737253,0.9758554636828763,0.9897179739335611,0.9896551141023887,0.9896862484429478
biunet,5%,18, 20%~30%,34083.0,0.9890892464829619,0.9693765252089853,0.9904547289047813,0.9864588409325479,0.9884369209456946,6.200124072009072e-05,0.00020992862586271483,6.905391406119802e-05,7.826856961333589e-05,7.359990755688478e-05,0.9926400236737253,0.9758554636828763,0.9897179739335611,0.9896551141023887,0.9896862484429478
biunet,5%,18, 30%~40%,29152.0,0.9899021949738881,0.9698622752739828,0.9908618986069988,0.9892685276542356,0.9900535707781751,1.0951640879924478e-05,0.00017993250401030617,2.2190380908780652e-05,2.632503931908409e-05,7.434963140891652e-06,0.9926400236737253,0.9758554636828763,0.9897179739335611,0.9896551141023887,0.9896862484429478
biunet,5%,18, 40%~50%,27219.0,0.990061810655881,0.9678473849455099,0.990675724028514,0.989904487274783,0.9902767621737384,5.874790441693054e-05,0.00022795450963698885,5.525801294077956e-05,6.058456197357464e-05,5.771624248461053e-05,0.9926400236737253,0.9758554636828763,0.9897179739335611,0.9896551141023887,0.9896862484429478
biunet,5%,18, Overall,247199.0,0.9926400236737253,0.9758554636828763,0.9897179739335611,0.9896551141023887,0.9896862484429478,1.2736922400700813e-05,5.8890899645384583e-05,2.5335163433164372e-05,2.4058416196043e-05,2.1471435611191753e-05,0.9926400236737253,0.9758554636828763,0.9897179739335611,0.9896551141023887,0.9896862484429478
biunet,15%,18, 0.1%~0.5%,9335.0,0.982910519225463,0.6878802186479591,0.7657788142675145,0.991870372902779,0.8574161111578196,0.0001300268794321905,0.003660339450832448,0.001477438387202677,0.0003530215914889501,0.0011045333167755563,0.9719847535423245,0.9115002991927063,0.9629588680806124,0.9583096356221757,0.9606215618972858
biunet,15%,18, 0.5%~1%,10132.0,0.9853621588965056,0.805973606020459,0.8273604063867585,0.9906155661378843,0.8972501335876131,0.000209276228205803,0.003129763032851872,0.001915155405078162,0.0003870784515659207,0.0014355030956025524,0.9719847535423245,0.9115002991927063,0.9629588680806124,0.9583096356221757,0.9606215618972858
biunet,15%,18, 1%~10%,90120.0,0.9796276681596255,0.898413952696095,0.9236999136772464,0.9496884760826134,0.9363425356257163,2.3401997848186056e-05,0.0001620044057299027,0.00014040507382279528,9.183202292584217e-05,3.3719248685477776e-05,0.9719847535423245,0.9115002991927063,0.9629588680806124,0.9583096356221757,0.9606215618972858
biunet,15%,18, 10%~20%,47158.0,0.9680514697850039,0.9041305892581727,0.962277521161878,0.949389121456922,0.9557237741999054,2.901789584195329e-05,0.0001653818623294905,8.733426197919147e-05,7.989818178725035e-05,1.5183034854326343e-05,0.9719847535423245,0.9115002991927063,0.9629588680806124,0.9583096356221757,0.9606215618972858
biunet,15%,18, 20%~30%,34083.0,0.9637424771435862,0.8988234753297427,0.9668456473835961,0.9566861955042887,0.9616353353361394,2.9129741260188632e-05,0.0002667876313398563,8.768560459061773e-05,3.638441081343481e-05,5.8769031765629704e-05,0.9719847535423245,0.9115002991927063,0.9629588680806124,0.9583096356221757,0.9606215618972858
biunet,15%,18, 30%~40%,29152.0,0.9636476940092473,0.8939413441638214,0.9672304629875147,0.961458850426458,0.964205460116717,9.903640180808129e-05,0.0009221004408201981,0.00010103343142023227,8.605915368013346e-05,9.215476736260561e-05,0.9719847535423245,0.9115002991927063,0.9629588680806124,0.9583096356221757,0.9606215618972858
biunet,15%,18, 40%~50%,27219.0,0.9640174477053128,0.8874581644068716,0.9666069086033152,0.9633733485257109,0.9648057880910588,5.176865090906139e-05,0.0004227321347554828,3.77283133089827e-05,4.1089833203479226e-05,3.848415281004672e-05,0.9719847535423245,0.9115002991927063,0.9629588680806124,0.9583096356221757,0.9606215618972858
biunet,15%,18, Overall,247199.0,0.9719847535423245,0.9115002991927063,0.9629588680806124,0.9583096356221757,0.9606215618972858,1.47300794374719e-05,6.45981623698971e-05,4.4699350698967954e-05,8.235884295842884e-06,1.8560184698420853e-05,0.9719847535423245,0.9115002991927063,0.9629588680806124,0.9583096356221757,0.9606215618972858
biunet,25%,18, 0.1%~0.5%,9335.0,0.9731614484426481,0.5758777811188094,0.6875555472642209,0.9797541336568885,0.7951786438890182,8.420911498007618e-05,0.0025039481563384302,0.0009308950698485232,0.00010245106648001482,0.0006729398042683905,0.9551886303845252,0.8606556060893742,0.9408596111564526,0.9328838459130165,0.9368323705206717
biunet,25%,18, 0.5%~1%,10132.0,0.9762139755230952,0.7161452940160329,0.7578017469531969,0.9708258446609258,0.8431203216988662,0.00016331686869032987,0.0007277148623836634,0.001055862351093083,0.00014143138673245714,0.0008832792672727303,0.9551886303845252,0.8606556060893742,0.9408596111564526,0.9328838459130165,0.9368323705206717
biunet,25%,18, 1%~10%,90120.0,0.9667354302008097,0.8384021548055584,0.8816790290397502,0.9120019669908852,0.8963439218606406,7.160317397914919e-05,0.00029551626932984316,0.00036615591148407816,8.252754167199383e-05,0.00019765457211971146,0.9551886303845252,0.8606556060893742,0.9408596111564526,0.9328838459130165,0.9368323705206717
biunet,25%,18, 10%~20%,47158.0,0.9493647724541739,0.8503117905898366,0.9394815425739855,0.9200301593995821,0.9294901238165719,4.075257820167693e-05,0.0002674834620067687,0.00015333473725180456,9.141397655116011e-05,8.309563355675083e-05,0.9551886303845252,0.8606556060893742,0.9408596111564526,0.9328838459130165,0.9368323705206717
biunet,25%,18, 20%~30%,34083.0,0.9426091297625493,0.8424570977443171,0.9470387718370511,0.9317014597786457,0.9390681835242397,0.00017089544572429413,0.00017240963250769826,0.000228199780845581,0.00018170086969197693,0.00019693860056631157,0.9551886303845252,0.8606556060893742,0.9408596111564526,0.9328838459130165,0.9368323705206717
biunet,25%,18, 30%~40%,29152.0,0.9424437847187573,0.8357327514711298,0.9480898483860166,0.9390100271573109,0.9432207542295803,0.00017107542854523264,0.0006883138790083462,0.00016058647046866988,0.0001991414023035439,0.00017704384935275652,0.9551886303845252,0.8606556060893742,0.9408596111564526,0.9328838459130165,0.9368323705206717
biunet,25%,18, 40%~50%,27219.0,0.9424594228407742,0.8242717697884303,0.9468423534132179,0.9414924809567031,0.9437397029077772,6.016673441028322e-05,0.0006564462238943763,9.990972278964385e-05,3.901984841780184e-05,6.168584541655061e-05,0.9551886303845252,0.8606556060893742,0.9408596111564526,0.9328838459130165,0.9368323705206717
biunet,25%,18, Overall,247199.0,0.9551886303845252,0.8606556060893742,0.9408596111564526,0.9328838459130165,0.9368323705206717,6.288400028262382e-05,9.960793878080783e-05,0.0001365848890072641,7.064179586651275e-05,0.00010036486595326979,0.9551886303845252,0.8606556060893742,0.9408596111564526,0.9328838459130165,0.9368323705206717
biunet,5%,19, 0.1%~0.5%,6837.0,0.9943489302857448,0.8181265512982309,0.8737127278085772,0.9969472257956613,0.9292734236279608,0.00012697241782540458,0.00251514782798406,0.0015580536540148718,0.0003708905885147823,0.0008966743644836878,0.9925111671687015,0.9744310744365666,0.989201746851875,0.9895980195622439,0.9893993444092862
biunet,5%,19, 0.5%~1%,7548.0,0.9956360103418928,0.8844485025344896,0.9163052363632335,0.9973937105028736,0.9544572178384486,0.0001320169759541237,0.002495745604746323,0.0021271543599462543,0.0002609354049045099,0.0011612463892517594,0.9925111671687015,0.9744310744365666,0.989201746851875,0.9895980195622439,0.9893993444092862
biunet,5%,19, 1%~10%,68923.0,0.9952666766030956,0.9613435319365703,0.970842819091279,0.9966662000756424,0.9834851273676279,2.0408046531962767e-05,0.00039847409340136954,0.00013860999648410943,1.7843623437488505e-05,8.009935750874936e-05,0.9925111671687015,0.9744310744365666,0.989201746851875,0.9895980195622439,0.9893993444092862
biunet,5%,19, 10%~20%,40538.0,0.9919452679640651,0.9738949243863783,0.9893964038208102,0.9880177844401375,0.988705919082316,5.497715127944509e-05,0.0001930671165419823,0.000127435855159721,6.0177654843148196e-05,9.287758555538518e-05,0.9925111671687015,0.9744310744365666,0.989201746851875,0.9895980195622439,0.9893993444092862
biunet,5%,19, 20%~30%,26936.0,0.9893878643878645,0.9702348774469378,0.9908114286306787,0.9868635163595639,0.9888176391189437,3.667486412845762e-05,0.00016818033172707163,4.157525293798077e-05,4.023878756019652e-05,4.053306867693149e-05,0.9925111671687015,0.9744310744365666,0.989201746851875,0.9895980195622439,0.9893993444092862
biunet,5%,19, 30%~40%,23633.0,0.9894533068167393,0.9682100495902674,0.9906045433313792,0.9887190350304899,0.9896467459483761,6.253108406587055e-05,0.0004900095395299543,5.083829743494079e-05,6.882014752818227e-05,5.965574995188095e-05,0.9925111671687015,0.9744310744365666,0.989201746851875,0.9895980195622439,0.9893993444092862
biunet,5%,19, 40%~50%,22028.0,0.9903896418332591,0.9696494845679817,0.9910533002972736,0.9901829884059152,0.9906027938609304,1.2090944741937485e-05,0.0001863940780148589,1.3369215675289423e-05,3.3635504966282412e-06,7.770668998339636e-06,0.9925111671687015,0.9744310744365666,0.989201746851875,0.9895980195622439,0.9893993444092862
biunet,5%,19, Overall,196443.0,0.9925111671687015,0.9744310744365666,0.989201746851875,0.9895980195622439,0.9893993444092862,9.24852600108325e-06,0.00015295195468592826,1.9512000225218013e-05,7.348057208476221e-06,8.934632975051472e-06,0.9925111671687015,0.9744310744365666,0.989201746851875,0.9895980195622439,0.9893993444092862
biunet,15%,19, 0.1%~0.5%,6837.0,0.9805182141733261,0.5619319806009647,0.694905677541528,0.9885694286525725,0.802541843337735,9.081302932645122e-05,0.0007470451345317658,0.0011373994034758863,0.0003783437668838875,0.0010542915844212384,0.9716692049926117,0.9067105939984708,0.9614117318433593,0.958260451079875,0.9598303710125391
biunet,15%,19, 0.5%~1%,7548.0,0.9842512967512969,0.6719636400973036,0.76669748418494,0.9862732877860013,0.8565902138938121,0.00022217121275408958,0.003020483639109061,0.0025722505191704288,0.00035480292314002886,0.0018199151421461753,0.9716692049926117,0.9067105939984708,0.9614117318433593,0.958260451079875,0.9598303710125391
biunet,15%,19, 1%~10%,68923.0,0.9784608119996886,0.841953338708381,0.9024888837440472,0.9493157246453899,0.9249973915931786,2.047630847096788e-05,0.0004710129088494502,0.00010805381783049021,9.046265433128562e-05,8.725048109022134e-05,0.9716692049926117,0.9067105939984708,0.9614117318433593,0.958260451079875,0.9598303710125391
biunet,15%,19, 10%~20%,40538.0,0.9695525111492845,0.9043856371837699,0.962087567666762,0.9521235030119423,0.9570408928517778,8.573289749004646e-05,0.0003052839788377582,6.177043068075508e-05,0.00017131439640142397,9.228155550999677e-05,0.9716692049926117,0.9067105939984708,0.9614117318433593,0.958260451079875,0.9598303710125391
biunet,15%,19, 20%~30%,26936.0,0.9649860274860275,0.9032961662588693,0.9680850836030518,0.9582462145966694,0.9630407992298878,0.00015198995235184387,0.00042646687179215227,0.00017521886065247294,0.0001747669209178334,0.0001747143781638239,0.9716692049926117,0.9067105939984708,0.9614117318433593,0.958260451079875,0.9598303710125391
biunet,15%,19, 30%~40%,23633.0,0.9628341340883125,0.8911713640915533,0.967114423872497,0.9601702532271371,0.9634589489065734,0.00023181761451527733,0.0004435435980166854,0.00022622427938591004,0.00026460376294708287,0.00024670926233534487,0.9716692049926117,0.9067105939984708,0.9614117318433593,0.958260451079875,0.9598303710125391
biunet,15%,19, 40%~50%,22028.0,0.9649076106993303,0.8919222256934529,0.9678344518012602,0.9640722193799699,0.9657341657661512,0.00012962809367297252,0.0006103996674426673,0.00012000023557828994,0.00015022764097558168,0.00013470058628640478,0.9716692049926117,0.9067105939984708,0.9614117318433593,0.958260451079875,0.9598303710125391
biunet,15%,19, Overall,196443.0,0.9716692049926117,0.9067105939984708,0.9614117318433593,0.958260451079875,0.9598303710125391,6.110230596100521e-05,0.00022807340154450692,5.939742474728292e-05,0.00014205901634579138,0.00010055524866750236,0.9716692049926117,0.9067105939984708,0.9614117318433593,0.958260451079875,0.9598303710125391
biunet,25%,19, 0.1%~0.5%,6837.0,0.9691484835188214,0.4352732548781719,0.6099282103552693,0.9738155164345036,0.7260790449625764,0.0002793677993332089,0.0021056610741275244,0.0013038532488184901,0.0014189353048616492,0.001192486093499647,0.9547804675857087,0.8534307706828715,0.9385726398563564,0.9329845817627608,0.9357601531974203
biunet,25%,19, 0.5%~1%,7548.0,0.9746491143549968,0.5427542570569606,0.682804661456061,0.9635633728331188,0.7873951935131654,0.00020630150408619956,0.0018214624059903959,0.0011652401830288708,0.0006433341943455405,0.0008550738834633588,0.9547804675857087,0.8534307706828715,0.9385726398563564,0.9329845817627608,0.9357601531974203
biunet,25%,19, 1%~10%,68923.0,0.9647920670366008,0.7537833202425223,0.8505002112844217,0.9102450099348838,0.8787975559400266,3.087864153700944e-05,0.0001712774705706719,0.00016350300476415417,0.00010997765928106859,0.00013989872193617258,0.9547804675857087,0.8534307706828715,0.9385726398563564,0.9329845817627608,0.9357601531974203
biunet,25%,19, 10%~20%,40538.0,0.9520242510954929,0.8512164543147658,0.9396310260475066,0.9248540495218908,0.9320889699938734,0.00012237398795044414,0.0008057167306967152,4.281007503895855e-05,0.0001583144858302338,7.436886918814894e-05,0.9547804675857087,0.8534307706828715,0.9385726398563564,0.9329845817627608,0.9357601531974203
biunet,25%,19, 20%~30%,26936.0,0.9446752571752572,0.849622936454638,0.9490533887297694,0.9343347462226598,0.9414115642493489,0.00011419038509274463,0.000693546312367367,0.00013649559763959402,0.0001456815006647456,0.00010748884625926954,0.9547804675857087,0.8534307706828715,0.9385726398563564,0.9329845817627608,0.9357601531974203
biunet,25%,19, 30%~40%,23633.0,0.9410791151048419,0.8311415211745775,0.9478345774105486,0.9369726849936599,0.9419740844890664,3.75423065896899e-05,0.0004108189038889143,3.6976018938484996e-05,3.437818281843631e-05,3.214188796538111e-05,0.9547804675857087,0.8534307706828715,0.9385726398563564,0.9329845817627608,0.9357601531974203
biunet,25%,19, 40%~50%,22028.0,0.9443163934606645,0.8326339904088677,0.9493101176164842,0.9430061061105794,0.9456402810669555,0.00016200801544721385,0.0004135903597700574,0.00013532775168196597,0.00017109058001295186,0.00015613841261195424,0.9547804675857087,0.8534307706828715,0.9385726398563564,0.9329845817627608,0.9357601531974203
biunet,25%,19, Overall,196443.0,0.9547804675857087,0.8534307706828715,0.9385726398563564,0.9329845817627608,0.9357601531974203,7.094374668138517e-05,0.00029776715402488757,6.293241717390958e-05,0.00010300329606275075,8.132785057382353e-05,0.9547804675857087,0.8534307706828715,0.9385726398563564,0.9329845817627608,0.9357601531974203
biunet,5%,20, 0.1%~0.5%,7397.0,0.9952622070372511,0.8728067656961889,0.907203315572557,0.9981844425730545,0.9496672896994408,3.543378333549401e-05,0.0023932037794832614,0.000998859182739181,0.0002081979101946281,0.0006114206943767029,0.9927264349657715,0.9756904748220311,0.9897095278413991,0.9897183523057039,0.9897136961842348
biunet,5%,20, 0.5%~1%,8029.0,0.9958502700438183,0.9225098502130121,0.9363840507668678,0.9981549872946588,0.9658122847544942,0.00011333201926632408,0.004764767021684027,0.0016340849328580964,0.00027359871138100565,0.000990303864127325,0.9927264349657715,0.9756904748220311,0.9897095278413991,0.9897183523057039,0.9897136961842348
biunet,5%,20, 1%~10%,68182.0,0.9957246780675252,0.9707361263836859,0.9752504308718025,0.9967195222845192,0.9857793086079655,9.712508956216852e-06,0.000192041081975911,8.004398101149248e-05,1.7973038686208654e-05,3.766733789734357e-05,0.9927264349657715,0.9756904748220311,0.9897095278413991,0.9897183523057039,0.9897136961842348
biunet,5%,20, 10%~20%,35762.0,0.9916641669759505,0.9734691297336727,0.9896947444000851,0.9871726506110038,0.9884294690516824,8.306137587744048e-05,0.00013978154788024837,0.00015278710078273466,0.0001030699125128889,0.00012772544511387168,0.9927264349657715,0.9756904748220311,0.9897095278413991,0.9897183523057039,0.9897136961842348
biunet,5%,20, 20%~30%,26302.0,0.9894393904830373,0.9704550643019427,0.9907668690338701,0.9869050124253654,0.988817378984587,6.542777419638426e-06,0.00013180044841520357,6.739600806303746e-05,1.2300853835162325e-05,3.19564183673031e-05,0.9927264349657715,0.9756904748220311,0.9897095278413991,0.9897183523057039,0.9897136961842348
biunet,5%,20, 30%~40%,21761.0,0.9895817232106925,0.968723707345155,0.9905950897848488,0.9889894826643347,0.9897789520665227,5.595445136358041e-05,8.359823196958695e-05,5.896183134003643e-05,6.907564345941227e-05,6.373755744423696e-05,0.9927264349657715,0.9756904748220311,0.9897095278413991,0.9897183523057039,0.9897136961842348
biunet,5%,20, 40%~50%,22467.0,0.9902611372099955,0.9690361236486181,0.9908488945286004,0.9900923723581937,0.9904555521476892,1.9122250518098915e-05,0.00011907435454908934,2.1524788872658508e-05,1.9924849745700936e-05,2.0391957865993844e-05,0.9927264349657715,0.9756904748220311,0.9897095278413991,0.9897183523057039,0.9897136961842348
biunet,5%,20, Overall,189900.0,0.9927264349657715,0.9756904748220311,0.9897095278413991,0.9897183523057039,0.9897136961842348,2.3197285971938958e-05,2.8088553651601883e-05,4.919039250615764e-05,3.758522021599995e-05,4.33296225953649e-05,0.9927264349657715,0.9756904748220311,0.9897095278413991,0.9897183523057039,0.9897136961842348
biunet,15%,20, 0.1%~0.5%,7397.0,0.9833173563402035,0.6602596165681938,0.7515887156630869,0.9905467359122313,0.8472995285759874,0.00020501495416261467,0.0038485401186317074,0.002129369284715198,0.0004341233542239492,0.001642416628081116,0.9723299743086472,0.9109567297655269,0.9628869212613903,0.9586801421714064,0.9607733965397524
biunet,15%,20, 0.5%~1%,8029.0,0.9851645738742513,0.7694892473768471,0.8159248839891693,0.9896582566610822,0.890048973865967,0.00016561105171380186,0.0015081674006841835,0.0013388495238830056,0.00024173053889067815,0.0008989566533889601,0.9723299743086472,0.9109567297655269,0.9628869212613903,0.9586801421714064,0.9607733965397524
biunet,15%,20, 1%~10%,68182.0,0.9799482756934871,0.8756339556789957,0.9164554147466596,0.950092304305112,0.9327676615367754,2.3667386013303406e-05,0.00012718060951779573,0.000158084952354632,4.072341371611734e-05,9.364125580782493e-05,0.9723299743086472,0.9109567297655269,0.9628869212613903,0.9586801421714064,0.9607733965397524
biunet,15%,20, 10%~20%,35762.0,0.9683636600895144,0.9023026850253552,0.9620513237126174,0.949550368137468,0.9556918068645605,4.771158666157424e-05,0.000627586449706065,0.00013559814372300972,2.986302786061799e-05,7.447270849471883e-05,0.9723299743086472,0.9109567297655269,0.9628869212613903,0.9586801421714064,0.9607733965397524
biunet,15%,20, 20%~30%,26302.0,0.9652175315622964,0.9038203229469873,0.9679724425234778,0.9585752059728074,0.9631623847956865,7.489381870530944e-05,0.00032889094817656843,8.425663725101743e-05,8.645996804480459e-05,8.54470789329144e-05,0.9723299743086472,0.9109567297655269,0.9628869212613903,0.9586801421714064,0.9607733965397524
biunet,15%,20, 30%~40%,21761.0,0.9628749235844497,0.8920272567958033,0.966679300493077,0.9607052175349281,0.9635270834158624,7.401525527455617e-05,0.0005366001817808089,7.450208556924127e-05,7.147199087046034e-05,7.25907729461611e-05,0.9723299743086472,0.9109567297655269,0.9628869212613903,0.9586801421714064,0.9607733965397524
biunet,15%,20, 40%~50%,22467.0,0.9648039346597233,0.8913450867748045,0.9673822446363817,0.9641398719760277,0.9655505638563753,0.00014874422957861688,0.0005836011237554124,0.00013562568152588787,0.0001589024192123616,0.0001477992498275151,0.9723299743086472,0.9109567297655269,0.9628869212613903,0.9586801421714064,0.9607733965397524
biunet,15%,20, Overall,189900.0,0.9723299743086472,0.9109567297655269,0.9628869212613903,0.9586801421714064,0.9607733965397524,3.224051108445536e-05,0.0003128337580687456,6.182049390847693e-05,3.9118746654393885e-05,4.01262807303647e-05,0.9723299743086472,0.9109567297655269,0.9628869212613903,0.9586801421714064,0.9607733965397524
biunet,25%,20, 0.1%~0.5%,7397.0,0.9735099405573923,0.5399635709171102,0.6685365193966196,0.9744748008452181,0.7789566214406943,0.0001515627607726492,0.000994534520298804,0.0006562290913376182,0.00019593771970978822,0.00047876722461303,0.9557489587821341,0.8595926332472521,0.9407878796077735,0.9335915751494138,0.9371585529791188
biunet,25%,20, 0.5%~1%,8029.0,0.9758366451914838,0.6635204383617438,0.7422419288904724,0.9676597741409437,0.8320691421457799,0.00015548822680756642,0.002190695236967574,0.0012618191209952823,0.00031066456936637175,0.0009607889440282621,0.9557489587821341,0.8595926332472521,0.9407878796077735,0.9335915751494138,0.9371585529791188
biunet,25%,20, 1%~10%,68182.0,0.9671389765182848,0.8034620207134592,0.8705794749986957,0.9121558634104335,0.8905676145090479,1.5265509954667402e-05,0.00038140618786248266,0.00011723232565461474,2.8935718654151118e-05,6.514289423670517e-05,0.9557489587821341,0.8595926332472521,0.9407878796077735,0.9335915751494138,0.9371585529791188
biunet,25%,20, 10%~20%,35762.0,0.9500180486143238,0.8480548986145823,0.9394275043720497,0.9204768544561618,0.9296873529131666,0.0001284824419632001,0.00042385632352231215,0.00019811105090240266,0.00023224591529468212,0.0002034659412415125,0.9557489587821341,0.8595926332472521,0.9407878796077735,0.9335915751494138,0.9371585529791188
biunet,25%,20, 20%~30%,26302.0,0.9450453704407776,0.8499370397253211,0.9489022611514244,0.9349419503399311,0.941673059383911,0.00013048699815792437,0.0008526428454334161,0.00016346518494758173,9.867586348670475e-05,0.00011052802580216434,0.9557489587821341,0.8595926332472521,0.9407878796077735,0.9335915751494138,0.9371585529791188
biunet,25%,20, 30%~40%,21761.0,0.9412387047720903,0.8318445391784589,0.9472990399811771,0.9379119500166141,0.9422172220199744,0.0002747318240203468,0.0009056496758954486,0.0003009969419068253,0.0002444952338598299,0.0002687181703035954,0.9557489587821341,0.8595926332472521,0.9407878796077735,0.9335915751494138,0.9371585529791188
biunet,25%,20, 40%~50%,22467.0,0.9438637948452343,0.8301448126363512,0.9482843382218252,0.9428746686594579,0.9450959419798842,7.311688445795553e-05,0.0003858352114505629,0.00010180655270650787,7.874179505717692e-05,8.793235809172932e-05,0.9557489587821341,0.8595926332472521,0.9407878796077735,0.9335915751494138,0.9371585529791188
biunet,25%,20, Overall,189900.0,0.9557489587821341,0.8595926332472521,0.9407878796077735,0.9335915751494138,0.9371585529791188,6.468225670562463e-05,0.00028443098765719725,0.00014676039224230806,4.6699666083019654e-05,9.558457312399196e-05,0.9557489587821341,0.8595926332472521,0.9407878796077735,0.9335915751494138,0.9371585529791188
biunet,5%,21, 0.1%~0.5%,4535.0,0.994921653135545,0.8748209695659174,0.9073770552581845,0.997545211186424,0.9494590103782471,0.00013506350626903656,0.005589390571948603,0.0022046919637567874,0.0007776643959187897,0.0011980477220624275,0.9929228254655875,0.9771274153972573,0.9900067099767819,0.9904150644155191,0.9902105183063167
biunet,5%,21, 0.5%~1%,4593.0,0.9960925387117419,0.9227259320807906,0.9374274591652503,0.9981800631633396,0.9664127405550338,7.210410108405034e-05,0.0033093298868497466,0.001470312941041357,0.0003493334889908063,0.0009378629930368541,0.9929228254655875,0.9771274153972573,0.9900067099767819,0.9904150644155191,0.9902105183063167
biunet,5%,21, 1%~10%,41652.0,0.9956177301682919,0.9692713875733112,0.9752642129641066,0.9964341891807552,0.9856577935203057,2.8254450627250996e-05,0.0001929356046575704,0.00013349106132865915,2.5726574084137156e-05,7.47592535097641e-05,0.9929228254655875,0.9771274153972573,0.9900067099767819,0.9904150644155191,0.9902105183063167
biunet,5%,21, 10%~20%,23496.0,0.992007343609744,0.9762783235911865,0.9900669817204323,0.9884479998646593,0.9892558128559181,1.3297937641977e-05,4.702866773093138e-05,4.1581504423277006e-05,5.8646150976103785e-05,2.362986429972159e-05,0.9929228254655875,0.9771274153972573,0.9900067099767819,0.9904150644155191,0.9902105183063167
biunet,5%,21, 20%~30%,16815.0,0.9900526225682337,0.9726524215382618,0.9911986973275022,0.9879052110178713,0.9895366965133254,5.7109730228190115e-05,0.0001399972156584705,0.00012200915187795776,7.653376290534311e-05,9.721591751007639e-05,0.9929228254655875,0.9771274153972573,0.9900067099767819,0.9904150644155191,0.9902105183063167
biunet,5%,21, 30%~40%,14563.0,0.990516127421298,0.9718827324300611,0.9913633249859545,0.9900156233454744,0.9906801676162743,4.6190060074210095e-05,0.0003132449263626826,3.46285366314107e-05,4.331198802327329e-05,3.904874931986412e-05,0.9929228254655875,0.9771274153972573,0.9900067099767819,0.9904150644155191,0.9902105183063167
biunet,5%,21, 40%~50%,13669.0,0.9906512635315035,0.9706348311220813,0.991108295916085,0.9905476249858199,0.9908178231823253,0.00013975807433558657,0.00037166801552195776,0.00015211983401706077,0.00013207173992362908,0.0001417453765645416,0.9929228254655875,0.9771274153972573,0.9900067099767819,0.9904150644155191,0.9902105183063167
biunet,5%,21, Overall,119323.0,0.9929228254655875,0.9771274153972573,0.9900067099767819,0.9904150644155191,0.9902105183063167,3.1645487562729955e-05,0.00012604069752491465,7.939005175492361e-05,3.7264134831457815e-05,5.7755778946001923e-05,0.9929228254655875,0.9771274153972573,0.9900067099767819,0.9904150644155191,0.9902105183063167
biunet,15%,21, 0.1%~0.5%,4535.0,0.9825331596004143,0.657051974216251,0.7526540562796074,0.9906213369766789,0.8480606690107564,0.00016047322118904392,0.0034483984500997805,0.001969506677446012,0.0004242104555912514,0.0014272014705947154,0.9729427433914415,0.9157754389532141,0.9639896445535117,0.9609765093418607,0.9624776905376634
biunet,15%,21, 0.5%~1%,4593.0,0.9858925637828316,0.7590497836657457,0.8159937148063574,0.9882888623223144,0.8899948790313709,0.00040227102679370175,0.004827552025710218,0.0035427782120729906,0.00010636971012585142,0.0023654759522148245,0.9729427433914415,0.9157754389532141,0.9639896445535117,0.9609765093418607,0.9624776905376634
biunet,15%,21, 1%~10%,41652.0,0.979560805403502,0.87074238710093,0.9161109069071002,0.9500336357577034,0.93258158489683,3.3021013495915175e-05,0.0009859643471602016,0.00012617358389426845,0.00015022827488457384,2.506462261171112e-05,0.9729427433914415,0.9157754389532141,0.9639896445535117,0.9609765093418607,0.9624776905376634
biunet,15%,21, 10%~20%,23496.0,0.969435158531175,0.9127493603804681,0.963893372220876,0.9532956278878958,0.9585170669281248,5.3684912273087296e-05,0.0001015077732349282,0.0001214094163121058,2.2437522569349967e-05,6.895075861274522e-05,0.9729427433914415,0.9157754389532141,0.9639896445535117,0.9609765093418607,0.9624776905376634
biunet,15%,21, 20%~30%,16815.0,0.9666477441678155,0.9098011801493812,0.9690620076918449,0.9609373568214585,0.9649055610355096,9.131103589354322e-05,0.0003206514944402481,0.00016693291367115897,9.782199242661391e-05,0.0001308856271525537,0.9729427433914415,0.9157754389532141,0.9639896445535117,0.9609765093418607,0.9624776905376634
biunet,15%,21, 30%~40%,14563.0,0.9658692951627099,0.9015174147310715,0.9689618851029143,0.9640518126473955,0.9663940858845296,0.00016218412860438146,0.0007982357818889234,0.000174743678431015,0.0001290310525707857,0.00015079447567733172,0.9729427433914415,0.9157754389532141,0.9639896445535117,0.9609765093418607,0.9624776905376634
biunet,15%,21, 40%~50%,13669.0,0.966552273780308,0.8971839117154322,0.9686369606861831,0.9660585451253759,0.967200498945051,0.00012610508586838814,0.0004806186777414605,0.00011770682821165247,0.0001287129432933853,0.00012495236233280865,0.9729427433914415,0.9157754389532141,0.9639896445535117,0.9609765093418607,0.9624776905376634
biunet,15%,21, Overall,119323.0,0.9729427433914415,0.9157754389532141,0.9639896445535117,0.9609765093418607,0.9624776905376634,7.479480750084553e-05,0.0003967075660957973,0.0001141923113833294,7.38181186217391e-05,9.377444494197848e-05,0.9729427433914415,0.9157754389532141,0.9639896445535117,0.9609765093418607,0.9624776905376634
biunet,25%,21, 0.1%~0.5%,4535.0,0.9723614312919716,0.5409537034617672,0.6715004749663837,0.9756106638643726,0.7816357064801198,0.0003575084058737842,0.0022103685736756425,0.0021960296675404794,0.0005700032315659002,0.0017296749954486084,0.9567725392168289,0.8674735955947349,0.9426765004895515,0.9372773233054682,0.939958726006333
biunet,25%,21, 0.5%~1%,4593.0,0.9768768679611265,0.6450297637934903,0.7409114907293496,0.9624922957673463,0.8300653859423096,0.0002699854099261681,0.002092054486480784,0.001893185915257376,0.0006337309312048944,0.0014266798923342784,0.9567725392168289,0.8674735955947349,0.9426765004895515,0.9372773233054682,0.939958726006333
biunet,25%,21, 1%~10%,41652.0,0.9667786697281079,0.7975015011705863,0.8704022425019208,0.9135194095342793,0.8911335970398269,7.803764023270688e-05,0.00046631878024551004,0.00037748887242520244,0.00023047324286523763,0.00020050177428220493,0.9567725392168289,0.8674735955947349,0.9426765004895515,0.9372773233054682,0.939958726006333
biunet,25%,21, 10%~20%,23496.0,0.9516623074462706,0.8641363662722318,0.9425103983476052,0.9261833252196716,0.9341519931423091,0.0001357105921189179,0.0010624246700423122,0.0001960709989233988,0.00015764725539979494,0.00017337792190357163,0.9567725392168289,0.8674735955947349,0.9426765004895515,0.9372773233054682,0.939958726006333
biunet,25%,21, 20%~30%,16815.0,0.9471837014209896,0.8593138121170046,0.950556246588417,0.9384585571284583,0.9442963176953173,0.0001631044972028809,0.00038884254704590323,0.0001568523280687116,0.0002200444685567122,0.00018783718579547674,0.9567725392168289,0.8674735955947349,0.9426765004895515,0.9372773233054682,0.939958726006333
biunet,25%,21, 30%~40%,14563.0,0.945774263960764,0.8459824540360604,0.9506827775032834,0.943022583542621,0.946588018681861,0.0001693995009583109,0.00028185327370222504,0.00017251396833619897,0.00019494166013228506,0.00017464601532569306,0.9567725392168289,0.8674735955947349,0.9426765004895515,0.9372773233054682,0.939958726006333
biunet,25%,21, 40%~50%,13669.0,0.9466521236950677,0.8400221662361728,0.9502573823577812,0.945845390585767,0.9476944324210846,7.111431056052457e-05,0.0007754447523271359,4.7256876985075546e-05,4.956433786277837e-05,4.930854509270138e-05,0.9567725392168289,0.8674735955947349,0.9426765004895515,0.9372773233054682,0.939958726006333
biunet,25%,21, Overall,119323.0,0.9567725392168289,0.8674735955947349,0.9426765004895515,0.9372773233054682,0.939958726006333,2.1170582965532885e-05,0.00012406749776521346,4.905187308427266e-05,9.62164985475769e-06,2.4877617521355183e-05,0.9567725392168289,0.8674735955947349,0.9426765004895515,0.9372773233054682,0.939958726006333
biunet,5%,22, 0.1%~0.5%,2442.0,0.9944128012309831,0.8355889065850689,0.8897305003140326,0.9932160422819365,0.9374247881991936,0.0002391570976621503,0.002429300310744382,0.003197999999011777,0.0005137819555436861,0.0019520128772205138,0.9923117507961892,0.9746438875614745,0.9891526679311502,0.9895635682701664,0.9893578515102875
biunet,5%,22, 0.5%~1%,3189.0,0.9952773264156143,0.8627159434039631,0.9024693690645201,0.997452946821627,0.9463380951613996,1.0886322526587932e-05,0.00462775706729039,0.0019012847413307705,0.0005492313025542099,0.001329704141131803,0.9923117507961892,0.9746438875614745,0.9891526679311502,0.9895635682701664,0.9893578515102875
biunet,5%,22, 1%~10%,40929.0,0.9954235235148524,0.9662158359302637,0.9742335510126067,0.9966466360314558,0.9852356870193657,5.326495588529447e-05,0.0008148163438147806,0.00033079186163803955,5.768841007603577e-05,0.00016165787133824827,0.9923117507961892,0.9746438875614745,0.9891526679311502,0.9895635682701664,0.9893578515102875
biunet,5%,22, 10%~20%,21997.0,0.9917505968444734,0.9750891021549059,0.9892720453457547,0.9881767489536593,0.9887235940088409,6.305334641510393e-05,0.00018658519386829416,0.00014582734114528984,7.931295511072632e-05,0.00010676900014061387,0.9923117507961892,0.9746438875614745,0.9891526679311502,0.9895635682701664,0.9893578515102875
biunet,5%,22, 20%~30%,15128.0,0.9885276949826131,0.9680302459561408,0.989815284124742,0.9857921247563327,0.9877835469358711,0.00010691212192465755,0.0001469274871854483,0.0001328268983559999,0.00015295809079730335,0.0001417046748519589,0.9923117507961892,0.9746438875614745,0.9891526679311502,0.9895635682701664,0.9893578515102875
biunet,5%,22, 30%~40%,14964.0,0.989458032611601,0.9687090949123851,0.9903825295117682,0.9888394231552926,0.989600653081487,2.595320813994426e-05,0.0002523353949452327,3.474862197663778e-05,3.891370707419588e-05,3.684007892761749e-05,0.9923117507961892,0.9746438875614745,0.9891526679311502,0.9895635682701664,0.9893578515102875
biunet,5%,22, 40%~50%,12201.0,0.9898809834265944,0.9679765442266887,0.9904526487125084,0.9897386481046029,0.9900835338337931,0.0001266433898739164,0.0006281639137384762,0.00010767895066291388,0.00012229771814319736,0.000113687661773386,0.9923117507961892,0.9746438875614745,0.9891526679311502,0.9895635682701664,0.9893578515102875
biunet,5%,22, Overall,110850.0,0.9923117507961892,0.9746438875614745,0.9891526679311502,0.9895635682701664,0.9893578515102875,2.463258506311574e-05,0.00013109321096548587,6.095703481678778e-05,4.184305714731899e-05,4.834233651560499e-05,0.9923117507961892,0.9746438875614745,0.9891526679311502,0.9895635682701664,0.9893578515102875
biunet,15%,22, 0.1%~0.5%,2442.0,0.9804432531705259,0.5829595752682016,0.7144917652432169,0.9741611855100504,0.8145747153576313,0.00015693346077399502,0.003822075713428165,0.0015480530113855062,0.0012092568765799915,0.0015497065981882883,0.9706895750468144,0.9074086034390184,0.9611003503442485,0.9574085813016326,0.9592458614559813
biunet,15%,22, 0.5%~1%,3189.0,0.983423130647966,0.6370325573718744,0.7470894098018234,0.984607909619397,0.8405501843549984,8.640750629277007e-05,0.005631261110148863,0.0019023221136520551,0.00032556413531826313,0.001747222000241594,0.9706895750468144,0.9074086034390184,0.9611003503442485,0.9574085813016326,0.9592458614559813
biunet,15%,22, 1%~10%,40929.0,0.9788029085104508,0.8606869988097302,0.9134888023512936,0.9496106062399674,0.9310113398191965,5.267996608843152e-05,0.0008165689951404412,0.00034513754690980593,0.00023522454145047693,0.00011781473388353706,0.9706895750468144,0.9074086034390184,0.9611003503442485,0.9574085813016326,0.9592458614559813
biunet,15%,22, 10%~20%,21997.0,0.9687305844736404,0.9091237448293247,0.9616691788376266,0.9518783974631261,0.9567057263292779,3.2432128808310566e-05,0.00048348294753774914,0.00021004685303195952,6.812510455415624e-05,6.866381143677985e-05,0.9706895750468144,0.9074086034390184,0.9611003503442485,0.9574085813016326,0.9592458614559813
biunet,15%,22, 20%~30%,15128.0,0.9616009046039453,0.8946124845729218,0.9642588565891227,0.9542908558208696,0.9591484185632492,8.488284436187461e-05,0.00036219143079928523,0.00012508717853157395,0.00012406007959218677,0.00012169602543548913,0.9706895750468144,0.9074086034390184,0.9611003503442485,0.9574085813016326,0.9592458614559813
biunet,15%,22, 30%~40%,14964.0,0.9626492470818855,0.8916124820240059,0.9660670182441562,0.9604076406864083,0.9631107297706252,9.51684963391537e-05,0.0005842295005344255,0.00018879904792149562,0.00012343797575366662,0.00015271241182866522,0.9706895750468144,0.9074086034390184,0.9611003503442485,0.9574085813016326,0.9592458614559813
biunet,15%,22, 40%~50%,12201.0,0.9628545101866961,0.8873428641292024,0.9653694640560144,0.9621147963649502,0.9635577251893386,6.804309569348069e-05,0.00042013601551678137,5.845232433305656e-05,0.00010866422285698111,7.806843244897611e-05,0.9706895750468144,0.9074086034390184,0.9611003503442485,0.9574085813016326,0.9592458614559813
biunet,15%,22, Overall,110850.0,0.9706895750468144,0.9074086034390184,0.9611003503442485,0.9574085813016326,0.9592458614559813,4.680029039066557e-05,2.4899586933918402e-05,0.00013480023354236613,8.489351251436422e-05,8.87784251735978e-05,0.9706895750468144,0.9074086034390184,0.9611003503442485,0.9574085813016326,0.9592458614559813
biunet,25%,22, 0.1%~0.5%,2442.0,0.9681923659196388,0.4422537484435615,0.6234215820104249,0.9437167340314704,0.7327812523139737,0.00011219778447896682,0.006468217791757505,0.0013043524541969014,0.0015620500258058318,0.0014289402843467441,0.9530695315810336,0.8542272237662806,0.9378708804880745,0.931434367582347,0.9346242000397685
biunet,25%,22, 0.5%~1%,3189.0,0.9736024402063913,0.5053820499989014,0.6657538796540142,0.9587864650629575,0.7697054726531602,0.0005509782206649927,0.0053547017389877025,0.004035445366086197,0.0014225338055949665,0.003219782118846745,0.9530695315810336,0.8542272237662806,0.9378708804880745,0.931434367582347,0.9346242000397685
biunet,25%,22, 1%~10%,40929.0,0.9651649160371581,0.7815582240111958,0.8656540387310717,0.910762430538222,0.8873102155443053,6.040711415019749e-05,0.0006692299386594824,0.0005110518335421567,0.0001627758039854729,0.00028139007675869696,0.9530695315810336,0.8542272237662806,0.9378708804880745,0.931434367582347,0.9346242000397685
biunet,25%,22, 10%~20%,21997.0,0.9502173850153119,0.8573731206392253,0.9384414970962789,0.9236908223362086,0.9308969765232726,0.00022352461423832764,0.0006541064448337742,0.0003119351700763605,0.0003652046114488569,0.00033848207975581955,0.9530695315810336,0.8542272237662806,0.9378708804880745,0.931434367582347,0.9346242000397685
biunet,25%,22, 20%~30%,15128.0,0.9398040759258368,0.8372120175863552,0.943354987223192,0.9286892527279762,0.9357418629313542,0.00021479314540197934,0.0005267460290266795,0.00024244260025143639,0.00011046371625815479,0.00016579477889515552,0.9530695315810336,0.8542272237662806,0.9378708804880745,0.931434367582347,0.9346242000397685
biunet,25%,22, 30%~40%,14964.0,0.9405543000170106,0.8310204455771671,0.9459732802765147,0.9370761987277024,0.9412225844178114,0.0002154711587959033,0.0008352054927096954,0.00028673767907217833,0.00020206641514690588,0.00023974275285662734,0.9530695315810336,0.8542272237662806,0.9378708804880745,0.931434367582347,0.9346242000397685
biunet,25%,22, 40%~50%,12201.0,0.9410406002488618,0.8242575523199237,0.9453346174751643,0.9399723234236018,0.9422268505332335,0.00015918514842651408,0.0005243137258219221,0.00011840489616047965,0.0002153429560963472,0.0001727753397551209,0.9530695315810336,0.8542272237662806,0.9378708804880745,0.931434367582347,0.9346242000397685
biunet,25%,22, Overall,110850.0,0.9530695315810336,0.8542272237662806,0.9378708804880745,0.931434367582347,0.9346242000397685,9.694220316483753e-05,0.00044195068713502323,7.870673764286757e-05,0.00011987366789989564,9.968359269246028e-05,0.9530695315810336,0.8542272237662806,0.9378708804880745,0.931434367582347,0.9346242000397685
beagle,5%,1, 0.1%~0.5%,25755.0,0.9864056993934688,0.929386969366044,0.7461576875160606,0.7463932313626017,0.7459701717369779,0.0005229842112618233,0.0026089487310850725,0.009812047837244806,0.009920590711968082,0.00990834689725597,0.893871950582844,0.9168663885712461,0.7488465888103636,0.7488459089682503,0.7488459414089673
beagle,5%,1, 0.5%~1%,27612.0,0.9855689665011699,0.9451750037739973,0.7522154321043226,0.7525370473378201,0.7523554056665475,6.055384527015472e-05,0.000318079072424251,0.0009548247393867397,0.0009160076953625276,0.000920532427001669,0.893871950582844,0.9168663885712461,0.7488465888103636,0.7488459089682503,0.7488459414089673
beagle,5%,1, 1%~10%,239605.0,0.9614659037949455,0.9442519123833133,0.7489963814346612,0.7491866525975124,0.7490847155448211,6.786778344399389e-05,8.761904175824677e-05,0.0004435613272176557,0.00044189163267860425,0.00044071800557210093,0.893871950582844,0.9168663885712461,0.7488465888103636,0.7488459089682503,0.7488459414089673
beagle,5%,1, 10%~20%,128458.0,0.8887509276702632,0.9156638410205956,0.7481755011200253,0.7481434238525738,0.7481587658678439,0.00034797667444130814,0.000254196621997521,0.0007920733496597766,0.0007939664857501644,0.0007933245782495276,0.893871950582844,0.9168663885712461,0.7488465888103636,0.7488459089682503,0.7488459414089673
beagle,5%,1, 20%~30%,88879.0,0.8351444439102941,0.8879724624068285,0.7488874789622771,0.7488774395242573,0.7488817095750511,0.0008288346570915589,0.0005397924537610007,0.0012684753080415038,0.001265296819017328,0.0012665682713003256,0.893871950582844,0.9168663885712461,0.7488465888103636,0.7488459089682503,0.7488459414089673
beagle,5%,1, 30%~40%,77448.0,0.7992219804177504,0.8641624576852162,0.7489571320735807,0.7489887870496013,0.7489712332020796,0.00035392313952590425,0.00019935783829015362,0.0004427368057198056,0.00044158150321923427,0.00044384615678724206,0.893871950582844,0.9168663885712461,0.7488465888103636,0.7488459089682503,0.7488459414089673
beagle,5%,1, 40%~50%,71045.0,0.78263168670305,0.8485233080029643,0.7489277700616128,0.748970048866473,0.7489439979053372,0.0010076686045318443,0.0006581484974843767,0.0011705276181206616,0.0011700375938509058,0.001168273433113881,0.893871950582844,0.9168663885712461,0.7488465888103636,0.7488459089682503,0.7488459414089673
beagle,5%,1, Overall,658802.0,0.893871950582844,0.9168663885712461,0.7488465888103636,0.7488459089682503,0.7488459414089673,0.0002754651603041624,0.00020027242620411197,0.0006570022353562668,0.0006566414713231718,0.0006568991528886617,0.893871950582844,0.9168663885712461,0.7488465888103636,0.7488459089682503,0.7488459414089673
beagle,15%,1, 0.1%~0.5%,25755.0,0.9863086308630864,0.9281854768513371,0.7448868330324346,0.7458066419280472,0.7452241162472754,0.0004740642363118165,0.002636735605276458,0.008526061303367876,0.008543877748832316,0.00864638741664868,0.8932053365369446,0.9151511382996178,0.7478389166278756,0.7477276679869355,0.7477821296009785
beagle,15%,1, 0.5%~1%,27612.0,0.9850100856456789,0.9420359096913437,0.7438463804310803,0.7446805233895101,0.7441355909262026,0.0003587144822179404,0.0014385567979452796,0.006031620146066492,0.0059758450665761045,0.006003950339831131,0.8932053365369446,0.9151511382996178,0.7478389166278756,0.7477276679869355,0.7477821296009785
beagle,15%,1, 1%~10%,239605.0,0.9608846757257684,0.941969300548931,0.7468324755189224,0.7465090781175725,0.7466451404297954,0.0004912268223860333,0.0007249041606732212,0.0032071316281789834,0.0031965307613785543,0.0032196233250050077,0.8932053365369446,0.9151511382996178,0.7478389166278756,0.7477276679869355,0.7477821296009785
beagle,15%,1, 10%~20%,128458.0,0.8883226542150081,0.9140565619146542,0.74784975027729,0.7476277386587628,0.7477382033398762,0.0007988722562858728,0.0005857204349829759,0.0018114705085718324,0.0018181385414378054,0.0018147519462015204,0.8932053365369446,0.9151511382996178,0.7478389166278756,0.7477276679869355,0.7477821296009785
beagle,15%,1, 20%~30%,88879.0,0.8340947532685737,0.8858914589391671,0.7475766459369583,0.7475925123111639,0.7475835508749787,6.828102548556606e-05,7.411631204681461e-05,9.742602360455172e-05,9.298524265832791e-05,9.481424924037841e-05,0.8932053365369446,0.9151511382996178,0.7478389166278756,0.7477276679869355,0.7477821296009785
beagle,15%,1, 30%~40%,77448.0,0.7983869137611004,0.8621100085103905,0.7479984556049631,0.7481307730610119,0.7480637098036773,0.0011767875062441214,0.0007796457568302725,0.0014771423329812,0.001476274779653928,0.0014761963605097286,0.8932053365369446,0.9151511382996178,0.7478389166278756,0.7477276679869355,0.7477821296009785
beagle,15%,1, 40%~50%,71045.0,0.7816606845426607,0.8462260900998176,0.7477930637997151,0.747974123681006,0.7478830381276108,0.0013286353505741338,0.0009130792617676174,0.001536279653526541,0.001535748494456749,0.00153579735128975,0.8932053365369446,0.9151511382996178,0.7478389166278756,0.7477276679869355,0.7477821296009785
beagle,15%,1, Overall,658802.0,0.8932053365369446,0.9151511382996178,0.7478389166278756,0.7477276679869355,0.7477821296009785,0.00036662855677565274,0.0002847675701116452,0.0008707394182108027,0.0008751666287007153,0.0008737559874723254,0.8932053365369446,0.9151511382996178,0.7478389166278756,0.7477276679869355,0.7477821296009785
beagle,25%,1, 0.1%~0.5%,25755.0,0.9863577534224012,0.9271508665532231,0.7471660392802685,0.7479668300887111,0.747322668508725,0.00016561315498182487,0.000755980783675734,0.003288416997323676,0.0033053621400526293,0.0032331828432392434,0.893277897079115,0.9140980081470157,0.748535231030652,0.7483061324862762,0.7484181638680032
beagle,25%,1, 0.5%~1%,27612.0,0.9852405519778401,0.9414433577438167,0.7495560322157159,0.7498025550137966,0.7495894992848812,0.00024299589354254055,0.000786865103679658,0.004297189596057804,0.004393383027701302,0.0043714388293436225,0.893277897079115,0.9140980081470157,0.748535231030652,0.7483061324862762,0.7484181638680032
beagle,25%,1, 1%~10%,239605.0,0.9607664887855201,0.9404027235510702,0.7476183009847356,0.746657705949831,0.7471332342194218,0.000513320491497463,0.0006990573540483466,0.0033933777975820585,0.0033878791776493574,0.0033920261491142962,0.893277897079115,0.9140980081470157,0.748535231030652,0.7483061324862762,0.7484181638680032
beagle,25%,1, 10%~20%,128458.0,0.8886114527705553,0.9130757811700985,0.7491042814321224,0.748722493140196,0.7489101581258889,0.001082113767456155,0.0007639683509986951,0.002463539701201533,0.002469497983973964,0.002468180140025106,0.893277897079115,0.9140980081470157,0.748535231030652,0.7483061324862762,0.7484181638680032
beagle,25%,1, 20%~30%,88879.0,0.8345009916444114,0.8848751641585926,0.7484334280113091,0.7484701581966675,0.7484455192038978,0.0023904709148405696,0.0015721552344032245,0.0036589433191532893,0.0036434677675580888,0.003653259317224235,0.893277897079115,0.9140980081470157,0.748535231030652,0.7483061324862762,0.7484181638680032
beagle,25%,1, 30%~40%,77448.0,0.798410683375434,0.8607287195698934,0.7480839651015412,0.7483300455291989,0.7482053005517136,0.000937526158131221,0.0006329338357789635,0.001174716604707452,0.0011712700435844473,0.00117266996151174,0.893277897079115,0.9140980081470157,0.748535231030652,0.7483061324862762,0.7484181638680032
beagle,25%,1, 40%~50%,71045.0,0.7815684468017497,0.8446029810053196,0.7476546109466424,0.7480014504245057,0.7478169374846955,0.0014446965029569947,0.000905170913312196,0.0016741626446906454,0.0016732875645022877,0.0016743289080930715,0.893277897079115,0.9140980081470157,0.748535231030652,0.7483061324862762,0.7484181638680032
beagle,25%,1, Overall,658802.0,0.893277897079115,0.9140980081470157,0.748535231030652,0.7483061324862762,0.7484181638680032,0.000911849076255376,0.0006822847858187311,0.0021716154396089846,0.0021692763108714574,0.002170577792359992,0.893277897079115,0.9140980081470157,0.748535231030652,0.7483061324862762,0.7484181638680032
beagle,5%,2, 0.1%~0.5%,27091.0,0.9865341615184736,0.9235468398655042,0.7456183269457708,0.7458809758250585,0.7457369418648803,7.22124124363699e-05,0.0004241752999222484,0.0013841899903681877,0.0013761492397857615,0.0013805253482385314,0.8959539605827844,0.9187063159062113,0.7487895079898325,0.7487898762588348,0.7487896697020705
beagle,5%,2, 0.5%~1%,29344.0,0.9848484848484848,0.9368934834970615,0.7469470920447759,0.7472260451709952,0.7470853116808901,0.00034167674488080646,0.0013984477607362203,0.005716055235054772,0.0057378657734088526,0.005726039906083231,0.8959539605827844,0.9187063159062113,0.7487895079898325,0.7487898762588348,0.7487896697020705
beagle,5%,2, 1%~10%,258736.0,0.9620231245420627,0.9438748137393201,0.7479867040380306,0.7481849122164562,0.7480846952454546,0.0004561826011293824,0.000644501981165033,0.003039719881085767,0.0030564354702692625,0.003047818469783795,0.8959539605827844,0.9187063159062113,0.7487895079898325,0.7487898762588348,0.7487896697020705
beagle,5%,2, 10%~20%,132617.0,0.8917986313286312,0.9171711052661765,0.749004441246147,0.7489747079998276,0.7489887302380328,0.000636071065511047,0.0004821647657782767,0.0014785407421868148,0.0014742814819478428,0.0014760311761307396,0.8959539605827844,0.9187063159062113,0.7487895079898325,0.7487898762588348,0.7487896697020705
beagle,5%,2, 20%~30%,96872.0,0.8384398062297764,0.8925491092057788,0.7489988011042218,0.7489849718269794,0.7489909717811428,0.0009112228329755514,0.0005828562519778868,0.0014201406191772872,0.0014156589964337968,0.0014176433125387628,0.8959539605827844,0.9187063159062113,0.7487895079898325,0.7487898762588348,0.7487896697020705
beagle,5%,2, 30%~40%,83957.0,0.8049168206957313,0.8694696422124801,0.7496727509464468,0.7496965467593143,0.7496845353792502,0.0007571638694618613,0.00048166709069156355,0.0009655027557146777,0.0009682211730705607,0.0009669180179671209,0.8959539605827844,0.9187063159062113,0.7487895079898325,0.7487898762588348,0.7487896697020705
beagle,5%,2, 40%~50%,76614.0,0.7864293732216044,0.8529311012089744,0.7478430071902377,0.74787994708761,0.7478604555473441,0.0020849215549784334,0.0013698410777836592,0.0024585118446588624,0.0024581680601207545,0.0024577926091062605,0.8959539605827844,0.9187063159062113,0.7487895079898325,0.7487898762588348,0.7487896697020705
beagle,5%,2, Overall,705231.0,0.8959539605827844,0.9187063159062113,0.7487895079898325,0.7487898762588348,0.7487896697020705,0.0005124191609680691,0.00038570122338053164,0.0012408938713961454,0.0012406151726000445,0.0012407660838758446,0.8959539605827844,0.9187063159062113,0.7487895079898325,0.7487898762588348,0.7487896697020705
beagle,15%,2, 0.1%~0.5%,27091.0,0.9867229192743201,0.9239920768199844,0.7501040307738251,0.7510239154924876,0.7504683539980315,0.00012473843448891525,0.0008068544468394852,0.0024022682812887414,0.0024273578884203644,0.002357153740189729,0.8958975316190186,0.9174902973047314,0.7492436054967783,0.7491342842340757,0.7491884074711467
beagle,15%,2, 0.5%~1%,29344.0,0.9849039915237435,0.9363275831957378,0.7487850855676479,0.7494798746028936,0.7491021407761035,0.00025982185334015584,0.0010203700747687156,0.00429943825485115,0.004331867484623414,0.004328926013354945,0.8958975316190186,0.9174902973047314,0.7492436054967783,0.7491342842340757,0.7491884074711467
beagle,15%,2, 1%~10%,258736.0,0.962009567960228,0.9424091674404261,0.7494738180475483,0.749195825866229,0.7493298259779982,0.0003607428238113362,0.0005413548886467246,0.00237474235352008,0.0023682166821634323,0.0023684203646890173,0.8958975316190186,0.9174902973047314,0.7492436054967783,0.7491342842340757,0.7491884074711467
beagle,15%,2, 10%~20%,132617.0,0.8913011860767428,0.9154465929292966,0.7485520827997817,0.7483367697742741,0.7484423356294146,0.00022941229132854925,0.00019844520258137775,0.0005371891458292668,0.0005383591707237668,0.0005364824137338873,0.8958975316190186,0.9174902973047314,0.7492436054967783,0.7491342842340757,0.7491884074711467
beagle,15%,2, 20%~30%,96872.0,0.838051759022215,0.8910079302285704,0.7487118840098675,0.7487060649446384,0.7487073337140449,0.0013898145338744684,0.0009283381049712741,0.0021601156490038886,0.0021531725684973716,0.002156767743520469,0.8958975316190186,0.9174902973047314,0.7492436054967783,0.7491342842340757,0.7491884074711467
beagle,15%,2, 30%~40%,83957.0,0.8047200208187381,0.867898111327527,0.749545711418718,0.7496563115229623,0.7495998960361202,0.001876162924440675,0.0012035276638159992,0.002423538736049179,0.0024123467236437752,0.0024177320253602743,0.8958975316190186,0.9174902973047314,0.7492436054967783,0.7491342842340757,0.7491884074711467
beagle,15%,2, 40%~50%,76614.0,0.7874351036403664,0.852017394478383,0.7490502269768999,0.7492255479250595,0.7491332037922572,0.0016683907139213776,0.0010869769095769174,0.001966801636921855,0.0019687809942698,0.001967309040826273,0.8958975316190186,0.9174902973047314,0.7492436054967783,0.7491342842340757,0.7491884074711467
beagle,15%,2, Overall,705231.0,0.8958975316190186,0.9174902973047314,0.7492436054967783,0.7491342842340757,0.7491884074711467,0.0003813073660179024,0.0003014523727449237,0.000923385723448998,0.0009235448384367693,0.0009239198272763632,0.8958975316190186,0.9174902973047314,0.7492436054967783,0.7491342842340757,0.7491884074711467
beagle,25%,2, 0.1%~0.5%,27091.0,0.9867841606795503,0.9227222936397284,0.7523411283912841,0.7531007091599257,0.7526767442332468,0.00026212070526622917,0.0015279502974422168,0.005106216033253676,0.00519514504891238,0.005086478833059816,0.8950710992052766,0.9157440276761478,0.7477729971946645,0.7475411345514785,0.7476559208713195
beagle,25%,2, 0.5%~1%,29344.0,0.9846104515713295,0.933508033661632,0.7455235324892855,0.745631113796905,0.7454709067876714,0.00029913304181233683,0.0007671334926487087,0.004848041588885878,0.004921356667040913,0.004811631284926831,0.8950710992052766,0.9157440276761478,0.7477729971946645,0.7475411345514785,0.7476559208713195
beagle,25%,2, 1%~10%,258736.0,0.9615564326244325,0.9403120837522061,0.7479996573377689,0.7470829405935104,0.7475371009075978,6.937463846695489e-05,6.967115730225105e-05,0.00046795372643628413,0.0004589812304358432,0.0004596454251952882,0.8950710992052766,0.9157440276761478,0.7477729971946645,0.7475411345514785,0.7476559208713195
beagle,25%,2, 10%~20%,132617.0,0.8908641791662069,0.9138997933880768,0.7481376490873437,0.7477676955434056,0.7479497174901099,0.0007321287726251307,0.0005814682970589529,0.0017162010742769354,0.001704625880897582,0.0017087918725979987,0.8950710992052766,0.9157440276761478,0.7477729971946645,0.7475411345514785,0.7476559208713195
beagle,25%,2, 20%~30%,96872.0,0.8371529628600816,0.889163643153618,0.7475809212277983,0.7475818848641141,0.7475802429485358,0.0016614380050497014,0.0011111044321279965,0.002581940254781519,0.0025718558048088438,0.002576613927392356,0.8950710992052766,0.9157440276761478,0.7477729971946645,0.7475411345514785,0.7476559208713195
beagle,25%,2, 30%~40%,83957.0,0.8036778206448395,0.8658267787768082,0.748283952727279,0.7484925615948907,0.7483866544637587,0.0017882228013593904,0.0011474345718934776,0.0022962689542402335,0.0022923592314370556,0.002295379770363164,0.8950710992052766,0.9157440276761478,0.7477729971946645,0.7475411345514785,0.7476559208713195
beagle,25%,2, 40%~50%,76614.0,0.7844838667827938,0.8486528202351553,0.7455532279708598,0.7458710945651186,0.7457073584683721,0.0005954867643197147,0.0003900313791185493,0.000697624302742065,0.0006991576008293035,0.0006994090608977907,0.8950710992052766,0.9157440276761478,0.7477729971946645,0.7475411345514785,0.7476559208713195
beagle,25%,2, Overall,705231.0,0.8950710992052766,0.9157440276761478,0.7477729971946645,0.7475411345514785,0.7476559208713195,0.000533886292654291,0.00041712484194130617,0.0012963136556248458,0.001291048714099619,0.0012937809501699974,0.8950710992052766,0.9157440276761478,0.7477729971946645,0.7475411345514785,0.7476559208713195
beagle,5%,3, 0.1%~0.5%,22752.0,0.986779717001236,0.9328924623179202,0.7514523429222685,0.7517476344057487,0.751517170195357,5.264313539911246e-05,0.00032291916545624085,0.00110108236191672,0.001057318272016818,0.0010376255228866347,0.8927967876394991,0.9154399565092507,0.7486936457115362,0.7486962293491558,0.7486929959216303
beagle,5%,3, 0.5%~1%,24805.0,0.9848115299334811,0.9508963615392959,0.7502311709556831,0.7505657858075142,0.7503897231677534,0.00022067634465559592,0.0007051536017286161,0.0036819985245394285,0.003731685479081346,0.0037174629710914125,0.8927967876394991,0.9154399565092507,0.7486936457115362,0.7486962293491558,0.7486929959216303
beagle,5%,3, 1%~10%,225967.0,0.9606683652252253,0.9400227218490986,0.7485619086683464,0.7487465620064023,0.7486510832475567,0.0002988405486258959,0.00045442053576093586,0.0019099826385986709,0.0019092300666538312,0.0019091289500315764,0.8927967876394991,0.9154399565092507,0.7486936457115362,0.7486962293491558,0.7486929959216303
beagle,5%,3, 10%~20%,119586.0,0.8892613861255677,0.9136930566759153,0.7492940525695134,0.7492679367909583,0.74927609546758,0.0010921376826939276,0.0008658443803712136,0.002467188342585847,0.0024745175943824875,0.0024655471408873727,0.8927967876394991,0.9154399565092507,0.7486936457115362,0.7486962293491558,0.7486929959216303
beagle,5%,3, 20%~30%,84837.0,0.8331276804967529,0.8881147256976445,0.7482394635904636,0.7482345232151136,0.7482339015059286,0.0011190179207898328,0.0007196953695993339,0.0016873951650805182,0.0016909461134580323,0.0016893526751950677,0.8927967876394991,0.9154399565092507,0.7486936457115362,0.7486962293491558,0.7486929959216303
beagle,5%,3, 30%~40%,69892.0,0.7973088132512673,0.8625752543833158,0.7479161533656007,0.7479492066521326,0.7479275648716053,0.002325383962916803,0.0014760356836200376,0.0029036161864631313,0.0029035448869194312,0.0028983219943983732,0.8927967876394991,0.9154399565092507,0.7486936457115362,0.7486962293491558,0.7486929959216303
beagle,5%,3, 40%~50%,67368.0,0.7800031172069826,0.8456661752837874,0.7490586531914193,0.7490977408762377,0.7490710952642362,0.0018376792288667396,0.0012193680740257213,0.0021055758746138433,0.0021026618477342244,0.002100070395849401,0.8927967876394991,0.9154399565092507,0.7486936457115362,0.7486962293491558,0.7486929959216303
beagle,5%,3, Overall,615207.0,0.8927967876394991,0.9154399565092507,0.7486936457115362,0.7486962293491558,0.7486929959216303,0.0009246698532112514,0.0007050900276752494,0.0021696872206556517,0.002171508078757508,0.0021706731500265083,0.8927967876394991,0.9154399565092507,0.7486936457115362,0.7486962293491558,0.7486929959216303
beagle,15%,3, 0.1%~0.5%,22752.0,0.9863871441205302,0.9300471078938509,0.7451125032991414,0.7461107416812558,0.7454474176500968,0.00026278125905124006,0.0013447623664491757,0.00494407743818725,0.004986361311349584,0.004951864213682375,0.8930324929805593,0.9144726338858319,0.7497859391501606,0.7496893686501928,0.7497361622560152
beagle,15%,3, 0.5%~1%,24805.0,0.9846221741706523,0.9497660562000423,0.748175057367998,0.7490022282329333,0.7484942370433906,0.0003701490133280223,0.0011189195580705304,0.006067457734479608,0.006063265904578764,0.006120898756679035,0.8930324929805593,0.9144726338858319,0.7497859391501606,0.7496893686501928,0.7497361622560152
beagle,15%,3, 1%~10%,225967.0,0.9606171040528713,0.9384697463227517,0.7497481975532453,0.749489383021347,0.7496165656916277,0.00040730772146626215,0.0005638443567777303,0.0026340891621764394,0.00261523066484082,0.002623671387851846,0.8930324929805593,0.9144726338858319,0.7497859391501606,0.7496893686501928,0.7497361622560152
beagle,15%,3, 10%~20%,119586.0,0.8886588655102527,0.9119378628791989,0.7485462653026272,0.7483591408690556,0.7484513262141211,0.0012950774915072977,0.0009778527254821435,0.0029484013278123526,0.0029341523490712044,0.002940678730035113,0.8930324929805593,0.9144726338858319,0.7497859391501606,0.7496893686501928,0.7497361622560152
beagle,15%,3, 20%~30%,84837.0,0.833620157871369,0.8871319622076864,0.749258143319533,0.7492670901258757,0.7492608496823358,0.0020990078589483217,0.0014166297609676858,0.0031584737270351124,0.0031535060498848553,0.0031567992277635403,0.8930324929805593,0.9144726338858319,0.7497859391501606,0.7496893686501928,0.7497361622560152
beagle,15%,3, 30%~40%,69892.0,0.7986656685899804,0.8620243158155869,0.7496785403833828,0.7498167767113045,0.7497439482970573,0.0016638920154423125,0.0010738788262339711,0.0020830045712621867,0.0020767745124783635,0.002078370297483296,0.8930324929805593,0.9144726338858319,0.7497859391501606,0.7496893686501928,0.7497361622560152
beagle,15%,3, 40%~50%,67368.0,0.7815715041400827,0.8451635458761908,0.7507943706218904,0.7509950737201887,0.7508885498181214,0.0024749515070668342,0.001629354197893756,0.002833994982614379,0.0028260791102633826,0.002829443677261093,0.8930324929805593,0.9144726338858319,0.7497859391501606,0.7496893686501928,0.7497361622560152
beagle,15%,3, Overall,615207.0,0.8930324929805593,0.9144726338858319,0.7497859391501606,0.7496893686501928,0.7497361622560152,0.0010468413930414136,0.0008053722788699374,0.002459079124221458,0.0024553913931140677,0.002457932720330902,0.8930324929805593,0.9144726338858319,0.7497859391501606,0.7496893686501928,0.7497361622560152
beagle,25%,3, 0.1%~0.5%,22752.0,0.9865130071815198,0.9295703719617454,0.7485514917840043,0.74946706508441,0.7487987523056234,9.723040049708035e-05,0.0007979240172707436,0.0013368933082874407,0.0012986489757661355,0.0014870571076804474,0.8922006098858768,0.9126995244442164,0.7483224868045038,0.7481263951269082,0.7482223781590358
beagle,25%,3, 0.5%~1%,24805.0,0.9847385363410358,0.948902152610517,0.7517185298169767,0.7522631495365503,0.7519792277798385,0.00045325739094456555,0.0015149682500808094,0.007398446902576914,0.007402848109918226,0.007390265574147363,0.8922006098858768,0.9126995244442164,0.7483224868045038,0.7481263951269082,0.7482223781590358
beagle,25%,3, 1%~10%,225967.0,0.9600463248119765,0.9361000173286507,0.7475736449307507,0.7467286383359834,0.7471469852824474,0.0006918922735012084,0.001018716597357367,0.004469960334922743,0.004471643787929976,0.004467213891116242,0.8922006098858768,0.9126995244442164,0.7483224868045038,0.7481263951269082,0.7482223781590358
beagle,25%,3, 10%~20%,119586.0,0.8879543516039426,0.9101482883549713,0.7475189191971294,0.7472049870429899,0.7473594721227613,0.0019974269130711084,0.001493304155664289,0.004551762895359127,0.004519108691606767,0.004535477878937327,0.8922006098858768,0.9126995244442164,0.7483224868045038,0.7481263951269082,0.7482223781590358
beagle,25%,3, 20%~30%,84837.0,0.8325573354393327,0.8852494928684976,0.7478539078168885,0.7478964451267515,0.7478729446814834,0.0024524902468307432,0.001575851493541698,0.003709940218292673,0.003695770710514395,0.0037026351571579023,0.8922006098858768,0.9126995244442164,0.7483224868045038,0.7481263951269082,0.7482223781590358
beagle,25%,3, 30%~40%,69892.0,0.7971209693223659,0.8595201144034812,0.7477980346568814,0.7480621803845892,0.7479246128230259,0.002719686432184309,0.0017944225512912199,0.003397001421568101,0.003383015817332608,0.003391806926649362,0.8922006098858768,0.9126995244442164,0.7483224868045038,0.7481263951269082,0.7482223781590358
beagle,25%,3, 40%~50%,67368.0,0.7799954703788868,0.8426628875918087,0.7489307043623664,0.7492949142097981,0.7491069369763969,0.002921217311666208,0.0019724115463422786,0.0033548914833804993,0.003336955830847511,0.003342791175880298,0.8922006098858768,0.9126995244442164,0.7483224868045038,0.7481263951269082,0.7482223781590358
beagle,25%,3, Overall,615207.0,0.8922006098858768,0.9126995244442164,0.7483224868045038,0.7481263951269082,0.7482223781590358,0.0015978741417302968,0.0012220465018448162,0.0037646502399489895,0.0037502918853061194,0.0037575331130964974,0.8922006098858768,0.9126995244442164,0.7483224868045038,0.7481263951269082,0.7482223781590358
beagle,5%,4, 0.1%~0.5%,21019.0,0.9869775109677104,0.9272352605664044,0.7544456228546697,0.7547284204802257,0.7544688754109637,0.0001589225792614095,0.0006556694701500056,0.002901355332587573,0.002944748314413987,0.0030191420406004703,0.8931906383778041,0.9182749354156535,0.7518056769567659,0.7518047837538845,0.7518037931454823
beagle,5%,4, 0.5%~1%,24205.0,0.9851705445281151,0.9406204899089095,0.7520785180761207,0.7523438508370566,0.7521450728817373,0.0002595942091259988,0.001132769307102699,0.004227406914677148,0.004246790090955462,0.004253946731641619,0.8931906383778041,0.9182749354156535,0.7518056769567659,0.7518047837538845,0.7518037931454823
beagle,5%,4, 1%~10%,224131.0,0.9613329150173674,0.9480959012369418,0.7510569079062872,0.7512323144039627,0.7511387140186856,0.00023643463466558728,0.0003390712354061483,0.0015325328844578423,0.0015347661198952059,0.0015258363518804966,0.8931906383778041,0.9182749354156535,0.7518056769567659,0.7518047837538845,0.7518037931454823
beagle,5%,4, 10%~20%,120690.0,0.8907169507654221,0.91788169141445,0.753070948127328,0.7530366048391616,0.7530526558627049,0.0005181971242950662,0.0003838911034759462,0.0011683394293875654,0.0011700409693209844,0.0011691614364818049,0.8931906383778041,0.9182749354156535,0.7518056769567659,0.7518047837538845,0.7518037931454823
beagle,5%,4, 20%~30%,89379.0,0.8363530752766479,0.8895774416586297,0.7507408260745514,0.7507357747042619,0.7507312813914666,0.0011582712442728166,0.0007754404956658575,0.0017591603382003265,0.001756921425513259,0.0017646081722210401,0.8931906383778041,0.9182749354156535,0.7518056769567659,0.7518047837538845,0.7518037931454823
beagle,5%,4, 30%~40%,75408.0,0.8033560059538735,0.867804110263202,0.7514380361000579,0.7514596067601133,0.7514481682505852,0.0013096346363071837,0.000837124184825436,0.00165545731242941,0.0016560674997380016,0.0016562039511132307,0.8931906383778041,0.9182749354156535,0.7518056769567659,0.7518047837538845,0.7518037931454823
beagle,5%,4, 40%~50%,67878.0,0.785385566975331,0.8503847259257392,0.7522463680327492,0.7522800907139553,0.7522606523368321,0.0006201408056562851,0.000437352222139547,0.0007172154635406413,0.0007118262357724419,0.0007157936343053036,0.8931906383778041,0.9182749354156535,0.7518056769567659,0.7518047837538845,0.7518037931454823
beagle,5%,4, Overall,622710.0,0.8931906383778041,0.9182749354156535,0.7518056769567659,0.7518047837538845,0.7518037931454823,0.0003813308665972805,0.00030534165379113184,0.0008847448943602324,0.0008821360171939401,0.0008846684065573639,0.8931906383778041,0.9182749354156535,0.7518056769567659,0.7518047837538845,0.7518037931454823
beagle,15%,4, 0.1%~0.5%,21019.0,0.986591496582457,0.9241635031276156,0.7479521741782067,0.748959377506503,0.7484433732362344,0.0004028961312510653,0.002167683666109498,0.007599674238685849,0.007683971914688266,0.007650527920862451,0.8922015355170435,0.9165443782953536,0.7499879197099588,0.7499002587452094,0.7499424766055692
beagle,15%,4, 0.5%~1%,24205.0,0.9843990410195739,0.9365750742178066,0.7404194044038048,0.7411037689753394,0.7404216210313502,0.00038894087190257385,0.0013644703423475663,0.006711558287361589,0.0067749272035963325,0.006411705342524704,0.8922015355170435,0.9165443782953536,0.7499879197099588,0.7499002587452094,0.7499424766055692
beagle,15%,4, 1%~10%,224131.0,0.9609148356555007,0.9463779702232115,0.7497643422321824,0.7494776733992015,0.7496203906523516,0.00027839185938806967,0.00037653326675131073,0.0017738698280269497,0.0017648490280519876,0.0017692592965665162,0.8922015355170435,0.9165443782953536,0.7499879197099588,0.7499002587452094,0.7499424766055692
beagle,15%,4, 10%~20%,120690.0,0.8892399636433939,0.9157047948050008,0.7502960267943496,0.7501155396181627,0.7502050565395812,0.00217865597397319,0.001566978755192125,0.004938294383595895,0.004931646691929624,0.004935482828815514,0.8922015355170435,0.9165443782953536,0.7499879197099588,0.7499002587452094,0.7499424766055692
beagle,15%,4, 20%~30%,89379.0,0.836112611361831,0.888335676688721,0.7506085750090614,0.750619984817202,0.7506109562580617,0.002047922535114623,0.0013391951305652535,0.0031244408201959264,0.0031186599429129727,0.0031235123239775624,0.8922015355170435,0.9165443782953536,0.7499879197099588,0.7499002587452094,0.7499424766055692
beagle,15%,4, 30%~40%,75408.0,0.8017687818670473,0.8655193234714011,0.7495168294378378,0.7496223036521164,0.7495685594201907,0.003045874569876339,0.0019787436705627492,0.0038484565380242576,0.0038443317700603405,0.0038461288688541573,0.8922015355170435,0.9165443782953536,0.7499879197099588,0.7499002587452094,0.7499424766055692
beagle,15%,4, 40%~50%,67878.0,0.7827927913448995,0.8472809494846719,0.7492377016793074,0.7494014092764725,0.7493136576103684,0.0027733466438331685,0.0018461334627040684,0.0032073292484385047,0.003204784142704988,0.00320336256244447,0.8922015355170435,0.9165443782953536,0.7499879197099588,0.7499002587452094,0.7499424766055692
beagle,15%,4, Overall,622710.0,0.8922015355170435,0.9165443782953536,0.7499879197099588,0.7499002587452094,0.7499424766055692,0.0013742612224748425,0.0010141968895136882,0.0032001405080018747,0.0031956401565429687,0.003198209766821875,0.8922015355170435,0.9165443782953536,0.7499879197099588,0.7499002587452094,0.7499424766055692
beagle,25%,4, 0.1%~0.5%,21019.0,0.9865641043384988,0.9230387814689448,0.7487462325905431,0.7496881106028502,0.7491063304013145,3.68109470880102e-05,0.00043427428826158605,0.000638526404368881,0.0007103129018393593,0.0008208712171690314,0.8918793976280607,0.9153755624096734,0.7496801303056522,0.7494903497419242,0.74958274534444
beagle,25%,4, 0.5%~1%,24205.0,0.9847545898981552,0.9369364887109229,0.7476451049880083,0.7479277621636605,0.7477637880899232,0.0002792997325924908,0.0011216050330798441,0.004581793615730088,0.004454215673802975,0.0045458406840766085,0.8918793976280607,0.9153755624096734,0.7496801303056522,0.7494903497419242,0.74958274534444
beagle,25%,4, 1%~10%,224131.0,0.9603714575472164,0.944567455339075,0.7476415887368056,0.746802149653313,0.7472168155111598,0.00040414316279376624,0.0005322395936077194,0.0026360142861344164,0.0026226220243962596,0.0026267951140851813,0.8918793976280607,0.9153755624096734,0.7496801303056522,0.7494903497419242,0.74958274534444
beagle,25%,4, 10%~20%,120690.0,0.8886243744931291,0.9142524294886648,0.7494197025319976,0.7490868044792612,0.7492456210121953,0.0009188037060773953,0.0007145301276347318,0.002056223256066605,0.002060839406549894,0.0020654372582896347,0.8918793976280607,0.9153755624096734,0.7496801303056522,0.7494903497419242,0.74958274534444
beagle,25%,4, 20%~30%,89379.0,0.8357563653858087,0.8870852354706096,0.75026148343062,0.7502973208086857,0.7502718331214472,0.0008503339500900975,0.00048212933480397174,0.0013105626310785593,0.0013106291012582325,0.0012999811808956847,0.8918793976280607,0.9153755624096734,0.7496801303056522,0.7494903497419242,0.74958274534444
beagle,25%,4, 30%~40%,75408.0,0.8023317797645455,0.8646915668640321,0.750281830219949,0.7504777762311629,0.7503718616849255,0.000742294018773659,0.00045836366188867336,0.0009588157963361254,0.0009514902010818618,0.0009477436855666738,0.8918793976280607,0.9153755624096734,0.7496801303056522,0.7494903497419242,0.74958274534444
beagle,25%,4, 40%~50%,67878.0,0.782451604348979,0.8458132946012702,0.7487949438651711,0.749101893398973,0.7489437566370011,0.0017957238529015828,0.001206554883480482,0.002059502055017262,0.0020632746252339735,0.002065206848977045,0.8918793976280607,0.9153755624096734,0.7496801303056522,0.7494903497419242,0.74958274534444
beagle,25%,4, Overall,622710.0,0.8918793976280607,0.9153755624096734,0.7496801303056522,0.7494903497419242,0.74958274534444,0.0006736797202069729,0.0004903904600115827,0.0015714018300025663,0.0015717357071393227,0.0015703610785845095,0.8918793976280607,0.9153755624096734,0.7496801303056522,0.7494903497419242,0.74958274534444
beagle,5%,5, 0.1%~0.5%,20938.0,0.9858858187375716,0.89380068955631,0.7451513714985532,0.7454176498270878,0.7452208278576696,0.0001849643371023429,0.0007641082611564903,0.0033038521823315586,0.003356505254663461,0.0034383488890348157,0.8922544444995436,0.9128297667325738,0.7486614562169184,0.7486671158187597,0.7486634573235733
beagle,5%,5, 0.5%~1%,23227.0,0.98436837484067,0.9257402146140556,0.7444563019412803,0.7447668126994019,0.744606079154485,0.0001608063135977243,0.0006621088390648132,0.0026791379462201646,0.0026825622152337543,0.0026773161855396643,0.8922544444995436,0.9128297667325738,0.7486614562169184,0.7486671158187597,0.7486634573235733
beagle,5%,5, 1%~10%,194383.0,0.9607912853708526,0.9314316822758496,0.7472276453971092,0.7474174946672866,0.7473089637367419,0.0004658603946432456,0.0008523310676679193,0.002966975481094592,0.002972409652438915,0.0029845189646169343,0.8922544444995436,0.9128297667325738,0.7486614562169184,0.7486671158187597,0.7486634573235733
beagle,5%,5, 10%~20%,101569.0,0.8884758741407915,0.9125182022609654,0.7495582171482637,0.7495332478302058,0.7495415768679115,0.0003934430002189834,0.00031887849372778053,0.0008833637343443365,0.0008798736573601587,0.0008820769092079606,0.8922544444995436,0.9128297667325738,0.7486614562169184,0.7486671158187597,0.7486634573235733
beagle,5%,5, 20%~30%,74958.0,0.8343872568638439,0.8867475447778156,0.749109194759502,0.7491073385729612,0.7491080728007344,0.0011276851236265894,0.0007334894647550117,0.0017099449507464461,0.0017102089901295749,0.0017102640861552144,0.8922544444995436,0.9128297667325738,0.7486614562169184,0.7486671158187597,0.7486634573235733
beagle,5%,5, 30%~40%,63460.0,0.7984386490177539,0.8631732750941851,0.7482428835904478,0.7482705708852747,0.7482542867655037,0.0008060031473070358,0.00051719067527475,0.0010083332827721407,0.001008922774807806,0.0010078620312379924,0.8922544444995436,0.9128297667325738,0.7486614562169184,0.7486671158187597,0.7486634573235733
beagle,5%,5, 40%~50%,60439.0,0.7806140125255266,0.8464519183232126,0.7486487634062596,0.7486897825239449,0.7486681137067736,0.0007460186284732451,0.0004959669826194252,0.000860947548028277,0.0008564674369749359,0.0008575839797564527,0.8922544444995436,0.9128297667325738,0.7486614562169184,0.7486671158187597,0.7486634573235733
beagle,5%,5, Overall,538974.0,0.8922544444995436,0.9128297667325738,0.7486614562169184,0.7486671158187597,0.7486634573235733,0.00046418608315734283,0.0003694790949782576,0.0010822256260926747,0.0010822017751833026,0.0010824860768745656,0.8922544444995436,0.9128297667325738,0.7486614562169184,0.7486671158187597,0.7486634573235733
beagle,15%,5, 0.1%~0.5%,20938.0,0.9861995154525482,0.8946965748854252,0.7516403896486757,0.7525476654532429,0.7520203497383949,0.00018585399102081395,0.0015762740580524506,0.003330186906042775,0.0033510705314030173,0.003402040678349482,0.8921833076560391,0.911609105523246,0.748994182965999,0.7489221405794977,0.7489564347465686
beagle,15%,5, 0.5%~1%,23227.0,0.9845552654890927,0.9255885744576302,0.748340391401291,0.7492334051381228,0.7487717024694751,0.00015444057386655344,0.0007155084135918425,0.0025451440536541164,0.0025761734465750913,0.002571159965848207,0.8921833076560391,0.911609105523246,0.748994182965999,0.7489221405794977,0.7489564347465686
beagle,15%,5, 1%~10%,194383.0,0.9609594943690518,0.9300695253786323,0.7497324456051816,0.7494949909335532,0.7495998106449843,0.0002102965989194944,0.00046773273184865297,0.001288461622339145,0.001283192262937807,0.0013055926919766185,0.8921833076560391,0.911609105523246,0.748994182965999,0.7489221405794977,0.7489564347465686
beagle,15%,5, 10%~20%,101569.0,0.8881200927149987,0.910902665326668,0.749371248630665,0.7491880770137542,0.7492648677082089,0.0006664101448905202,0.0005198998898998215,0.001498628413098618,0.0014953936654506297,0.0015067204872745744,0.8921833076560391,0.911609105523246,0.748994182965999,0.7489221405794977,0.7489564347465686
beagle,15%,5, 20%~30%,74958.0,0.8337673137360962,0.8850854270084584,0.7484249903815708,0.7484532045868927,0.7484374644494122,0.0013899883324847608,0.0009552158575768013,0.0021124006912627918,0.002106928890707572,0.002111772159924553,0.8921833076560391,0.911609105523246,0.748994182965999,0.7489221405794977,0.7489564347465686
beagle,15%,5, 30%~40%,63460.0,0.7983737071311922,0.861676114686595,0.7482300973414802,0.7483640122282932,0.7482948461239897,0.0013021348711400485,0.0007978751005593157,0.001636383045636639,0.0016393368420412075,0.001637402295137051,0.8921833076560391,0.911609105523246,0.748994182965999,0.7489221405794977,0.7489564347465686
beagle,15%,5, 40%~50%,60439.0,0.7806931055454359,0.8450180665362113,0.7487031744345689,0.7488944931298249,0.7487978811100117,0.001735781364060841,0.0011302575681257758,0.001995913625151119,0.0019913929552844174,0.0019937917689038724,0.8921833076560391,0.911609105523246,0.748994182965999,0.7489221405794977,0.7489564347465686
beagle,15%,5, Overall,538974.0,0.8921833076560391,0.911609105523246,0.748994182965999,0.7489221405794977,0.7489564347465686,0.0005845080198405654,0.0004596902969559784,0.0013680830405557582,0.001364243738376259,0.001367232916927817,0.8921833076560391,0.911609105523246,0.748994182965999,0.7489221405794977,0.7489564347465686
beagle,25%,5, 0.1%~0.5%,20938.0,0.9859393678884557,0.891036995573696,0.7479839924139843,0.7486618005653561,0.7483111695105421,0.00044672977710054915,0.0034637832408257706,0.008134117405585364,0.008173046185403635,0.008149849536920804,0.8915271085770033,0.9100204640839014,0.7479322251146568,0.74776338901709,0.7478465124948869
beagle,25%,5, 0.5%~1%,23227.0,0.9844127328305224,0.9226417047259582,0.747773759830272,0.7482307832473193,0.7479482029326779,0.000422896900540281,0.0022047955302419726,0.0068288355087275125,0.006661915345894022,0.0067888092265567706,0.8915271085770033,0.9100204640839014,0.7479322251146568,0.74776338901709,0.7478465124948869
beagle,25%,5, 1%~10%,194383.0,0.9602277306641885,0.9271774114777062,0.7464516507155396,0.7456629985729238,0.7460341327219698,0.0003249699379313662,0.00048823507875631625,0.002150420277860262,0.0021838236536807156,0.0021397359501834716,0.8915271085770033,0.9100204640839014,0.7479322251146568,0.74776338901709,0.7478465124948869
beagle,25%,5, 10%~20%,101569.0,0.8876374382901965,0.9094101952863594,0.7488086512882609,0.7484832127585653,0.748642377569135,0.0011134443182926862,0.0008108372557553931,0.002557993726077978,0.0025317534330433797,0.002545492039827918,0.8915271085770033,0.9100204640839014,0.7479322251146568,0.74776338901709,0.7478465124948869
beagle,25%,5, 20%~30%,74958.0,0.8321886519076945,0.8828856872851704,0.7462451613297841,0.7463163274176973,0.7462769721175597,0.0011716655366684331,0.000764993795424714,0.001773269163961934,0.0017738622529242646,0.0017723794167234157,0.8915271085770033,0.9100204640839014,0.7479322251146568,0.74776338901709,0.7478465124948869
beagle,25%,5, 30%~40%,63460.0,0.7973725992990097,0.8597156810181151,0.7470182865690749,0.7472695632967589,0.7471421142210778,0.0019622494787690384,0.001306332303642232,0.0024606597575429824,0.002451434090594718,0.002455966889282854,0.8915271085770033,0.9100204640839014,0.7479322251146568,0.74776338901709,0.7478465124948869
beagle,25%,5, 40%~50%,60439.0,0.7811598922429678,0.8440006695241813,0.749202056547004,0.7495324666779356,0.7493663235257588,0.0007650062180077435,0.0004365417878870512,0.0008881063696518916,0.0008785136565863114,0.0008832527814315717,0.8915271085770033,0.9100204640839014,0.7479322251146568,0.74776338901709,0.7478465124948869
beagle,25%,5, Overall,538974.0,0.8915271085770033,0.9100204640839014,0.7479322251146568,0.74776338901709,0.7478465124948869,0.0004965921296435436,0.0003810948010796099,0.0011588552083480644,0.0011668646371305997,0.0011622929918470328,0.8915271085770033,0.9100204640839014,0.7479322251146568,0.74776338901709,0.7478465124948869
beagle,5%,6, 0.1%~0.5%,20081.0,0.9869388823748665,0.9238384193181591,0.7533292560358621,0.7535816036748395,0.75343858339913,0.0001468888737404081,0.0009749375564823677,0.002837474639388847,0.0028387088981714752,0.002821964482974275,0.8917380415017874,0.9149970255893459,0.7483468841126615,0.7483456866886374,0.748345851069316
beagle,5%,6, 0.5%~1%,20949.0,0.9847877312434093,0.9240226941880826,0.7483835078218867,0.7487332288486624,0.7485323996331946,0.00036835667585248,0.0017462029042875859,0.0061656527704929106,0.006237737581558399,0.006217426072019705,0.8917380415017874,0.9149970255893459,0.7483468841126615,0.7483456866886374,0.748345851069316
beagle,5%,6, 1%~10%,206211.0,0.9595977230148054,0.9371735080898883,0.7490612853610313,0.7492442974947876,0.7491467464950068,0.0002267155719574822,0.00032412383564160604,0.001416037983998099,0.0014247223986469017,0.00142328636689056,0.8917380415017874,0.9149970255893459,0.7483468841126615,0.7483456866886374,0.748345851069316
beagle,5%,6, 10%~20%,109314.0,0.8886064110006148,0.9145974746088853,0.7478947757628184,0.7478591621988252,0.747874401070706,0.00042559843330461383,0.00028629779053881646,0.0009722261606583926,0.0009666732512170761,0.0009719391975739967,0.8917380415017874,0.9149970255893459,0.7483468841126615,0.7483456866886374,0.748345851069316
beagle,5%,6, 20%~30%,77175.0,0.833873133669052,0.888145972559347,0.7484236713108872,0.7484144845670083,0.7484180300724531,0.001481915832319609,0.0009550455860521721,0.002248695112741849,0.0022481911891962985,0.0022476620661272266,0.8917380415017874,0.9149970255893459,0.7483468841126615,0.7483456866886374,0.748345851069316
beagle,5%,6, 30%~40%,68563.0,0.8004365814409132,0.8656353627026476,0.7479447137083284,0.7479696782331294,0.7479531090258349,0.001075018980858156,0.0007289430804638017,0.0013425345510599152,0.0013428439524235504,0.0013480460792325852,0.8917380415017874,0.9149970255893459,0.7483468841126615,0.7483456866886374,0.748345851069316
beagle,5%,6, 40%~50%,62353.0,0.7828983466081922,0.8491392537403909,0.7483041116202873,0.7483400074821805,0.7483186648048988,0.0030244235556331858,0.0020329082638951505,0.0035109379386902987,0.0035100164458261016,0.0035090935837921895,0.8917380415017874,0.9149970255893459,0.7483468841126615,0.7483456866886374,0.748345851069316
beagle,5%,6, Overall,564646.0,0.8917380415017874,0.9149970255893459,0.7483468841126615,0.7483456866886374,0.748345851069316,0.0007375300102966894,0.0005624553161978953,0.0017192493042818202,0.0017192526138245978,0.0017189021816039819,0.8917380415017874,0.9149970255893459,0.7483468841126615,0.7483456866886374,0.748345851069316
beagle,15%,6, 0.1%~0.5%,20081.0,0.9867770378452118,0.9226349676465126,0.7510164547435746,0.7518572424310648,0.7513036923833365,0.00018399808692510074,0.0010157981280089386,0.003472565508580039,0.0035234984974840708,0.0035100823209614066,0.8916568562829229,0.9138333639240716,0.7486690383123844,0.748578529636681,0.7486223815052467
beagle,15%,6, 0.5%~1%,20949.0,0.984814130131329,0.9233957214427426,0.7497571063233939,0.7508159375846436,0.7502512418436682,0.0003968329775286726,0.001768959386625633,0.006580641654568545,0.006590289341444453,0.0066270886062116865,0.8916568562829229,0.9138333639240716,0.7486690383123844,0.748578529636681,0.7486223815052467
beagle,15%,6, 1%~10%,206211.0,0.9594150254747894,0.9354899508649724,0.7492701381819223,0.7490606505554526,0.7491615724774731,0.0003063062374124357,0.0004831259392744196,0.001913048424902107,0.001896101490993181,0.00190260158374883,0.8916568562829229,0.9138333639240716,0.7486690383123844,0.748578529636681,0.7486223815052467
beagle,15%,6, 10%~20%,109314.0,0.8888661575966038,0.9135464162378125,0.7490870016880243,0.7489088775204432,0.7489939756631658,0.0003519067399312164,0.00025862428796526914,0.0008022847138321057,0.0007980291311443841,0.0007976805545369726,0.8916568562829229,0.9138333639240716,0.7486690383123844,0.748578529636681,0.7486223815052467
beagle,15%,6, 20%~30%,77175.0,0.8334719400025522,0.8865814514827731,0.748096715017914,0.7481062866788374,0.7480941017312303,0.0001335162123849518,7.40716891585336e-05,0.0002187107631784271,0.00021425862250521688,0.00021784722047488674,0.8916568562829229,0.9138333639240716,0.7486690383123844,0.748578529636681,0.7486223815052467
beagle,15%,6, 30%~40%,68563.0,0.800480226325799,0.8643148703728775,0.7481093989473937,0.7482153121665509,0.7481546067722439,0.000660032172132412,0.00041553858671559464,0.0008517840015173207,0.0008483926724836361,0.0008464110446105557,0.8916568562829229,0.9138333639240716,0.7486690383123844,0.748578529636681,0.7486223815052467
beagle,15%,6, 40%~50%,62353.0,0.7828038212542566,0.8476819094214174,0.7481799569130443,0.7483433117480699,0.7482594655221787,0.0015880928773011809,0.0010234235592147228,0.00184536893133409,0.001848493275260072,0.0018450419013580743,0.8916568562829229,0.9138333639240716,0.7486690383123844,0.748578529636681,0.7486223815052467
beagle,15%,6, Overall,564646.0,0.8916568562829229,0.9138333639240716,0.7486690383123844,0.748578529636681,0.7486223815052467,0.00032820899430357944,0.00023843366874618573,0.0007696196443724587,0.0007727276679859274,0.000770546253507905,0.8916568562829229,0.9138333639240716,0.7486690383123844,0.748578529636681,0.7486223815052467
beagle,25%,6, 0.1%~0.5%,20081.0,0.9866110434558221,0.91978779139331,0.7491719781924049,0.7500291640348141,0.7495552328732257,0.00033018697432039807,0.0020805025398150175,0.006165957363572111,0.00614991947856869,0.0061482981489137,0.8916017936258052,0.9127353213772192,0.7490065666829328,0.74880515706106,0.7489018974399703
beagle,25%,6, 0.5%~1%,20949.0,0.9845241039928138,0.9201941909356393,0.7465144155578222,0.7471465796702926,0.7468182639076383,0.0004947329073361075,0.0026383001437464584,0.008024844305549478,0.007989710097066102,0.008011042137673055,0.8916017936258052,0.9127353213772192,0.7490065666829328,0.74880515706106,0.7489018974399703
beagle,25%,6, 1%~10%,206211.0,0.9590351189271713,0.9335023404782817,0.7482371113967733,0.747490096100301,0.7478594120992054,0.00018537301734364075,0.0003059044956661354,0.00115466537730994,0.0011557056794282148,0.001150895607832765,0.8916017936258052,0.9127353213772192,0.7490065666829328,0.74880515706106,0.7489018974399703
beagle,25%,6, 10%~20%,109314.0,0.8883213689116868,0.9120422514691904,0.7483892155895763,0.7480541202088502,0.7482197759040564,0.0001799603771283099,0.0001221855314422627,0.0004102888622529403,0.00039500463996481905,0.0004021083532159772,0.8916017936258052,0.9127353213772192,0.7490065666829328,0.74880515706106,0.7489018974399703
beagle,25%,6, 20%~30%,77175.0,0.8337781115332136,0.8855148636131513,0.7487889288353986,0.7488094425553254,0.7487928857991878,0.0009446119029982611,0.0005715706132985123,0.0014472870877482275,0.001441548806270068,0.0014422851889830004,0.8916017936258052,0.9127353213772192,0.7490065666829328,0.74880515706106,0.7489018974399703
beagle,25%,6, 30%~40%,68563.0,0.8013619634938713,0.8635887706526271,0.7492833380903128,0.7494820013671211,0.7493711297168028,0.0009556324801200149,0.0006194684957193991,0.0012188318790629868,0.0012162595690490211,0.0012098414394778097,0.8916017936258052,0.9127353213772192,0.7490065666829328,0.74880515706106,0.7489018974399703
beagle,25%,6, 40%~50%,62353.0,0.7833190937813009,0.8467446301836814,0.7487444860000331,0.7490450925405612,0.7488835254036931,0.0012583104866279182,0.0008226235418497324,0.0015038405560390037,0.0014891670536937513,0.0014874207556733493,0.8916017936258052,0.9127353213772192,0.7490065666829328,0.74880515706106,0.7489018974399703
beagle,25%,6, Overall,564646.0,0.8916017936258052,0.9127353213772192,0.7490065666829328,0.74880515706106,0.7489018974399703,0.00023402022845837143,0.00017226127336507517,0.0005510866532233648,0.0005548146630555591,0.0005500467170519619,0.8916017936258052,0.9127353213772192,0.7490065666829328,0.74880515706106,0.7489018974399703
beagle,5%,7, 0.1%~0.5%,17246.0,0.9865572693184893,0.9173538391558779,0.754998095855599,0.7552631227937895,0.7550848072131763,0.0001459541079427597,0.0006752709387549149,0.002654366419430531,0.002646981425912996,0.0027029594822720027,0.8914473704239102,0.9141105503798084,0.7498420555485978,0.749843849682823,0.7498423837110361
beagle,5%,7, 0.5%~1%,19954.0,0.9842679830276303,0.9213463721626272,0.747900346832809,0.7481491716158514,0.7479355786082179,0.00018862585903539243,0.0010578411657320072,0.002930070771642277,0.002938827664534259,0.0029475047889698106,0.8914473704239102,0.9141105503798084,0.7498420555485978,0.749843849682823,0.7498423837110361
beagle,5%,7, 1%~10%,178189.0,0.9602105748458779,0.9368443009209138,0.7499165314148227,0.7501180787847801,0.7500118655591251,0.00012369434204964825,0.0001908154102997781,0.0007875246999899773,0.0007886522061724437,0.0007881848166513561,0.8914473704239102,0.9141105503798084,0.7498420555485978,0.749843849682823,0.7498423837110361
beagle,5%,7, 10%~20%,97290.0,0.889677923234815,0.9132848230138833,0.7502799337505155,0.7502500835173853,0.7502619898308988,0.0014228452611393808,0.0010650277167345045,0.0032268605601669578,0.003232035046790527,0.003231648129945176,0.8914473704239102,0.9141105503798084,0.7498420555485978,0.749843849682823,0.7498423837110361
beagle,5%,7, 20%~30%,69358.0,0.8350904660667053,0.8891225955583243,0.7499375521357557,0.7499293512276629,0.7499333648092067,0.0016829838588585469,0.0010950875990410553,0.0025493973058980856,0.002549848844307649,0.0025496726871281675,0.8914473704239102,0.9141105503798084,0.7498420555485978,0.749843849682823,0.7498423837110361
beagle,5%,7, 30%~40%,61200.0,0.7994545949693008,0.8638894955091853,0.7499551158476976,0.7499861122884611,0.7499681058911046,0.0028172694393548887,0.0018236860791121562,0.0035129064950638485,0.003511237786073786,0.003511703824670435,0.8914473704239102,0.9141105503798084,0.7498420555485978,0.749843849682823,0.7498423837110361
beagle,5%,7, 40%~50%,54457.0,0.7806380179858338,0.846362655261195,0.748874872168289,0.7489119672435766,0.7488907735313673,0.00352595053285381,0.0023669319327464734,0.004037294519514646,0.004030936284251141,0.004034213881620058,0.8914473704239102,0.9141105503798084,0.7498420555485978,0.749843849682823,0.7498423837110361
beagle,5%,7, Overall,497694.0,0.8914473704239102,0.9141105503798084,0.7498420555485978,0.749843849682823,0.7498423837110361,0.0012601442477015508,0.0009739106908052914,0.00290700149810314,0.0029050493991803496,0.0029058385179261525,0.8914473704239102,0.9141105503798084,0.7498420555485978,0.749843849682823,0.7498423837110361
beagle,15%,7, 0.1%~0.5%,17246.0,0.9859343756479323,0.9131642428662143,0.7443602145793061,0.7451794632689293,0.7446972746278494,0.0001659121310725228,0.0008082516558772551,0.002832306722830104,0.0027069167723845432,0.002804867207049694,0.8909403350068699,0.9124904465793765,0.7492164536031446,0.7491273203244401,0.7491710771785778
beagle,15%,7, 0.5%~1%,19954.0,0.9839915897473279,0.9192403482866475,0.7443350798909353,0.7451636784394505,0.7447309517292267,0.000321998051939987,0.0015038356029340365,0.005243145137235692,0.005335301401454515,0.0052761740995941955,0.8909403350068699,0.9124904465793765,0.7492164536031446,0.7491273203244401,0.7491710771785778
beagle,15%,7, 1%~10%,178189.0,0.9599590968867412,0.9348633722339766,0.749839275674898,0.7495702891024741,0.7496968099024208,0.0001968790500883758,0.00024966959549552116,0.0012406048725626946,0.0012394363781091722,0.001242494227845334,0.8909403350068699,0.9124904465793765,0.7492164536031446,0.7491273203244401,0.7491710771785778
beagle,15%,7, 10%~20%,97290.0,0.8891244389625518,0.9114881005276576,0.7496669676306434,0.7494892137555742,0.7495752324799874,0.001214101313313719,0.0009516277824861612,0.0027585941825464776,0.002736072046638814,0.0027483718386138913,0.8909403350068699,0.9124904465793765,0.7492164536031446,0.7491273203244401,0.7491710771785778
beagle,15%,7, 20%~30%,69358.0,0.8344799970639816,0.8873610177897375,0.7493058649740925,0.7493220462849849,0.7493068799589931,0.000538890587305722,0.00041137308309314145,0.0008068642320585111,0.000810414343744393,0.000814962887771386,0.8909403350068699,0.9124904465793765,0.7492164536031446,0.7491273203244401,0.7491710771785778
beagle,15%,7, 30%~40%,61200.0,0.7984629382055853,0.8616661330337081,0.7488155532403554,0.7489470935560018,0.7488799619845817,0.0035600413640265033,0.0023328101490607722,0.0044542627670781845,0.0044479626017107,0.004449900992939517,0.8909403350068699,0.9124904465793765,0.7492164536031446,0.7491273203244401,0.7491710771785778
beagle,15%,7, 40%~50%,54457.0,0.7800062991039357,0.8443273508479834,0.7481177812487972,0.7483114329226374,0.7482122113759129,0.0034614566426153614,0.0023149243517312018,0.003961466958090153,0.00395934823631476,0.0039622764679639435,0.8909403350068699,0.9124904465793765,0.7492164536031446,0.7491273203244401,0.7491710771785778
beagle,15%,7, Overall,497694.0,0.8909403350068699,0.9124904465793765,0.7492164536031446,0.7491273203244401,0.7491710771785778,0.0011592852912613602,0.0009111205968237217,0.0026792003235926775,0.0026743420029511802,0.0026775447602082397,0.8909403350068699,0.9124904465793765,0.7492164536031446,0.7491273203244401,0.7491710771785778
beagle,25%,7, 0.1%~0.5%,17246.0,0.9859427218959865,0.9111194818629579,0.7457002496547455,0.7462181880074191,0.7458988143163472,0.00026610024557367567,0.0012826896736963982,0.004874004371899957,0.005067760865435101,0.0049221613542515886,0.8902911135246666,0.9108627268114745,0.7482104057617076,0.7480080764649791,0.7481066367246022
beagle,25%,7, 0.5%~1%,19954.0,0.9840682812893898,0.9169946109612391,0.7476289154181104,0.7480912057425931,0.7477325766259849,0.00046623295039434516,0.0025290632066539945,0.007441058045926907,0.007475528612565307,0.007463203142671327,0.8902911135246666,0.9108627268114745,0.7482104057617076,0.7480080764649791,0.7481066367246022
beagle,25%,7, 1%~10%,178189.0,0.9594639637824122,0.9325602724539271,0.7481962793103293,0.7472918046050099,0.7477391315345692,0.00015266566918693345,0.00026916406296315527,0.0009352875179487933,0.0009557848420396265,0.0009439489814381012,0.8902911135246666,0.9108627268114745,0.7482104057617076,0.7480080764649791,0.7481066367246022
beagle,25%,7, 10%~20%,97290.0,0.888230438831734,0.909608723331148,0.7482081741079115,0.7478719809124033,0.7480370049766201,0.0007167873047571959,0.0005627997854730421,0.0016294627662889571,0.0016299462673820461,0.0016278342838695991,0.8902911135246666,0.9108627268114745,0.7482104057617076,0.7480080764649791,0.7481066367246022
beagle,25%,7, 20%~30%,69358.0,0.8337493784990829,0.8857198202676709,0.7484301892490217,0.7484591582833389,0.748435064043483,0.00031677791699822645,0.00022342025676945197,0.00047168761464028126,0.000469939277221775,0.00048031714724109124,0.8902911135246666,0.9108627268114745,0.7482104057617076,0.7480080764649791,0.7481066367246022
beagle,25%,7, 30%~40%,61200.0,0.7974244899980194,0.8595506776115506,0.7475680942521006,0.7478166992769566,0.7476899007315274,0.0007350803979080462,0.0004454786069145612,0.0009152824984229498,0.000920895558160584,0.0009177949941645098,0.8902911135246666,0.9108627268114745,0.7482104057617076,0.7480080764649791,0.7481066367246022
beagle,25%,7, 40%~50%,54457.0,0.779357051796775,0.8424163188912468,0.7473318842385334,0.7476784294706261,0.7475026803724759,0.001699213998635894,0.0010613474636911257,0.0019538260562412717,0.0019475832188677864,0.0019503666799355187,0.8902911135246666,0.9108627268114745,0.7482104057617076,0.7480080764649791,0.7481066367246022
beagle,25%,7, Overall,497694.0,0.8902911135246666,0.9108627268114745,0.7482104057617076,0.7480080764649791,0.7481066367246022,0.0001303446424566844,8.102295716359555e-05,0.000310435832315225,0.0003059090764747094,0.0003071590177997574,0.8902911135246666,0.9108627268114745,0.7482104057617076,0.7480080764649791,0.7481066367246022
beagle,5%,8, 0.1%~0.5%,18736.0,0.9863538512796625,0.8983225915573634,0.747665669477256,0.7480434039947091,0.7477465814244894,0.00038119230823038716,0.002522918200794821,0.007022378623232047,0.006945504517241076,0.00706685642157684,0.8965199433080789,0.9177268091459855,0.7498601213926901,0.7498583986300279,0.7498395677384352
beagle,5%,8, 0.5%~1%,20000.0,0.9851617424242424,0.9307259525638899,0.7511038002739787,0.7514389335946282,0.7512218664266846,0.0005019028015227069,0.0020776664722269517,0.008570319486912576,0.008585004019175673,0.0085338656418823,0.8965199433080789,0.9177268091459855,0.7498601213926901,0.7498583986300279,0.7498395677384352
beagle,5%,8, 1%~10%,175624.0,0.9625375198944303,0.9365720227957915,0.7485580934249095,0.7487483054002174,0.7486389090756279,0.000462790126266869,0.0007557016324291231,0.003122054637325858,0.003131317931925458,0.0031234511694317466,0.8965199433080789,0.9177268091459855,0.7498601213926901,0.7498583986300279,0.7498395677384352
beagle,5%,8, 10%~20%,87505.0,0.8924785250366645,0.9159756569304031,0.7502938622956479,0.7502619718400036,0.7502547824852122,0.0005394298940986239,0.000375744139687738,0.0012843817821256574,0.0012864675915226199,0.0012708603428560831,0.8965199433080789,0.9177268091459855,0.7498601213926901,0.7498583986300279,0.7498395677384352
beagle,5%,8, 20%~30%,64399.0,0.8385936258185828,0.8924931023918831,0.7497494986483382,0.7497387908209706,0.7497183472770749,0.0004893206910774164,0.00032625678881668214,0.0007564616623506256,0.0007562462834977076,0.0007604861987149221,0.8965199433080789,0.9177268091459855,0.7498601213926901,0.7498583986300279,0.7498395677384352
beagle,5%,8, 30%~40%,57235.0,0.806130493367324,0.8709599475813667,0.7495285992291051,0.7495500773040753,0.7495268100282978,0.0007924862478140852,0.0005061762033126927,0.0010465283084089968,0.0010481731218512462,0.0010336204758183113,0.8965199433080789,0.9177268091459855,0.7498601213926901,0.7498583986300279,0.7498395677384352
beagle,5%,8, 40%~50%,53358.0,0.7879560248839458,0.8537935662858344,0.750448307177796,0.7504818000165511,0.7504360265169053,0.0013829301683578679,0.0008949635385631662,0.0016283017814235055,0.0016280747931152464,0.0016289166694332883,0.8965199433080789,0.9177268091459855,0.7498601213926901,0.7498583986300279,0.7498395677384352
beagle,5%,8, Overall,476857.0,0.8965199433080789,0.9177268091459855,0.7498601213926901,0.7498583986300279,0.7498395677384352,0.00032275370411931147,0.00022763147538464994,0.0007966710205499236,0.0007979275834003707,0.0007866880025356342,0.8965199433080789,0.9177268091459855,0.7498601213926901,0.7498583986300279,0.7498395677384352
beagle,15%,8, 0.1%~0.5%,18736.0,0.986557639805398,0.8983839876010173,0.7521550064224449,0.7531724750913745,0.7526389998605697,0.0006519840190912376,0.0046041117099753495,0.011985909605922374,0.012032984821954045,0.012016332285657008,0.8964657532488141,0.9165680517902968,0.7502717796931635,0.7501654403006454,0.7502063561545388
beagle,15%,8, 0.5%~1%,20000.0,0.9851636363636365,0.9295257649893126,0.7521590673727166,0.7530291043971231,0.7525381455708661,0.0002554771908435786,0.0012148212917101645,0.004153231671905195,0.00425771999093917,0.004260201519382312,0.8964657532488141,0.9165680517902968,0.7502717796931635,0.7501654403006454,0.7502063561545388
beagle,15%,8, 1%~10%,175624.0,0.9624915366713185,0.9349006667621683,0.7497486574232407,0.7494580750449794,0.7495832276745261,0.0002508796752461162,0.00036696547110849024,0.0017025232342588674,0.001701494004654729,0.0016958548165372002,0.8964657532488141,0.9165680517902968,0.7502717796931635,0.7501654403006454,0.7502063561545388
beagle,15%,8, 10%~20%,87505.0,0.8922091032027607,0.9145076706035457,0.750297142416091,0.7501046438200037,0.750189606031932,0.0006686557290253426,0.0004966578630138252,0.0015543368617052067,0.0015481455999213616,0.0015539130794964924,0.8964657532488141,0.9165680517902968,0.7502717796931635,0.7501654403006454,0.7502063561545388
beagle,15%,8, 20%~30%,64399.0,0.8388877203532711,0.8914322406368026,0.7504897710843963,0.750491167534583,0.750480048247442,0.0008361713601552671,0.0005297695164224038,0.0013063764527734452,0.0012988658418573837,0.0013031775125658966,0.8964657532488141,0.9165680517902968,0.7502717796931635,0.7501654403006454,0.7502063561545388
beagle,15%,8, 30%~40%,57235.0,0.8061124920913513,0.8695868455401191,0.7496220974691136,0.7497237172837932,0.7496617059401283,0.0016575263610825056,0.0010805312571205777,0.0021368054658702277,0.0021363830272061596,0.002136437106985741,0.8964657532488141,0.9165680517902968,0.7502717796931635,0.7501654403006454,0.7502063561545388
beagle,15%,8, 40%~50%,53358.0,0.787657015448537,0.8520998805893122,0.7500978518287348,0.7502517559248404,0.7501585944574196,0.0023354198118537154,0.0015579230712252502,0.002758444574528665,0.002756667282281137,0.002750834560820562,0.8964657532488141,0.9165680517902968,0.7502717796931635,0.7501654403006454,0.7502063561545388
beagle,15%,8, Overall,476857.0,0.8964657532488141,0.9165680517902968,0.7502717796931635,0.7501654403006454,0.7502063561545388,0.0006259435674386638,0.0004886974202215701,0.0015167629216667907,0.0015168939635411647,0.0015143840416845943,0.8964657532488141,0.9165680517902968,0.7502717796931635,0.7501654403006454,0.7502063561545388
beagle,25%,8, 0.1%~0.5%,18736.0,0.9862588308361153,0.8939289385171025,0.7477846691031179,0.7487276185502414,0.7481194492737372,0.0004568089380173218,0.0033039551650207253,0.008453683546002533,0.008399172361112447,0.008318188503633316,0.8958927144221688,0.9150387187251559,0.7494002890269554,0.7491712126371951,0.7492724859554806
beagle,25%,8, 0.5%~1%,20000.0,0.9848931818181819,0.926179611838478,0.7496589647032582,0.7503671593952929,0.7498112054165533,0.0003897926048469416,0.0015923252354700275,0.006632537677686595,0.006487635992452921,0.006589791138052067,0.8958927144221688,0.9150387187251559,0.7494002890269554,0.7491712126371951,0.7492724859554806
beagle,25%,8, 1%~10%,175624.0,0.9621994181094874,0.9329345609699039,0.7492358506516105,0.7483310366901238,0.748761982920589,0.0006465762509398697,0.001134659417871494,0.004356848854963184,0.004324753358357816,0.0043616417275455475,0.8958927144221688,0.9150387187251559,0.7494002890269554,0.7491712126371951,0.7492724859554806
beagle,25%,8, 10%~20%,87505.0,0.8918075677060878,0.9130135634138586,0.7499556265952876,0.7496110242293721,0.7497698483589498,0.00054139795110849,0.00043693168323068323,0.001257794406504041,0.0012541293900632307,0.0012539893344326962,0.8958927144221688,0.9150387187251559,0.7494002890269554,0.7491712126371951,0.7492724859554806
beagle,25%,8, 20%~30%,64399.0,0.8381311915722388,0.8897232229478677,0.7495856756062641,0.7495805646696873,0.7495734726585592,0.0014382169879898694,0.000915736285435753,0.0022492789906106265,0.0022318728786625565,0.0022431305265879307,0.8958927144221688,0.9150387187251559,0.7494002890269554,0.7491712126371951,0.7492724859554806
beagle,25%,8, 30%~40%,57235.0,0.8055870136677336,0.8679961873147208,0.7490479123285897,0.7492290313343027,0.7491184703604464,0.0028238103855685644,0.0018121446443173498,0.003679394272061848,0.0036585904627464347,0.0036604643124266397,0.8958927144221688,0.9150387187251559,0.7494002890269554,0.7491712126371951,0.7492724859554806
beagle,25%,8, 40%~50%,53358.0,0.7858388222719719,0.8493952974756996,0.7479354719826681,0.7482327889893088,0.7480685749768775,0.0032486573459531765,0.0021378418997758677,0.0038287391028690968,0.003811528407636116,0.0038267004910709813,0.8958927144221688,0.9150387187251559,0.7494002890269554,0.7491712126371951,0.7492724859554806
beagle,25%,8, Overall,476857.0,0.8958927144221688,0.9150387187251559,0.7494002890269554,0.7491712126371951,0.7492724859554806,0.001162437169932236,0.0009040545106369696,0.002828711633646889,0.0028081614528439203,0.00281924918526944,0.8958927144221688,0.9150387187251559,0.7494002890269554,0.7491712126371951,0.7492724859554806
beagle,5%,9, 0.1%~0.5%,13231.0,0.9864786096930303,0.9251501717289226,0.7485585689835613,0.7488905385573942,0.7486939529279306,0.0002005137496170875,0.0010362087864894318,0.0037936126147762837,0.003811484295373202,0.003795863855465002,0.8941271944447168,0.9159248167889035,0.7478722261132739,0.7478723765423944,0.74787084779542
beagle,5%,9, 0.5%~1%,14292.0,0.98472497858518,0.9471086421349165,0.747963692300384,0.7482963147964347,0.7481168811539818,0.0003932235554959685,0.0013250217039294315,0.00654986705726578,0.006629581914220676,0.0065985110230631265,0.8941271944447168,0.9159248167889035,0.7478722261132739,0.7478723765423944,0.74787084779542
beagle,5%,9, 1%~10%,140302.0,0.9595139575538999,0.9364446598042876,0.747301349672353,0.7475040839055213,0.7473910577813303,0.0007650196850034364,0.001152945955415392,0.004779121659125171,0.0047762394259517555,0.00476839396378974,0.8941271944447168,0.9159248167889035,0.7478722261132739,0.7478723765423944,0.74787084779542
beagle,5%,9, 10%~20%,70996.0,0.8879368150489059,0.9141388159246772,0.7467871210487059,0.7467418067542532,0.7467576710468524,0.0006759818256023189,0.00047875394234443903,0.0015388929356996686,0.0015383273880621097,0.0015384930629901744,0.8941271944447168,0.9159248167889035,0.7478722261132739,0.7478723765423944,0.74787084779542
beagle,5%,9, 20%~30%,50656.0,0.8339823934225388,0.8881652322659316,0.7472552029988851,0.7472527170010528,0.74725223356295,0.0011780707042794375,0.0007992855464748544,0.0017849022139161117,0.001788422890272249,0.001786858526610202,0.8941271944447168,0.9159248167889035,0.7478722261132739,0.7478723765423944,0.74787084779542
beagle,5%,9, 30%~40%,42482.0,0.8010506767215491,0.8659168003249244,0.7486998204683827,0.7487338564570741,0.748698257822848,0.0004330420665387391,0.00029011722994041204,0.0005343117447659784,0.0005393521257219617,0.0005389036500935986,0.8941271944447168,0.9159248167889035,0.7478722261132739,0.7478723765423944,0.74787084779542
beagle,5%,9, 40%~50%,38881.0,0.7848101783764446,0.8508651509414461,0.7487596841317021,0.7488016729249577,0.748766780768202,0.0016928157754552851,0.0010822623718902314,0.0019671621647863622,0.001968904847100321,0.0019777113087657053,0.8941271944447168,0.9159248167889035,0.7478722261132739,0.7478723765423944,0.74787084779542
beagle,5%,9, Overall,370840.0,0.8941271944447168,0.9159248167889035,0.7478722261132739,0.7478723765423944,0.74787084779542,0.0005171063403336018,0.00040970148474796,0.001229805023623767,0.0012303964580447778,0.0012288034722266442,0.8941271944447168,0.9159248167889035,0.7478722261132739,0.7478723765423944,0.74787084779542
beagle,15%,9, 0.1%~0.5%,13231.0,0.9863606589666599,0.9236481307377189,0.7474131219786654,0.7482269809582496,0.7476102156635657,0.00042900031641008267,0.002751577958955555,0.007570967563257975,0.007433367189498725,0.007532609768449363,0.8943531147958934,0.9147613976700603,0.7490460545115218,0.7489222922200202,0.7489829984752273
beagle,15%,9, 0.5%~1%,14292.0,0.9847196778871842,0.9463271297233368,0.7488640379886041,0.7493544462042577,0.7490657655579191,0.0004333867667516653,0.0013182379125132838,0.00725258211024596,0.007378199329958658,0.007322422706342829,0.8943531147958934,0.9147613976700603,0.7490460545115218,0.7489222922200202,0.7489829984752273
beagle,15%,9, 1%~10%,140302.0,0.9595432234275586,0.9348793515899082,0.7490011099941013,0.7486925302831348,0.7488375637087081,0.0005745561857486049,0.0007965987725106711,0.003602744108449814,0.0035754776547928086,0.0035899915161622304,0.8943531147958934,0.9147613976700603,0.7490460545115218,0.7489222922200202,0.7489829984752273
beagle,15%,9, 10%~20%,70996.0,0.8887491740891932,0.9132915318217835,0.749358102259318,0.7491107990702828,0.7492277398828429,0.0005174476791162867,0.00038399545868405687,0.001179530415906252,0.0011753878200935672,0.001179498181499152,0.8943531147958934,0.9147613976700603,0.7490460545115218,0.7489222922200202,0.7489829984752273
beagle,15%,9, 20%~30%,50656.0,0.8352313106587032,0.8874349509427643,0.7495053684177925,0.7495218000665949,0.7495120090697762,0.0007141551445740562,0.0004828731145097832,0.0010963535449034234,0.0010954188720458833,0.0010968572616915188,0.8943531147958934,0.9147613976700603,0.7490460545115218,0.7489222922200202,0.7489829984752273
beagle,15%,9, 30%~40%,42482.0,0.8012780457462911,0.8642951623883416,0.749093934263167,0.7492367953740741,0.7491580074019631,0.0004974208058075926,0.00030439754755448275,0.0006348724494572389,0.000625573613497145,0.000634901077513352,0.8943531147958934,0.9147613976700603,0.7490460545115218,0.7489222922200202,0.7489829984752273
beagle,15%,9, 40%~50%,38881.0,0.7835425186252069,0.8482224413458831,0.7472665604389181,0.7474687315660088,0.7473653637971568,0.0003279076875531823,0.00028660017667478307,0.0003790475031079472,0.0003788315483855777,0.00037919833194136553,0.8943531147958934,0.9147613976700603,0.7490460545115218,0.7489222922200202,0.7489829984752273
beagle,15%,9, Overall,370840.0,0.8943531147958934,0.9147613976700603,0.7490460545115218,0.7489222922200202,0.7489829984752273,0.00031583539389829407,0.00020045743046720994,0.0007623537377041387,0.0007583639927672898,0.0007614634260543354,0.8943531147958934,0.9147613976700603,0.7490460545115218,0.7489222922200202,0.7489829984752273
beagle,25%,9, 0.1%~0.5%,13231.0,0.9866778662599084,0.9238343071781904,0.7544248529515812,0.7551127798837164,0.7547375362045295,5.815808724557964e-05,0.0001542488851595059,0.0011615137897525623,0.0013486853749092908,0.0012393843112354149,0.8948516758023554,0.9139041391584041,0.7508190810310452,0.7505607365919941,0.7506863702764742
beagle,25%,9, 0.5%~1%,14292.0,0.9848357631732947,0.9453475951145287,0.7528180831215799,0.7527590780960237,0.7527650507104272,0.00018995515545247165,0.0006853073585304034,0.003115892724211942,0.0028840019752993684,0.0030028371789699803,0.8948516758023554,0.9139041391584041,0.7508190810310452,0.7505607365919941,0.7506863702764742
beagle,25%,9, 1%~10%,140302.0,0.9597294558966524,0.9335170861070295,0.7517096802779243,0.7508372378604601,0.7512685238922684,0.0005122431654189932,0.0007782765845539972,0.003206513416964429,0.0031781032532891655,0.0031925206842563854,0.8948516758023554,0.9139041391584041,0.7508190810310452,0.7505607365919941,0.7506863702764742
beagle,25%,9, 10%~20%,70996.0,0.8881580182921104,0.9115400232484424,0.7486559355494203,0.7482295312649622,0.7484379400993159,0.0005298303536347634,0.000432380405219391,0.0012060539268071383,0.0011706113461503608,0.001190254794986639,0.8948516758023554,0.9139041391584041,0.7508190810310452,0.7505607365919941,0.7506863702764742
beagle,25%,9, 20%~30%,50656.0,0.8360743410095907,0.8865327497618717,0.7510796756162076,0.7511086194840896,0.7510915929859406,0.0018019393531140684,0.001226871979552084,0.002748558752215596,0.0027459887939321925,0.002748650425455297,0.8948516758023554,0.9139041391584041,0.7508190810310452,0.7505607365919941,0.7506863702764742
beagle,25%,9, 30%~40%,42482.0,0.8019530196746429,0.8631093148464334,0.7500580662811074,0.7503098855505786,0.7501630094713838,0.0020190735832202504,0.0011817313271750359,0.0025467985111804043,0.002541917980476786,0.002550688623928231,0.8948516758023554,0.9139041391584041,0.7508190810310452,0.7505607365919941,0.7506863702764742
beagle,25%,9, 40%~50%,38881.0,0.7867186824132375,0.8487148197615966,0.7509646118484916,0.7513230004118773,0.7511334247952429,0.0037774258715338876,0.002604833738428343,0.0044100438625070465,0.004400360488544834,0.004409798487099012,0.8948516758023554,0.9139041391584041,0.7508190810310452,0.7505607365919941,0.7506863702764742
beagle,25%,9, Overall,370840.0,0.8948516758023554,0.9139041391584041,0.7508190810310452,0.7505607365919941,0.7506863702764742,0.0011113840398806192,0.0008612453362549902,0.0026560138765171952,0.002640649430448868,0.0026492464960748054,0.8948516758023554,0.9139041391584041,0.7508190810310452,0.7505607365919941,0.7506863702764742
beagle,5%,10, 0.1%~0.5%,15629.0,0.986806771405914,0.9365562352121436,0.7557343602093218,0.7559818014950221,0.7558011057897854,0.00020489054217811759,0.0010692349656296922,0.0037891803726056226,0.00369657360522897,0.003707346077950587,0.8933513882732785,0.9153810005933014,0.7492612903058861,0.7492612525459327,0.7492608183368472
beagle,5%,10, 0.5%~1%,17161.0,0.98442866400736,0.9350938171318325,0.7497729330652984,0.7500108036477376,0.7498598283577577,0.0005369921862673582,0.0023563150542609424,0.008653149847051036,0.008608552276127144,0.008618590053252396,0.8933513882732785,0.9153810005933014,0.7492612903058861,0.7492612525459327,0.7492608183368472
beagle,5%,10, 1%~10%,158673.0,0.9599275449089216,0.9397320356071298,0.7487713985146963,0.7489455630129992,0.7488275335097277,0.00028221742254444705,0.00038235143575385353,0.0018102521279400336,0.001817215942918928,0.0017905409025588065,0.8933513882732785,0.9153810005933014,0.7492612903058861,0.7492612525459327,0.7492608183368472
beagle,5%,10, 10%~20%,84925.0,0.8889707495918859,0.913193741091444,0.7487667553633197,0.7487456880131775,0.7487492521218727,0.0010008134351499511,0.000789410717857705,0.0022698511474273397,0.0022758537249922225,0.002267861155108343,0.8933513882732785,0.9153810005933014,0.7492612903058861,0.7492612525459327,0.7492608183368472
beagle,5%,10, 20%~30%,57715.0,0.8364010458916463,0.8895920569398239,0.749169833715395,0.7491624432667366,0.7491584550612197,0.002664416588671794,0.0017153703903229091,0.00408675667236798,0.004083711194956264,0.00408834112919028,0.8933513882732785,0.9153810005933014,0.7492612903058861,0.7492612525459327,0.7492608183368472
beagle,5%,10, 30%~40%,50759.0,0.8004679868684281,0.8645612612489556,0.7499205873801448,0.7499489839252332,0.7499313517936042,0.001480587938418714,0.0009799457082585192,0.0018471317579319669,0.0018501233761854241,0.0018484235369327711,0.8933513882732785,0.9153810005933014,0.7492612903058861,0.7492612525459327,0.7492608183368472
beagle,5%,10, 40%~50%,47287.0,0.7830917716509952,0.8489321251245304,0.7490622642857053,0.7491040629774153,0.7490793143260621,0.0018999463743287022,0.0012481205957572401,0.002201580747653672,0.002198644226626119,0.0022007976246860342,0.8933513882732785,0.9153810005933014,0.7492612903058861,0.7492612525459327,0.7492608183368472
beagle,5%,10, Overall,432149.0,0.8933513882732785,0.9153810005933014,0.7492612903058861,0.7492612525459327,0.7492608183368472,0.000865957999421032,0.0006521187876851574,0.002039487530166212,0.00204030326587555,0.0020400685590922117,0.8933513882732785,0.9153810005933014,0.7492612903058861,0.7492612525459327,0.7492608183368472
beagle,15%,10, 0.1%~0.5%,15629.0,0.9862309188241749,0.9328607534886139,0.7462566393455715,0.747055706897846,0.7462204756168799,0.0001985163891797341,0.0010331879944460397,0.003685309018203589,0.003466937237996407,0.0034892282483695008,0.8939233360659767,0.914630353454585,0.7511692285191343,0.7510599686759222,0.7511139296404562
beagle,15%,10, 0.5%~1%,17161.0,0.9842414883642085,0.9334455789397191,0.7479625483122935,0.7486824808931681,0.7482496747454243,0.0006752384449498395,0.00269035779132135,0.01077255538137309,0.01075615318295739,0.010805126580342729,0.8939233360659767,0.914630353454585,0.7511692285191343,0.7510599686759222,0.7511139296404562
beagle,15%,10, 1%~10%,158673.0,0.9598271382979556,0.9381571556789696,0.7496189138586278,0.7492925594799037,0.7494437011630404,0.0009354702996254016,0.001392120935240362,0.0058406449875954,0.005827047732584562,0.005839262291114846,0.8939233360659767,0.914630353454585,0.7511692285191343,0.7510599686759222,0.7511139296404562
beagle,15%,10, 10%~20%,84925.0,0.8898686898421958,0.9125498500946133,0.7514383318851499,0.7512430631154953,0.7513371864402173,0.0020478447495002054,0.001574952762430191,0.004641138852707603,0.004634905944666649,0.004636971384833093,0.8939233360659767,0.914630353454585,0.7511692285191343,0.7510599686759222,0.7511139296404562
beagle,15%,10, 20%~30%,57715.0,0.8382730974301623,0.8894705111293502,0.7523577202942574,0.7523505777907665,0.7523466821939099,0.0018655239522757064,0.0012152223012710666,0.0028668937086803914,0.002859458904542692,0.002869636992452665,0.8939233360659767,0.914630353454585,0.7511692285191343,0.7510599686759222,0.7511139296404562
beagle,15%,10, 30%~40%,50759.0,0.801226473048219,0.8635162744983119,0.7509672273811625,0.7510954108041328,0.751028541683885,0.002300923926196902,0.001492404600814886,0.0028834694101258305,0.0028777729809358575,0.0028803223043298532,0.8939233360659767,0.914630353454585,0.7511692285191343,0.7510599686759222,0.7511139296404562
beagle,15%,10, 40%~50%,47287.0,0.7842021735745169,0.8480813404696308,0.7503156109230845,0.75051593778052,0.7504114638194145,0.001735102397026316,0.0011403461519332127,0.0020132967250382832,0.0020092143339590055,0.0020076321857887586,0.8939233360659767,0.914630353454585,0.7511692285191343,0.7510599686759222,0.7511139296404562
beagle,15%,10, Overall,432149.0,0.8939233360659767,0.914630353454585,0.7511692285191343,0.7510599686759222,0.7511139296404562,0.001417290216271441,0.0010817593928854766,0.0033366602363815584,0.0033284884821228287,0.0033324461817794333,0.8939233360659767,0.914630353454585,0.7511692285191343,0.7510599686759222,0.7511139296404562
beagle,25%,10, 0.1%~0.5%,15629.0,0.9863457985058854,0.9325890661764259,0.7491905442812596,0.7499684341947369,0.7494893223594605,0.0001892232672797707,0.0011667591703447206,0.0031168369526898706,0.0030635127936577988,0.0031546780201719207,0.8920601494279786,0.9120758004809698,0.7472672642499768,0.7470601313064447,0.7471625075113654
beagle,25%,10, 0.5%~1%,17161.0,0.9840688806366797,0.9310659270382984,0.7468458598147277,0.7471182602962894,0.7469105244693465,0.0004653944647825087,0.0021046300797613335,0.007329244660302854,0.00739148225280626,0.007285290361047805,0.8920601494279786,0.9120758004809698,0.7472672642499768,0.7470601313064447,0.7471625075113654
beagle,25%,10, 1%~10%,158673.0,0.9593792474670129,0.936011429397477,0.7482434878769949,0.7473717266292702,0.747785955127681,0.0004047245679472898,0.0005651671709532022,0.0025606294494435636,0.0025710150854856956,0.002577217069504099,0.8920601494279786,0.9120758004809698,0.7472672642499768,0.7470601313064447,0.7471625075113654
beagle,25%,10, 10%~20%,84925.0,0.8875110837548282,0.9096055207358935,0.7466144161878213,0.7462907721642406,0.7464498536467588,0.0011277368474268401,0.0009008707275776344,0.0025455770432337263,0.0025401479989542904,0.002542976566459697,0.8920601494279786,0.9120758004809698,0.7472672642499768,0.7470601313064447,0.7471625075113654
beagle,25%,10, 20%~30%,57715.0,0.835322601392947,0.8862674985900565,0.7480642836311211,0.748087244895039,0.7480726923502244,0.0019628285874930965,0.0012178137940298938,0.003031498934551825,0.0030205064954468975,0.0030231992314543074,0.8920601494279786,0.9120758004809698,0.7472672642499768,0.7470601313064447,0.7471625075113654
beagle,25%,10, 30%~40%,50759.0,0.7978782087905593,0.859851432949783,0.7468064510164073,0.7470628773703697,0.7469329120061382,0.0022969474624515655,0.001506904208339772,0.002877686954750528,0.002872021048514537,0.0028752008313280048,0.8920601494279786,0.9120758004809698,0.7472672642499768,0.7470601313064447,0.7471625075113654
beagle,25%,10, 40%~50%,47287.0,0.7801317679085353,0.8439952252239588,0.7455572917224377,0.7459107415504631,0.7457328660832697,0.001994386427283185,0.0012884634632181935,0.0023036795362456875,0.0023048436316154834,0.002304070198838655,0.8920601494279786,0.9120758004809698,0.7472672642499768,0.7470601313064447,0.7471625075113654
beagle,25%,10, Overall,432149.0,0.8920601494279786,0.9120758004809698,0.7472672642499768,0.7470601313064447,0.7471625075113654,0.0011030657777976068,0.0008377213236580541,0.002605619066390921,0.002597810031058355,0.002601831524909252,0.8920601494279786,0.9120758004809698,0.7472672642499768,0.7470601313064447,0.7471625075113654
beagle,5%,11, 0.1%~0.5%,15327.0,0.986761824548084,0.9274791420651258,0.7513438494205243,0.751612530349492,0.7510290711590538,0.00013904079375927375,0.000855654208952228,0.0022085663327140325,0.0023064012211593855,0.0024826819973953716,0.8924844505886703,0.9179790491002621,0.7472194434550339,0.7472203527564122,0.7472169551187671
beagle,5%,11, 0.5%~1%,17417.0,0.9852377770934354,0.9506087061437456,0.7519170041713701,0.752153036031566,0.752002363405086,0.00039163231317526187,0.0012170361733216646,0.006659066037314494,0.006718385972950142,0.0066722709409481095,0.8924844505886703,0.9179790491002621,0.7472194434550339,0.7472203527564122,0.7472169551187671
beagle,5%,11, 1%~10%,150166.0,0.9609008454885682,0.9461938832593342,0.7459996879582352,0.7461812610849826,0.7460628878212153,0.0003865859212613729,0.0005214605783771763,0.0025145434969000013,0.002517467044589969,0.0025171642914766446,0.8924844505886703,0.9179790491002621,0.7472194434550339,0.7472203527564122,0.7472169551187671
beagle,5%,11, 10%~20%,79896.0,0.8915188229546896,0.9175982221263631,0.748173728740487,0.7481439425193583,0.7481586597517245,0.0003998971592901859,0.00030227360060625325,0.0009291487862853053,0.0009329359166926677,0.0009308861867875346,0.8924844505886703,0.9179790491002621,0.7472194434550339,0.7472203527564122,0.7472169551187671
beagle,5%,11, 20%~30%,58219.0,0.8356219749149892,0.8910289166328891,0.746925951897845,0.7469166204309109,0.7469210778108385,0.0013504866450938615,0.0008417720720394169,0.0020854603631880668,0.002084548542455189,0.0020849557562717205,0.8924844505886703,0.9179790491002621,0.7472194434550339,0.7472203527564122,0.7472169551187671
beagle,5%,11, 30%~40%,50671.0,0.8017183638002252,0.867373088987441,0.747801697990381,0.7478269923467412,0.7478106845789236,0.0022750265834781823,0.001486856119504931,0.0028740035765274677,0.002874003507564961,0.002874123223846183,0.8924844505886703,0.9179790491002621,0.7472194434550339,0.7472203527564122,0.7472169551187671
beagle,5%,11, 40%~50%,47783.0,0.7805731910486741,0.8472778700498259,0.7463644593841222,0.7464007752295517,0.746370020831543,0.0011249859799140095,0.0007482914379527538,0.0012968140016545024,0.0012972797252346468,0.0013098296768972477,0.8924844505886703,0.9179790491002621,0.7472194434550339,0.7472203527564122,0.7472169551187671
beagle,5%,11, Overall,419479.0,0.8924844505886703,0.9179790491002621,0.7472194434550339,0.7472203527564122,0.7472169551187671,0.0005260385474463321,0.0004170237784080831,0.0012234146419322005,0.0012241895084736125,0.001226245200826555,0.8924844505886703,0.9179790491002621,0.7472194434550339,0.7472203527564122,0.7472169551187671
beagle,15%,11, 0.1%~0.5%,15327.0,0.9866273816655496,0.9263811993765491,0.7491938945128668,0.7499434716691146,0.7493179436752647,0.00029630681066702795,0.0019769141670538093,0.005280194534539657,0.00525204011706814,0.005403344273693904,0.8918588910471699,0.9163848946736541,0.7462904446561284,0.7461937931440482,0.7462387388033692
beagle,15%,11, 0.5%~1%,17417.0,0.9851011985851509,0.9496227980265438,0.7505202924910451,0.7511498127062213,0.7508183705304742,0.00013699690065002148,0.00036853212740034795,0.002369489168127849,0.0024546195332327643,0.0024110581753918328,0.8918588910471699,0.9163848946736541,0.7462904446561284,0.7461937931440482,0.7462387388033692
beagle,15%,11, 1%~10%,150166.0,0.9603782924674471,0.9441076343728388,0.7441667522734546,0.7438851743456848,0.7439730423581444,0.0003762081618545606,0.0005594169433937067,0.0023826827429124136,0.0023730218970118926,0.002418504730232746,0.8918588910471699,0.9163848946736541,0.7462904446561284,0.7461937931440482,0.7462387388033692
beagle,15%,11, 10%~20%,79896.0,0.890099269201477,0.9152683916942287,0.7455229731115969,0.7453197359564658,0.745417711227072,0.0013636390456656287,0.0009855709420755095,0.0032047146176747664,0.0031830588927360794,0.003196088132042758,0.8918588910471699,0.9163848946736541,0.7462904446561284,0.7461937931440482,0.7462387388033692
beagle,15%,11, 20%~30%,58219.0,0.8350321174957461,0.889352609325634,0.7463058429266084,0.7463154509281994,0.7463055441889845,0.00232678976955548,0.0014553827253371656,0.0036141117710222818,0.0036083713769934473,0.0036070781401141513,0.8918588910471699,0.9163848946736541,0.7462904446561284,0.7461937931440482,0.7462387388033692
beagle,15%,11, 30%~40%,50671.0,0.8013006363690187,0.8656667815188056,0.7473730020920933,0.7474906981558834,0.7474300294500399,0.0023332572586104495,0.0014988783952043228,0.0029797901442034074,0.0029704558615662835,0.002976471341104166,0.8918588910471699,0.9163848946736541,0.7462904446561284,0.7461937931440482,0.7462387388033692
beagle,15%,11, 40%~50%,47783.0,0.7803518621748955,0.8456166282438068,0.7460865281244323,0.7462673718378029,0.7461736338316026,0.0041453050760781734,0.0028025330475370757,0.00479474160449584,0.004787872622798927,0.0047869216936181225,0.8918588910471699,0.9163848946736541,0.7462904446561284,0.7461937931440482,0.7462387388033692
beagle,15%,11, Overall,419479.0,0.8918588910471699,0.9163848946736541,0.7462904446561284,0.7461937931440482,0.7462387388033692,0.001362087474462904,0.0010018315210274578,0.0032157005756257608,0.0032138547012723843,0.0032123981990915445,0.8918588910471699,0.9163848946736541,0.7462904446561284,0.7461937931440482,0.7462387388033692
beagle,25%,11, 0.1%~0.5%,15327.0,0.9864790990745189,0.9242791167254157,0.7476613552308673,0.7482742551016733,0.7477191687330773,0.000418696405465879,0.002680692302603598,0.007516728128861644,0.007189892927210108,0.007433969911676721,0.8919674853517786,0.9154105582092115,0.7470434690893645,0.746833882606842,0.7469352356418142
beagle,25%,11, 0.5%~1%,17417.0,0.9851781871073367,0.9487664362986344,0.7532775890923037,0.7534679849332363,0.7532944200176731,0.0004058068680308258,0.0015363729181347445,0.006884281929998298,0.006886617071177819,0.006833357904481277,0.8919674853517786,0.9154105582092115,0.7470434690893645,0.746833882606842,0.7469352356418142
beagle,25%,11, 1%~10%,150166.0,0.9608183610138115,0.9434187299788069,0.748542927073992,0.747599230854122,0.7480085340634431,0.00014569922531950513,0.0002519311489706673,0.0009012032098511471,0.00089144386837241,0.0009464425292224366,0.8919674853517786,0.9154105582092115,0.7470434690893645,0.746833882606842,0.7469352356418142
beagle,25%,11, 10%~20%,79896.0,0.8904099002946255,0.9143884626813891,0.7468194148304951,0.7464691569407024,0.7466424226950359,0.0010062413198303804,0.0007023211000839224,0.0023555539945633937,0.00232963152480485,0.002343083010501956,0.8919674853517786,0.9154105582092115,0.7470434690893645,0.746833882606842,0.7469352356418142
beagle,25%,11, 20%~30%,58219.0,0.8345414154600159,0.8877811700167024,0.7458120585814404,0.7458340993752129,0.7458171716847595,0.0005598148826044608,0.00040837636071113615,0.0008405316987355226,0.0008466216739876282,0.000847722148966857,0.8919674853517786,0.9154105582092115,0.7470434690893645,0.746833882606842,0.7469352356418142
beagle,25%,11, 30%~40%,50671.0,0.8010200084562146,0.8641862531652156,0.7470923714764078,0.7473057153717698,0.7471957865017672,0.0007288784968131498,0.00041993338259783974,0.0009247802750334482,0.0009265592112625003,0.0009271057381069868,0.8919674853517786,0.9154105582092115,0.7470434690893645,0.746833882606842,0.7469352356418142
beagle,25%,11, 40%~50%,47783.0,0.7803177749916129,0.844112968362733,0.7460046148535276,0.7463365060402983,0.7461671297595652,0.001355017273811086,0.0009520732343538708,0.0015710168637946933,0.0015658676705252738,0.0015703900074342044,0.8919674853517786,0.9154105582092115,0.7470434690893645,0.746833882606842,0.7469352356418142
beagle,25%,11, Overall,419479.0,0.8919674853517786,0.9154105582092115,0.7470434690893645,0.746833882606842,0.7469352356418142,0.000545480077092667,0.000416236012347554,0.0012787555021878028,0.001277064953615337,0.0012798672211110642,0.8919674853517786,0.9154105582092115,0.7470434690893645,0.746833882606842,0.7469352356418142
beagle,5%,12, 0.1%~0.5%,15119.0,0.9863612312021598,0.9146296396435393,0.7455691759313886,0.7458199606444348,0.7449159609514998,0.0002398528741731397,0.0010352726209629654,0.003965041094345274,0.003921668547601355,0.0044172723157250085,0.8940150542112323,0.9171129322125872,0.7485275183987191,0.7485278769523162,0.7485273810237917
beagle,5%,12, 0.5%~1%,16179.0,0.9850657511514177,0.9506150547952871,0.7493481527580307,0.7496416717747082,0.7494649318514802,0.00040445101405650103,0.0013760637974182745,0.00672779681479345,0.006673107130166359,0.006715338141565625,0.8940150542112323,0.9171129322125872,0.7485275183987191,0.7485278769523162,0.7485273810237917
beagle,5%,12, 1%~10%,150995.0,0.9612065219899918,0.9446485396275769,0.7504157015278482,0.7506234327884225,0.7505170222394125,0.00021302670451716854,0.0003221545613489104,0.0013612891860590925,0.0013622231304302817,0.0013602496539574245,0.8940150542112323,0.9171129322125872,0.7485275183987191,0.7485278769523162,0.7485273810237917
beagle,5%,12, 10%~20%,80598.0,0.8891149453291195,0.9144565969969497,0.7481052274962322,0.7480698938000244,0.7480868700222736,0.00034769109051885366,0.0002474573644860447,0.0008014781106203907,0.0007978191770880351,0.0008001820153185819,0.8940150542112323,0.9171129322125872,0.7485275183987191,0.7485278769523162,0.7485273810237917
beagle,5%,12, 20%~30%,55885.0,0.8349862135717018,0.8893368774401841,0.7485431059350326,0.7485368199400245,0.7485378281792249,0.0018189714985253826,0.0011956715392157388,0.0027781078857098095,0.0027800985491560604,0.0027783184217572633,0.8940150542112323,0.9171129322125872,0.7485275183987191,0.7485278769523162,0.7485273810237917
beagle,5%,12, 30%~40%,48039.0,0.800360754866469,0.86548934234464,0.748261673879186,0.7482925604099487,0.7482759166546559,0.0030911411381777,0.001988082510823003,0.0038985000059204547,0.0038985787215403936,0.0038977899777536775,0.8940150542112323,0.9171129322125872,0.7485275183987191,0.7485278769523162,0.7485273810237917
beagle,5%,12, 40%~50%,42711.0,0.7811157511761572,0.8472841525269369,0.7477645552626878,0.7478055374669408,0.7477831469913786,0.0025676546776766704,0.0017155963443128436,0.0029553267607543244,0.002956727057903175,0.0029562437649717564,0.8940150542112323,0.9171129322125872,0.7485275183987191,0.7485278769523162,0.7485273810237917
beagle,5%,12, Overall,409526.0,0.8940150542112323,0.9171129322125872,0.7485275183987191,0.7485278769523162,0.7485273810237917,0.0008717059148417,0.0006701981575914769,0.002069118074066111,0.002069420813561503,0.0020687726391534116,0.8940150542112323,0.9171129322125872,0.7485275183987191,0.7485278769523162,0.7485273810237917
beagle,15%,12, 0.1%~0.5%,15119.0,0.9861878591457267,0.9119834843724736,0.7427999457171146,0.7437617250118059,0.7428475051695415,0.00038855506634470356,0.0021933273194287596,0.007183481791306466,0.007203183185270225,0.00722564277820802,0.893668311879854,0.9156152542258531,0.7482951884830923,0.7481859488171558,0.7482394994758513
beagle,15%,12, 0.5%~1%,16179.0,0.9849931729683258,0.949800217970215,0.7490613750372797,0.7497647524508442,0.7493857127155277,0.0003232639949686123,0.0010422561245551666,0.005404888018414366,0.005416895991487766,0.005402229223091897,0.893668311879854,0.9156152542258531,0.7482951884830923,0.7481859488171558,0.7482394994758513
beagle,15%,12, 1%~10%,150995.0,0.9607080106003911,0.9424878664945805,0.7488080895171975,0.7485263110324484,0.7486647891990522,0.0006382735521589457,0.0009155061981686703,0.0041061162955433805,0.004132278151227833,0.004119163221376506,0.893668311879854,0.9156152542258531,0.7482951884830923,0.7481859488171558,0.7482394994758513
beagle,15%,12, 10%~20%,80598.0,0.8894688341014553,0.9134036572460985,0.7495694937213422,0.7493499341147031,0.749454439995756,0.000926309457244672,0.000670916447862525,0.0021105578242674276,0.0021041934063630212,0.0021052403451986904,0.893668311879854,0.9156152542258531,0.7482951884830923,0.7481859488171558,0.7482394994758513
beagle,15%,12, 20%~30%,55885.0,0.834232365707717,0.8874166882378426,0.747694281595021,0.7477028809932779,0.7476973953144332,0.002125841362764289,0.00137653420811927,0.0032338388493709245,0.0032328860647067347,0.003232465363475643,0.893668311879854,0.9156152542258531,0.7482951884830923,0.7481859488171558,0.7482394994758513
beagle,15%,12, 30%~40%,48039.0,0.7993981531419863,0.8632762802274629,0.7471491367501475,0.7472932988700177,0.7472191824454604,0.0007790880518683246,0.0005009764791164602,0.0009995643507607949,0.0009884297011507012,0.0009945250431272663,0.893668311879854,0.9156152542258531,0.7482951884830923,0.7481859488171558,0.7482394994758513
beagle,15%,12, 40%~50%,42711.0,0.7810435605617174,0.8455784803239027,0.747673902250245,0.7478656839173041,0.7477627103235496,0.0032041753532573137,0.002085405446363228,0.0036915621136114464,0.003693018977736638,0.003688467664214178,0.893668311879854,0.9156152542258531,0.7482951884830923,0.7481859488171558,0.7482394994758513
beagle,15%,12, Overall,409526.0,0.893668311879854,0.9156152542258531,0.7482951884830923,0.7481859488171558,0.7482394994758513,0.001115536204830978,0.0008290912226749306,0.002653236889594663,0.002650755179828826,0.002651227706464193,0.893668311879854,0.9156152542258531,0.7482951884830923,0.7481859488171558,0.7482394994758513
beagle,25%,12, 0.1%~0.5%,15119.0,0.986693945206413,0.9135005218220792,0.7525653279548948,0.753695293767568,0.7529869579064531,0.0002340032416178997,0.0012817609184107666,0.0043083872775164745,0.00440200685674981,0.00438459753825024,0.8935283681252191,0.914356751859788,0.7484844302755934,0.7482598671178127,0.7483709268096402
beagle,25%,12, 0.5%~1%,16179.0,0.9854787444255274,0.950179232768547,0.7587243275563301,0.7588153806171354,0.7587281598231422,0.0005438759376146297,0.0016009246975017292,0.009259211773743828,0.009255288089784866,0.009208937431818815,0.8935283681252191,0.914356751859788,0.7484844302755934,0.7482598671178127,0.7483709268096402
beagle,25%,12, 1%~10%,150995.0,0.9606915541052432,0.940972128493855,0.7503054823558809,0.7493667088399825,0.7498176869227974,0.00018783270990976333,0.00017597690264700775,0.0012905836364128112,0.00128889970301293,0.0012743727354772843,0.8935283681252191,0.914356751859788,0.7484844302755934,0.7482598671178127,0.7483709268096402
beagle,25%,12, 10%~20%,80598.0,0.8884876269581845,0.911422400208867,0.7478969806524286,0.7475431053887766,0.7477147528391868,0.001000858726676112,0.0007806859932236066,0.0022808809930032654,0.002260039885374918,0.002273349618207182,0.8935283681252191,0.914356751859788,0.7484844302755934,0.7482598671178127,0.7483709268096402
beagle,25%,12, 20%~30%,55885.0,0.8345803476294664,0.8863528403774189,0.7484715406512638,0.7485134038767418,0.748488868332534,0.0018216486931430511,0.001225534755793516,0.002787933398668014,0.002776273753958361,0.002781274103138037,0.8935283681252191,0.914356751859788,0.7484844302755934,0.7482598671178127,0.7483709268096402
beagle,25%,12, 30%~40%,48039.0,0.7996468462808313,0.8619468576178745,0.7474934994839169,0.7477689029945952,0.7476273803190762,0.0020998253531758562,0.0014458736679918397,0.002650484937071703,0.0026432129827917428,0.002645600519254593,0.8935283681252191,0.914356751859788,0.7484844302755934,0.7482598671178127,0.7483709268096402
beagle,25%,12, 40%~50%,42711.0,0.7805133941082526,0.8437043507440004,0.7469995332853019,0.747361506418755,0.7471753933087611,0.0004955281185815101,0.0003976027045139955,0.0005746107688063292,0.0005683987083328415,0.0005700998406365415,0.8935283681252191,0.914356751859788,0.7484844302755934,0.7482598671178127,0.7483709268096402
beagle,25%,12, Overall,409526.0,0.8935283681252191,0.914356751859788,0.7484844302755934,0.7482598671178127,0.7483709268096402,0.0006269250522301438,0.0005198906424924249,0.0014926687331301765,0.0014821316065718074,0.001487359078345091,0.8935283681252191,0.914356751859788,0.7484844302755934,0.7482598671178127,0.7483709268096402
beagle,5%,13, 0.1%~0.5%,11604.0,0.9863369997806398,0.9565898138404045,0.7437384910234832,0.7440457346592,0.743734366236056,0.0004227023707682583,0.0012772582066875712,0.007889003040401917,0.00794259060122018,0.007947697366589913,0.8922735981884952,0.9193862915093218,0.7491228943683913,0.749115733264545,0.7491183428824021
beagle,5%,13, 0.5%~1%,11916.0,0.9845299673471879,0.9638915029866203,0.746496189953155,0.7467537126067948,0.7465840633708112,0.0002928110130691428,0.0006430889386798117,0.004785421176595812,0.004795726753744847,0.004787838787002271,0.8922735981884952,0.9193862915093218,0.7491228943683913,0.749115733264545,0.7491183428824021
beagle,5%,13, 1%~10%,115086.0,0.960659986023627,0.9538307568769492,0.7476299096886715,0.7477972997663738,0.7477105920810526,0.0002564392891237203,0.0002878140382946288,0.0016352772628388074,0.0016268830957564767,0.0016311243604748707,0.8922735981884952,0.9193862915093218,0.7491228943683913,0.749115733264545,0.7491183428824021
beagle,5%,13, 10%~20%,58607.0,0.8883614068233653,0.9167022726098805,0.7494984931565769,0.7494627171262254,0.7494763730554846,0.0012824295693662344,0.0009417006330172952,0.002878032306988736,0.0028789361229643517,0.0028795418983646806,0.8922735981884952,0.9193862915093218,0.7491228943683913,0.749115733264545,0.7491183428824021
beagle,5%,13, 20%~30%,41245.0,0.8366433764239559,0.8899864696968521,0.7512067132019783,0.7512004316972826,0.7512001742253297,0.0011654899643314027,0.0008024277028199586,0.0017700040628675121,0.0017717816933929805,0.0017739363292155858,0.8922735981884952,0.9193862915093218,0.7491228943683913,0.749115733264545,0.7491183428824021
beagle,5%,13, 30%~40%,38544.0,0.7993505258060053,0.8642202630049495,0.7489877703056882,0.7490157705775164,0.7489989165904111,0.0010860851299477762,0.0007213253886596701,0.0013497069236169511,0.001354340981637547,0.001354526525073806,0.8922735981884952,0.9193862915093218,0.7491228943683913,0.749115733264545,0.7491183428824021
beagle,5%,13, 40%~50%,36148.0,0.7828407875367597,0.849138805755492,0.7478729421219521,0.747913156670852,0.7478920613274486,0.0011023000241095096,0.000752797806807763,0.0012843550260447042,0.0012801130227858056,0.001282506024914282,0.8922735981884952,0.9193862915093218,0.7491228943683913,0.749115733264545,0.7491183428824021
beagle,5%,13, Overall,313150.0,0.8922735981884952,0.9193862915093218,0.7491228943683913,0.749115733264545,0.7491183428824021,0.0005265647760613086,0.00041185630837721466,0.0012250788618571326,0.0012287919521960147,0.001227937114441212,0.8922735981884952,0.9193862915093218,0.7491228943683913,0.749115733264545,0.7491183428824021
beagle,15%,13, 0.1%~0.5%,11604.0,0.9862834654716766,0.9561232049770648,0.7434404974817959,0.744106324423837,0.7435620949138576,0.0003115936049575341,0.000954911937396054,0.005910201732600821,0.005751739533350185,0.005713774082728679,0.8918650903091266,0.9180025805006755,0.7487253889081155,0.748607721226147,0.7486651915622343
beagle,15%,13, 0.5%~1%,11916.0,0.9846634776770729,0.963630376768557,0.7499119903034323,0.7506518005637606,0.7502382469902545,4.813783402043212e-05,0.000113868746429078,0.0007866806358883167,0.0007883203604162485,0.0007123962316317769,0.8918650903091266,0.9180025805006755,0.7487253889081155,0.748607721226147,0.7486651915622343
beagle,15%,13, 1%~10%,115086.0,0.9606578137350779,0.952753726222622,0.7491491663352793,0.7487955040708433,0.7489674286346593,0.00011719021370271352,0.0001621624554494387,0.0007369397984580452,0.0007459015623208862,0.0007441397871020723,0.8918650903091266,0.9180025805006755,0.7487253889081155,0.748607721226147,0.7486651915622343
beagle,15%,13, 10%~20%,58607.0,0.8875474333141505,0.9148707031637516,0.7483169164640119,0.7481263941566788,0.7482092922410807,0.0006574602423802542,0.00048771296025175957,0.0014973841533900247,0.0014939932310326102,0.0014860619244433497,0.8918650903091266,0.9180025805006755,0.7487253889081155,0.748607721226147,0.7486651915622343
beagle,15%,13, 20%~30%,41245.0,0.8342247177803003,0.8871028776551202,0.747798685165184,0.7478189886820817,0.7478078627371021,0.0008739584683329853,0.0005140810604878649,0.0013511147437572162,0.0013378009695380897,0.001345189772104276,0.8918650903091266,0.9180025805006755,0.7487253889081155,0.748607721226147,0.7486651915622343
beagle,15%,13, 30%~40%,38544.0,0.7991117196246399,0.8625773431874176,0.7487629682040629,0.7488954378513518,0.7488253254393701,0.0002356237024137269,0.00015115828329238597,0.0002898741644280714,0.00029119264453617764,0.0002917880783386196,0.8918650903091266,0.9180025805006755,0.7487253889081155,0.748607721226147,0.7486651915622343
beagle,15%,13, 40%~50%,36148.0,0.7836160096036161,0.8481357809185819,0.7487542353275799,0.7489393338561907,0.7488438776250398,0.0007807116098502664,0.0005467061798316335,0.0009055327891002768,0.0009035590000268706,0.0009058442995164696,0.8918650903091266,0.9180025805006755,0.7487253889081155,0.748607721226147,0.7486651915622343
beagle,15%,13, Overall,313150.0,0.8918650903091266,0.9180025805006755,0.7487253889081155,0.748607721226147,0.7486651915622343,0.00020187606729925534,0.00016036710155556966,0.00048046855225092566,0.00048252999336123294,0.000481214928759714,0.8918650903091266,0.9180025805006755,0.7487253889081155,0.748607721226147,0.7486651915622343
beagle,25%,13, 0.1%~0.5%,11604.0,0.9862031640082312,0.9550806386376537,0.7430908782917851,0.7434297640775277,0.7428954474277513,0.0006081243397735962,0.00211694926930774,0.011001714018359806,0.010931593720812493,0.011092872476570858,0.8908914548647903,0.9161701519865336,0.7469712446777149,0.7467300318203339,0.7468487615562197
beagle,25%,13, 0.5%~1%,11916.0,0.9843042713133348,0.9619186600165442,0.7458590972818252,0.7460045404070138,0.745893696441479,0.0008223725276230323,0.0020563302779783533,0.013246184044774578,0.013282134979731382,0.013230690853913093,0.8908914548647903,0.9161701519865336,0.7469712446777149,0.7467300318203339,0.7468487615562197
beagle,25%,13, 1%~10%,115086.0,0.960091307212156,0.9509434241569652,0.7470579292028581,0.7460696307365082,0.7465541085752286,0.0004997146004829802,0.0006085835114891532,0.003227507124051557,0.003173734954569978,0.0032039264067725403,0.8908914548647903,0.9161701519865336,0.7469712446777149,0.7467300318203339,0.7468487615562197
beagle,25%,13, 10%~20%,58607.0,0.8858527862273148,0.912382239719922,0.7450532798107151,0.744726899443056,0.7448870131346487,0.002061260016103268,0.0015279921320539625,0.004659051245840762,0.004634510575906417,0.004644904130560317,0.8908914548647903,0.9161701519865336,0.7469712446777149,0.7467300318203339,0.7468487615562197
beagle,25%,13, 20%~30%,41245.0,0.833482479051639,0.8852240957797295,0.7469235465500166,0.7469714221442513,0.7469452621942638,0.003022877520226668,0.0020189218807794697,0.004611136494091598,0.004596732613520578,0.004604356506457358,0.8908914548647903,0.9161701519865336,0.7469712446777149,0.7467300318203339,0.7468487615562197
beagle,25%,13, 30%~40%,38544.0,0.7968616347157754,0.8597122782983814,0.7459815237125659,0.7462331988099709,0.746103607497342,0.002392117843712331,0.001507024830819977,0.0030029260017004765,0.002992176799172137,0.00299562102634913,0.8908914548647903,0.9161701519865336,0.7469712446777149,0.7467300318203339,0.7468487615562197
beagle,25%,13, 40%~50%,36148.0,0.7831228769939073,0.8463198955538216,0.7481097215824243,0.7484717683216493,0.7482882651331942,0.0046159338573876834,0.003065767091224151,0.005360383983272389,0.005355466953773452,0.005357464600986949,0.8908914548647903,0.9161701519865336,0.7469712446777149,0.7467300318203339,0.7468487615562197
beagle,25%,13, Overall,313150.0,0.8908914548647903,0.9161701519865336,0.7469712446777149,0.7467300318203339,0.7468487615562197,0.0017058878514849775,0.001248604275291244,0.00398718132005618,0.003973307788993297,0.00398099407354975,0.8908914548647903,0.9161701519865336,0.7469712446777149,0.7467300318203339,0.7468487615562197
beagle,5%,14, 0.1%~0.5%,10844.0,0.9875192817142283,0.9377410559342471,0.7543776369564021,0.7546906317273163,0.754481167690152,0.00019072130377918473,0.0010489975527680768,0.0039021911662991612,0.004001194844404621,0.003950540173563357,0.8948314382772695,0.9169231199194994,0.7505689284773184,0.7505624394767102,0.750565278831974
beagle,5%,14, 0.5%~1%,11629.0,0.9850334977603015,0.9325253281874993,0.7466566046374695,0.7469879447431943,0.7467641257728519,0.00033251154859103454,0.001577852203505503,0.005858755459873987,0.0059042391333163306,0.005795547050217237,0.8948314382772695,0.9169231199194994,0.7505689284773184,0.7505624394767102,0.750565278831974
beagle,5%,14, 1%~10%,104263.0,0.9618047774872344,0.9424275441239279,0.7501245711278691,0.7503275573985765,0.7502049140547976,0.0003485923954995315,0.0005515638210160364,0.002268939593983031,0.0022806289543880714,0.0022948904567672763,0.8948314382772695,0.9169231199194994,0.7505689284773184,0.7505624394767102,0.750565278831974
beagle,5%,14, 10%~20%,52152.0,0.8904022391424601,0.9183593379947977,0.7501072626236461,0.7500560319097523,0.7500802247018777,0.0006527524682597171,0.0004835782766259549,0.001483053756683733,0.0014857489898115214,0.0014844872109170666,0.8948314382772695,0.9169231199194994,0.7505689284773184,0.7505624394767102,0.750565278831974
beagle,5%,14, 20%~30%,38399.0,0.8370970440360268,0.8894584328353173,0.7515103510420555,0.7514934956683318,0.7515009142551378,0.0009521272019496737,0.0006386376738567705,0.0014525426117442837,0.0014510600750795052,0.0014527403706389697,0.8948314382772695,0.9169231199194994,0.7505689284773184,0.7505624394767102,0.750565278831974
beagle,5%,14, 30%~40%,34585.0,0.8008974375824166,0.8647182132947209,0.750217254381901,0.7502517309770145,0.7502343874773206,0.002366108768261251,0.0015510512698330013,0.0029727753289253813,0.0029694407466189887,0.002971100691990365,0.8948314382772695,0.9169231199194994,0.7505689284773184,0.7505624394767102,0.750565278831974
beagle,5%,14, 40%~50%,29674.0,0.7822660282136592,0.8474599497820772,0.7504100343136401,0.7504598267747032,0.7504343751682231,0.0022873608177858638,0.0014968942885014544,0.0026273613574201663,0.0026243277973349495,0.0026261371106941715,0.8948314382772695,0.9169231199194994,0.7505689284773184,0.7505624394767102,0.750565278831974
beagle,5%,14, Overall,281546.0,0.8948314382772695,0.9169231199194994,0.7505689284773184,0.7505624394767102,0.750565278831974,0.000665078757631772,0.0005062762069715338,0.001581001053552045,0.001580849767801818,0.0015808268269358128,0.8948314382772695,0.9169231199194994,0.7505689284773184,0.7505624394767102,0.750565278831974
beagle,15%,14, 0.1%~0.5%,10844.0,0.9868004091076759,0.9333829472838099,0.7411135996832564,0.7421487823940155,0.7415402217698351,0.0005476999867639957,0.002876714548650994,0.010673557673303182,0.01050189282769106,0.010670210168353286,0.8933796597961602,0.9145299345954706,0.747707827060048,0.7475898578527156,0.7476481923938226
beagle,15%,14, 0.5%~1%,11629.0,0.9847357833212161,0.9305083256791505,0.7427133925478938,0.7433496855508016,0.7428089806368622,0.00019867635597785194,0.0011165136655811845,0.00386550843600924,0.003836086474831069,0.0035250946130055143,0.8933796597961602,0.9145299345954706,0.747707827060048,0.7475898578527156,0.7476481923938226
beagle,15%,14, 1%~10%,104263.0,0.9608104243377542,0.9393396668333329,0.7452618321756045,0.7449599470407411,0.745085499231411,0.0005222556575280072,0.0007715207360602401,0.0034350023981343644,0.003377841947720259,0.0034088426857780438,0.8933796597961602,0.9145299345954706,0.747707827060048,0.7475898578527156,0.7476481923938226
beagle,15%,14, 10%~20%,52152.0,0.8879780896865572,0.9151939851044095,0.7452699040132709,0.7450037706652849,0.745132153265295,0.0017664901718056328,0.0013160136665527115,0.004037127307936566,0.004011419483328974,0.0040236468120461695,0.8933796597961602,0.9145299345954706,0.747707827060048,0.7475898578527156,0.7476481923938226
beagle,15%,14, 20%~30%,38399.0,0.8345156952477456,0.8863618810429581,0.747850933190477,0.747868750910253,0.7478593521894729,0.0027888659149200015,0.0018392520971310196,0.004277449283586346,0.004265558041573598,0.004271508783882287,0.8933796597961602,0.9145299345954706,0.747707827060048,0.7475898578527156,0.7476481923938226
beagle,15%,14, 30%~40%,34585.0,0.7996841335138285,0.8622523582085853,0.7487912863966705,0.7489384988181276,0.7488642830652616,0.003865131773806241,0.0025226618568810646,0.004852085023872904,0.004847305817381443,0.0048500111143426885,0.8933796597961602,0.9145299345954706,0.747707827060048,0.7475898578527156,0.7476481923938226
beagle,15%,14, 40%~50%,29674.0,0.7813796283247655,0.8451296677627879,0.7493705802139394,0.749599123868396,0.7494721935284034,0.004396601153630071,0.002822877295506552,0.005019541509186554,0.005024079102071054,0.005034030798962166,0.8933796597961602,0.9145299345954706,0.747707827060048,0.7475898578527156,0.7476481923938226
beagle,15%,14, Overall,281546.0,0.8933796597961602,0.9145299345954706,0.747707827060048,0.7475898578527156,0.7476481923938226,0.001769527417501034,0.001337315288766728,0.004207831677774905,0.004199004023411875,0.0042030546599164265,0.8933796597961602,0.9145299345954706,0.747707827060048,0.7475898578527156,0.7476481923938226
beagle,25%,14, 0.1%~0.5%,10844.0,0.9869003107429887,0.9334184801320986,0.7441833048384145,0.7450908086533241,0.7444597655184744,0.00046839216327684656,0.0026964545863683675,0.00892083216837817,0.008669581945165337,0.008569516169986443,0.8941840926365657,0.9139711777098064,0.7501654035014179,0.7499162558323805,0.7500376179640985
beagle,25%,14, 0.5%~1%,11629.0,0.9850771451725961,0.9298842275198161,0.7501531274430094,0.7502435454411666,0.750163169951828,0.0002651913580405267,0.0008783284207387001,0.004318206625893015,0.004332144787277813,0.004377045579267223,0.8941840926365657,0.9139711777098064,0.7501654035014179,0.7499162558323805,0.7500376179640985
beagle,25%,14, 1%~10%,104263.0,0.9614929204380879,0.9389828075963539,0.7512458399417542,0.750308760517698,0.7507663220000573,0.000496859720172739,0.0006288106640757034,0.0033205953469513847,0.0032893477361158876,0.0033114302832830886,0.8941840926365657,0.9139711777098064,0.7501654035014179,0.7499162558323805,0.7500376179640985
beagle,25%,14, 10%~20%,52152.0,0.8896031472107174,0.9152154419615711,0.7496189481812445,0.749163816291599,0.7493869851968488,0.0016091158798209957,0.0011342673348311086,0.0036976056488071643,0.003684472604077409,0.0036926019550555023,0.8941840926365657,0.9139711777098064,0.7501654035014179,0.7499162558323805,0.7500376179640985
beagle,25%,14, 20%~30%,38399.0,0.8358341876011607,0.885706756359795,0.7501423353807272,0.7501634962516261,0.7501402541758629,0.0007862063704848412,0.0005884221820749312,0.0011933746914861195,0.0011864699924709187,0.0012037640832171523,0.8941840926365657,0.9139711777098064,0.7501654035014179,0.7499162558323805,0.7500376179640985
beagle,25%,14, 30%~40%,34585.0,0.8001099618419266,0.8610445124247871,0.7493887188345013,0.7496515154796722,0.7495136600353666,0.0011975828722365558,0.0008534240795051106,0.0014979922104109526,0.001484512580402574,0.0014908193353134122,0.8941840926365657,0.9139711777098064,0.7501654035014179,0.7499162558323805,0.7500376179640985
beagle,25%,14, 40%~50%,29674.0,0.7813852449139231,0.8434611536529005,0.7493114700147213,0.7497186141443346,0.7494923569677759,0.0011394094801571537,0.0007241448825077346,0.0013068215970911462,0.0012961042096501616,0.0013011437397380755,0.8941840926365657,0.9139711777098064,0.7501654035014179,0.7499162558323805,0.7500376179640985
beagle,25%,14, Overall,281546.0,0.8941840926365657,0.9139711777098064,0.7501654035014179,0.7499162558323805,0.7500376179640985,0.0005588550038611819,0.0004384384552289351,0.001333396214590522,0.0013323356053352193,0.0013336821778762928,0.8941840926365657,0.9139711777098064,0.7501654035014179,0.7499162558323805,0.7500376179640985
beagle,5%,15, 0.1%~0.5%,9720.0,0.9865545891008853,0.9264423893516565,0.751418208287237,0.7516871668816448,0.7515466817048074,0.0007721515048481092,0.004217047922745835,0.014272834583621236,0.014223386886599484,0.014242450886008801,0.8967379717040762,0.9186258155761129,0.7504940782256798,0.7504840079646553,0.7504875037041715
beagle,5%,15, 0.5%~1%,10467.0,0.9853797360246199,0.9525638562554751,0.7532505284919604,0.7535685007489197,0.7533937110494939,0.0008314913624313946,0.002631817282834195,0.014037078026541836,0.01398572935464866,0.014000980592912412,0.8967379717040762,0.9186258155761129,0.7504940782256798,0.7504840079646553,0.7504875037041715
beagle,5%,15, 1%~10%,92630.0,0.9614522096709294,0.9453248832843038,0.7511526789893451,0.7513414103854353,0.7512365843404026,0.00046385965810468967,0.0006658812306460135,0.003001077302383005,0.002995387247066516,0.0030093518770001435,0.8967379717040762,0.9186258155761129,0.7504940782256798,0.7504840079646553,0.7504875037041715
beagle,5%,15, 10%~20%,47062.0,0.8916072028774421,0.9163014466533141,0.7507279980073859,0.7506729847522319,0.7506873199804954,0.0008833876715325954,0.0007265436922271634,0.002034428820412344,0.002034265573045873,0.002043293287963414,0.8967379717040762,0.9186258155761129,0.7504940782256798,0.7504840079646553,0.7504875037041715
beagle,5%,15, 20%~30%,32185.0,0.8395652972163768,0.8930111740848535,0.7494171237688944,0.7493983932635869,0.7493943555072681,0.0010622454021279725,0.0006880449578538718,0.0016601919893485006,0.0016630656272443598,0.001666788023635912,0.8967379717040762,0.9186258155761129,0.7504940782256798,0.7504840079646553,0.7504875037041715
beagle,5%,15, 30%~40%,30542.0,0.8034239487402345,0.8667822194429292,0.7494181713358032,0.7494580724797165,0.7494371566046474,0.0002679415215477885,0.00014750857275620016,0.0003438845466677878,0.00034425458303815785,0.00034320575591742367,0.8967379717040762,0.9186258155761129,0.7504940782256798,0.7504840079646553,0.7504875037041715
beagle,5%,15, 40%~50%,26690.0,0.7894413410992653,0.8546569418831883,0.7515497437037469,0.7515911801757743,0.75156908996765,0.0009333342461266616,0.0006712410909103475,0.0011112297391416772,0.001105015113760909,0.0011076240669281488,0.8967379717040762,0.9186258155761129,0.7504940782256798,0.7504840079646553,0.7504875037041715
beagle,5%,15, Overall,249296.0,0.8967379717040762,0.9186258155761129,0.7504940782256798,0.7504840079646553,0.7504875037041715,0.0004422967436986629,0.00036116374426139336,0.0010667588365185234,0.0010711207888404754,0.001068225444572761,0.8967379717040762,0.9186258155761129,0.7504940782256798,0.7504840079646553,0.7504875037041715
beagle,15%,15, 0.1%~0.5%,9720.0,0.986132154882155,0.9232447440652144,0.7443891195873507,0.7452121991091243,0.744784166131501,0.0004735930859645836,0.002488618721122548,0.008772063464909786,0.0089288013710067,0.008835319895823838,0.8960181264379887,0.9165809714096298,0.7494692527269654,0.7493040578431994,0.7493856091864145
beagle,15%,15, 0.5%~1%,10467.0,0.9850439042184528,0.9508876215385181,0.7488248996013184,0.7496926139900434,0.7491782399822461,0.0005084011191583858,0.001676802601496652,0.008538482575799002,0.008557619740197517,0.008514635064615767,0.8960181264379887,0.9165809714096298,0.7494692527269654,0.7493040578431994,0.7493856091864145
beagle,15%,15, 1%~10%,92630.0,0.9611835454839882,0.9433744656715772,0.7512531048037762,0.7507583580288769,0.750986431654186,0.0003714065216546566,0.0005187567473909715,0.0024486346673864737,0.0024410622327728413,0.002443635647661537,0.8960181264379887,0.9165809714096298,0.7494692527269654,0.7493040578431994,0.7493856091864145
beagle,15%,15, 10%~20%,47062.0,0.8906254225567046,0.9139679846299859,0.7492828397790093,0.7490114903832713,0.7491447807676307,0.0016506932697852334,0.0012955790602319345,0.0038020296953003977,0.003801369304076776,0.003799766984469985,0.8960181264379887,0.9165809714096298,0.7494692527269654,0.7493040578431994,0.7493856091864145
beagle,15%,15, 20%~30%,32185.0,0.8392075171475514,0.8910113222026782,0.7492458590519435,0.7492330118127124,0.7492366046824114,0.003584059245818658,0.0023531758000475546,0.0056032621321154665,0.0055870916905220785,0.005594742412711217,0.8960181264379887,0.9165809714096298,0.7494692527269654,0.7493040578431994,0.7493856091864145
beagle,15%,15, 30%~40%,30542.0,0.8025850641838462,0.8642461675719072,0.7484786856075173,0.7486426411371321,0.7485533801073135,0.0021621883425759787,0.0013725887344994178,0.0027701122050476008,0.002766632154595289,0.00276525327051935,0.8960181264379887,0.9165809714096298,0.7494692527269654,0.7493040578431994,0.7493856091864145
beagle,15%,15, 40%~50%,26690.0,0.7870581990758087,0.8508738927904232,0.7487456958507965,0.7489714773766996,0.7488519634158631,0.00024539563025729273,0.00014807072831148296,0.0002970838837717347,0.0002932600992409156,0.0002906539354661805,0.8960181264379887,0.9165809714096298,0.7494692527269654,0.7493040578431994,0.7493856091864145
beagle,15%,15, Overall,249296.0,0.8960181264379887,0.9165809714096298,0.7494692527269654,0.7493040578431994,0.7493856091864145,0.0010775135498195922,0.0008569649715249338,0.0026049467379388636,0.002603674283468861,0.002603450880026921,0.8960181264379887,0.9165809714096298,0.7494692527269654,0.7493040578431994,0.7493856091864145
beagle,25%,15, 0.1%~0.5%,9720.0,0.9864735316124206,0.9234237318531943,0.7524222669059598,0.7530830207803416,0.752737271534894,0.00019841635356883556,0.0011263945857380767,0.004015155298330511,0.00405191262929732,0.004046372436869284,0.8952350728743049,0.9145562719562328,0.7482389801962399,0.7479055431321525,0.7480684408207311
beagle,25%,15, 0.5%~1%,10467.0,0.9849447469825803,0.9492685072942469,0.7491809555953314,0.7492771840647872,0.7491690279220373,4.409093633532511e-05,2.6659286984932333e-05,0.0010863286984370349,0.0009786738711992022,0.0010015318716431545,0.8952350728743049,0.9145562719562328,0.7482389801962399,0.7479055431321525,0.7480684408207311
beagle,25%,15, 1%~10%,92630.0,0.9606452356884182,0.9410173178583531,0.7495235361001652,0.7482793722609878,0.7488723565222889,0.00011971961868994595,0.00012639827333320886,0.0007711605734901444,0.0007797861648733761,0.0007734673455024752,0.8952350728743049,0.9145562719562328,0.7482389801962399,0.7479055431321525,0.7480684408207311
beagle,25%,15, 10%~20%,47062.0,0.8893532451711025,0.9114302291356003,0.7471318197562802,0.7466393897351078,0.746879170161276,0.0014390320754716908,0.0010740750914928182,0.0033054222128254714,0.0032835079952446226,0.003299312950929933,0.8952350728743049,0.9145562719562328,0.7482389801962399,0.7479055431321525,0.7480684408207311
beagle,25%,15, 20%~30%,32185.0,0.8380200168533243,0.8885091782619067,0.7477407828826577,0.7477119851943724,0.7477231208376528,0.001246443983239932,0.000852631111121462,0.0019343418565378597,0.0019325410474167002,0.0019348937690621497,0.8952350728743049,0.9145562719562328,0.7482389801962399,0.7479055431321525,0.7480684408207311
beagle,25%,15, 30%~40%,30542.0,0.8021013785289209,0.8621616426748254,0.7479278118387439,0.748233187195397,0.7480769820750742,0.001511132921808914,0.000960127138818169,0.0019485946543464615,0.001937102361150742,0.001942353958466922,0.8952350728743049,0.9145562719562328,0.7482389801962399,0.7479055431321525,0.7480684408207311
beagle,25%,15, 40%~50%,26690.0,0.7857556456282571,0.8480618770845627,0.7471837099083251,0.747602683677596,0.7473889338735065,0.0013723764832574508,0.0009697081456002569,0.0016483924754520367,0.0016267184346118416,0.0016393307320876817,0.8952350728743049,0.9145562719562328,0.7482389801962399,0.7479055431321525,0.7480684408207311
beagle,25%,15, Overall,249296.0,0.8952350728743049,0.9145562719562328,0.7482389801962399,0.7479055431321525,0.7480684408207311,0.0005068728000932863,0.00037998886241188794,0.0012090935192718328,0.0012099985877431787,0.0012104827872710948,0.8952350728743049,0.9145562719562328,0.7482389801962399,0.7479055431321525,0.7480684408207311
beagle,5%,16, 0.1%~0.5%,10055.0,0.9865437065834878,0.92365968875872,0.7471985896446377,0.7475013659158746,0.7471784779700373,0.00030175017429037043,0.0012286185381457577,0.006083996815212841,0.006237038033731951,0.005950274257757915,0.8949195615318275,0.916628022380222,0.7497225752846844,0.7497241265833082,0.749722253405316
beagle,5%,16, 0.5%~1%,10323.0,0.9851779932425093,0.9371890614078185,0.748648119180416,0.7489951592154568,0.7487569116007159,0.0005879356698750136,0.002295285422053186,0.010232425146870778,0.0102770879742064,0.010196928062619456,0.8949195615318275,0.916628022380222,0.7497225752846844,0.7497241265833082,0.749722253405316
beagle,5%,16, 1%~10%,94391.0,0.962330127133975,0.9403973233485345,0.7503521546860222,0.7505894906927774,0.7504539217635614,0.0008459112525046328,0.0013057837693465232,0.005625241451335832,0.005641837322855872,0.005625954825319899,0.8949195615318275,0.916628022380222,0.7497225752846844,0.7497241265833082,0.749722253405316
beagle,5%,16, 10%~20%,51188.0,0.891474771549203,0.9130462333324764,0.7505716105236465,0.7505456356583206,0.7505544258779588,0.0010786503538189923,0.0007772054470955783,0.0024866133353062063,0.002483298010901128,0.002479653462502413,0.8949195615318275,0.916628022380222,0.7497225752846844,0.7497241265833082,0.749722253405316
beagle,5%,16, 20%~30%,36015.0,0.8371566561070934,0.8907653689853404,0.7486119922072393,0.7486055800685523,0.7486061926758271,0.0007689787021162374,0.0005352024936322377,0.0011891007604817511,0.0011855042478876874,0.0011854195010435982,0.8949195615318275,0.916628022380222,0.7497225752846844,0.7497241265833082,0.749722253405316
beagle,5%,16, 30%~40%,30726.0,0.8037278171285202,0.8682780307227785,0.7494950189582131,0.7495332907338214,0.7495137135825883,0.0005815238180253469,0.00035523190793683044,0.0007448850154467413,0.0007423495097323362,0.0007436022642153507,0.8949195615318275,0.916628022380222,0.7497225752846844,0.7497241265833082,0.749722253405316
beagle,5%,16, 40%~50%,29247.0,0.7869649412371743,0.8527086594799455,0.7495989907085646,0.7496487188675539,0.749622266631672,0.0012754518517552312,0.0008069758694961206,0.0014868605239865904,0.0014942975606801292,0.0014882801491584426,0.8949195615318275,0.916628022380222,0.7497225752846844,0.7497241265833082,0.749722253405316
beagle,5%,16, Overall,261945.0,0.8949195615318275,0.916628022380222,0.7497225752846844,0.7497241265833082,0.749722253405316,0.0007617632537842324,0.0005734326941045098,0.0018194416731820715,0.0018150150728627986,0.0018161783475175563,0.8949195615318275,0.916628022380222,0.7497225752846844,0.7497241265833082,0.749722253405316
beagle,15%,16, 0.1%~0.5%,10055.0,0.9864909663517322,0.9222417698128859,0.747133637008028,0.7480925541632568,0.747451603301688,0.0002814075644671406,0.0015063711931841456,0.005148083121523995,0.005236830300100421,0.005199098242173,0.8930556784705557,0.9135989315066224,0.74600479687613,0.7458821334745446,0.7459420939104963
beagle,15%,16, 0.5%~1%,10323.0,0.9849005897392994,0.9346586311563168,0.7455424978113875,0.7465244107653056,0.7458310384349612,0.0005088652831874253,0.0023938178325351414,0.00835111887028717,0.008187466007868766,0.008364059247345916,0.8930556784705557,0.9135989315066224,0.74600479687613,0.7458821334745446,0.7459420939104963
beagle,15%,16, 1%~10%,94391.0,0.9616418231964207,0.9373404844138656,0.7477630192358339,0.747345851164695,0.7475427719837461,0.00029226282723001393,0.0004957060830103874,0.0019210609433065909,0.0018861022225193276,0.001912671548321505,0.8930556784705557,0.9135989315066224,0.74600479687613,0.7458821334745446,0.7459420939104963
beagle,15%,16, 10%~20%,51188.0,0.8892652989218591,0.9095627223807954,0.7462987525917132,0.7460677423661953,0.7461821072874777,0.0008781309538275843,0.0006626847827066685,0.0020227721288682485,0.0020190574193020353,0.0020209565365614307,0.8930556784705557,0.9135989315066224,0.74600479687613,0.7458821334745446,0.7459420939104963
beagle,15%,16, 20%~30%,36015.0,0.8348979171136607,0.8875327838448911,0.7455316478458663,0.7455537864186805,0.7455380400562865,0.00211804308626545,0.0013911636965108693,0.0032460587212339398,0.0032443337111675527,0.003250134516731649,0.8930556784705557,0.9135989315066224,0.74600479687613,0.7458821334745446,0.7459420939104963
beagle,15%,16, 30%~40%,30726.0,0.8000351099355201,0.863757987539124,0.7449450202774702,0.7451093023776703,0.7450173671119541,0.0016208978494663055,0.0010632812692932733,0.0020675883511634854,0.002058905882798546,0.0020631626827246115,0.8930556784705557,0.9135989315066224,0.74600479687613,0.7458821334745446,0.7459420939104963
beagle,15%,16, 40%~50%,29247.0,0.7831367837778752,0.8480121465113172,0.7450861326783332,0.74534265263424,0.7452128260479512,0.0020688699597104956,0.0013810781823581936,0.0024129982792856653,0.00242217968214445,0.0024180207222075038,0.8930556784705557,0.9135989315066224,0.74600479687613,0.7458821334745446,0.7459420939104963
beagle,15%,16, Overall,261945.0,0.8930556784705557,0.9135989315066224,0.74600479687613,0.7458821334745446,0.7459420939104963,0.0009475010921387086,0.0007429787596676091,0.002243303338822912,0.00223598391791405,0.0022397056807263774,0.8930556784705557,0.9135989315066224,0.74600479687613,0.7458821334745446,0.7459420939104963
beagle,25%,16, 0.1%~0.5%,10055.0,0.9864879526242033,0.9210924231480554,0.7480654500970644,0.7488367053500397,0.74841583428771,0.0001664197833207354,0.0014893801400447458,0.0029530347823234233,0.0030432929463876214,0.0030162765470003114,0.8938426815252103,0.9126732233407165,0.7485748236367264,0.7482833940171805,0.7484266538414296
beagle,25%,16, 0.5%~1%,10323.0,0.9851706545254931,0.9336413157383457,0.7521105398201371,0.7524917343191344,0.7521955476941935,0.0006609112623059877,0.0021773662556503694,0.011605453074784633,0.011664169857590815,0.011562089645548551,0.8938426815252103,0.9126732233407165,0.7485748236367264,0.7482833940171805,0.7484266538414296
beagle,25%,16, 1%~10%,94391.0,0.9613517660100491,0.9349071043199851,0.7478050560495192,0.7465505670342063,0.7471484054071512,8.480683868199335e-05,0.00016658224952888573,0.000542194640991566,0.0005313627047271512,0.0005679758559256569,0.8938426815252103,0.9126732233407165,0.7485748236367264,0.7482833940171805,0.7484266538414296
beagle,25%,16, 10%~20%,51188.0,0.8896002199852712,0.9082093243032275,0.7477988167024386,0.7473890944547553,0.7475864655803411,0.0007163910322796793,0.0005686960483092099,0.0016434913235217907,0.0016581200213922685,0.0016524658916507128,0.8938426815252103,0.9126732233407165,0.7485748236367264,0.7482833940171805,0.7484266538414296
beagle,25%,16, 20%~30%,36015.0,0.8369185398339917,0.8870248679929725,0.7490180477720583,0.7490437539812608,0.7490252519935349,0.001077395145522985,0.0008004320667593169,0.0016597921859111743,0.0016531361747345206,0.0016530822339530966,0.8938426815252103,0.9126732233407165,0.7485748236367264,0.7482833940171805,0.7484266538414296
beagle,25%,16, 30%~40%,30726.0,0.8019910588012521,0.8631629584825643,0.7475598731861103,0.7478505669623939,0.7477020232218629,0.0027566632224151695,0.001867284855849355,0.0035545363532940638,0.0035264510863534165,0.0035398703507143548,0.8938426815252103,0.9126732233407165,0.7485748236367264,0.7482833940171805,0.7484266538414296
beagle,25%,16, 40%~50%,29247.0,0.7858980097414809,0.8476878545179138,0.7483365136396443,0.748775835731469,0.7485536958087834,0.0018951090673391727,0.0012758585518769007,0.002247224145241622,0.002227898132784512,0.0022386472111242312,0.8938426815252103,0.9126732233407165,0.7485748236367264,0.7482833940171805,0.7484266538414296
beagle,25%,16, Overall,261945.0,0.8938426815252103,0.9126732233407165,0.7485748236367264,0.7482833940171805,0.7484266538414296,0.0007778404678365142,0.0006556073357134896,0.001857971241264608,0.001851164939430563,0.0018548343618961854,0.8938426815252103,0.9126732233407165,0.7485748236367264,0.7482833940171805,0.7484266538414296
beagle,5%,17, 0.1%~0.5%,8535.0,0.9871305320338712,0.9218815456313618,0.7593170534889149,0.7597083028929726,0.7594485658111921,0.0008666444983796866,0.0053714730875665225,0.016150434754651166,0.016135297488647084,0.016123000240794192,0.8948821550348479,0.9159237445954677,0.7525379741348152,0.7525352943711404,0.7525297255541604
beagle,5%,17, 0.5%~1%,8670.0,0.9852312047813777,0.9255375391754458,0.7562068689013574,0.7565857809845632,0.756334830059088,0.0006212313658228605,0.0031000022854193654,0.010461507676808444,0.010514327029878678,0.01045922126847304,0.8948821550348479,0.9159237445954677,0.7525379741348152,0.7525352943711404,0.7525297255541604
beagle,5%,17, 1%~10%,81847.0,0.9624278633710867,0.936743602423205,0.7534727105643414,0.7537384228428259,0.7535970372419145,0.0005932229752006265,0.0010075605468833234,0.0039392499183711896,0.003950177850195489,0.003939568180460757,0.8948821550348479,0.9159237445954677,0.7525379741348152,0.7525352943711404,0.7525297255541604
beagle,5%,17, 10%~20%,40198.0,0.8900239270158172,0.9131294584530778,0.7531873540380061,0.7531379712706475,0.7531483569976828,0.0010640488756075296,0.0007647187158685111,0.0023671591454282044,0.0023721541768062394,0.002379526784140038,0.8948821550348479,0.9159237445954677,0.7525379741348152,0.7525352943711404,0.7525297255541604
beagle,5%,17, 20%~30%,29448.0,0.837500926131733,0.8909820967681877,0.7513048843192075,0.751288491678238,0.75128196299306,0.0008107962440226785,0.0005268015360869461,0.0012556093286326172,0.0012610137321301131,0.0012486873114488503,0.8948821550348479,0.9159237445954677,0.7525379741348152,0.7525352943711404,0.7525297255541604
beagle,5%,17, 30%~40%,26977.0,0.8026026098550841,0.8664778171716819,0.7521784528773295,0.7522234920717109,0.7521870145738229,0.0015478891654884127,0.0010013126244365156,0.0019394433662289585,0.0019442366645336428,0.0019423380033337407,0.8948821550348479,0.9159237445954677,0.7525379741348152,0.7525352943711404,0.7525297255541604
beagle,5%,17, 40%~50%,24833.0,0.785165206610461,0.8498199977527214,0.7523106964166176,0.7523723075254942,0.7523400061339229,0.0021607296053386808,0.0014811541467098638,0.0025043342564875855,0.0024928773026001503,0.002497839281022217,0.8948821550348479,0.9159237445954677,0.7525379741348152,0.7525352943711404,0.7525297255541604
beagle,5%,17, Overall,220508.0,0.8948821550348479,0.9159237445954677,0.7525379741348152,0.7525352943711404,0.7525297255541604,0.00045107489837340115,0.0003591360661356331,0.001064459645495715,0.001068940271315969,0.0010659533029678256,0.8948821550348479,0.9159237445954677,0.7525379741348152,0.7525352943711404,0.7525297255541604
beagle,15%,17, 0.1%~0.5%,8535.0,0.9868420585468037,0.9187783842606598,0.7549198620765768,0.7561707420948752,0.7555404168951244,0.0006142567668817471,0.0036216799854470348,0.011539678412418021,0.011490094309227815,0.011511995560796164,0.8941852106238434,0.913670882783841,0.7516651908490362,0.7515145763848791,0.751584567902786
beagle,15%,17, 0.5%~1%,8670.0,0.9847611058683722,0.9218582949512184,0.7498271900756971,0.7510045717513679,0.7502806388637446,0.0002893062478968256,0.001255618958645059,0.004768616876098676,0.004965348256149912,0.004864223209967372,0.8941852106238434,0.913670882783841,0.7516651908490362,0.7515145763848791,0.751584567902786
beagle,15%,17, 1%~10%,81847.0,0.9613770297943206,0.9328975471087656,0.7486038971545885,0.7481739325592294,0.7483691162315894,0.00017228186905420006,0.0002291246543455649,0.001124696170678456,0.001131752769193942,0.00113220165239711,0.8941852106238434,0.913670882783841,0.7516651908490362,0.7515145763848791,0.751584567902786
beagle,15%,17, 10%~20%,40198.0,0.8872652340610946,0.9090480729797905,0.7479123729827094,0.7476266309149553,0.7477484647283962,0.0003703364792007941,0.00027370125905396383,0.0008204270077510108,0.0008241006792286913,0.0008361528923232681,0.8941852106238434,0.913670882783841,0.7516651908490362,0.7515145763848791,0.751584567902786
beagle,15%,17, 20%~30%,29448.0,0.8373388530784619,0.8888925373593702,0.7514903826832925,0.7514938857875979,0.7514824524659053,0.0016142868040678012,0.0010207950139726693,0.002472159846207624,0.002475091657362189,0.002469928071549418,0.8941852106238434,0.913670882783841,0.7516651908490362,0.7515145763848791,0.751584567902786
beagle,15%,17, 30%~40%,26977.0,0.8048317815063561,0.865728596362826,0.755122920236493,0.7552866584163084,0.7552023632138484,0.0007429503884809508,0.0005070845580343952,0.0009390096079066528,0.0009414927215501748,0.0009387094650909363,0.8941852106238434,0.913670882783841,0.7516651908490362,0.7515145763848791,0.751584567902786
beagle,15%,17, 40%~50%,24833.0,0.7849394561732982,0.8474082509690081,0.7520195936467161,0.7522851113430096,0.7521480024410159,0.0023021497560235245,0.0014987107959609015,0.0026479259671380235,0.0026541700896270458,0.0026490457805356305,0.8941852106238434,0.913670882783841,0.7516651908490362,0.7515145763848791,0.751584567902786
beagle,15%,17, Overall,220508.0,0.8941852106238434,0.913670882783841,0.7516651908490362,0.7515145763848791,0.751584567902786,0.0005134183659442672,0.0003739010891942332,0.001209719100444693,0.0012084875176137967,0.0012079193607265355,0.8941852106238434,0.913670882783841,0.7516651908490362,0.7515145763848791,0.751584567902786
beagle,25%,17, 0.1%~0.5%,8535.0,0.9864648239867924,0.9155539343864375,0.7490090491940409,0.7498997060586338,0.7494279145523456,0.00010115257982229094,0.0006014932432097276,0.002113891464972004,0.002109542273124023,0.002090160482944566,0.8920431526980949,0.9103742162155787,0.7473230348858797,0.7470256202086824,0.747165977978319
beagle,25%,17, 0.5%~1%,8670.0,0.9844447939603649,0.9182354681358603,0.7467888397705021,0.7479082150569666,0.7471395224915266,0.00047990394156624387,0.0030413867881872183,0.008151773135719544,0.008236415042723554,0.008042411533958889,0.8920431526980949,0.9103742162155787,0.7473230348858797,0.7470256202086824,0.747165977978319
beagle,25%,17, 1%~10%,81847.0,0.9607376253771358,0.9296968589386436,0.746418236886904,0.7451602977011409,0.7457416361690267,0.0004200922958798357,0.0006451200886362622,0.002858510885854371,0.00285077009498468,0.0028359694437633917,0.8920431526980949,0.9103742162155787,0.7473230348858797,0.7470256202086824,0.747165977978319
beagle,25%,17, 10%~20%,40198.0,0.8861947752564201,0.9064044161498854,0.746263541574186,0.7457881743007969,0.746006860097976,0.0009154977079057643,0.0007415052563767211,0.0020423359045069756,0.002028540216824983,0.0020406442816112503,0.8920431526980949,0.9103742162155787,0.7473230348858797,0.7470256202086824,0.747165977978319
beagle,25%,17, 20%~30%,29448.0,0.834448807553942,0.8851178365925954,0.747474965140979,0.747506941239779,0.7474778252951788,0.0021577484129534324,0.0013447538784822485,0.00332683963624414,0.0033045021462170697,0.0033190998454852216,0.8920431526980949,0.9103742162155787,0.7473230348858797,0.7470256202086824,0.747165977978319
beagle,25%,17, 30%~40%,26977.0,0.7978684985301733,0.8593014410472571,0.7464432589411949,0.7467725856090567,0.7465988464811146,0.0009592384719076232,0.0006000680909187891,0.001241283931749631,0.0012218013924337244,0.0012337358510576837,0.8920431526980949,0.9103742162155787,0.7473230348858797,0.7470256202086824,0.747165977978319
beagle,25%,17, 40%~50%,24833.0,0.7809906539319015,0.8424827729413341,0.7474279332542865,0.7479106669917562,0.7476650226912486,0.001968032899368696,0.0011279550453392874,0.0022799808879098446,0.002276721179141544,0.002277659189115872,0.8920431526980949,0.9103742162155787,0.7473230348858797,0.7470256202086824,0.747165977978319
beagle,25%,17, Overall,220508.0,0.8920431526980949,0.9103742162155787,0.7473230348858797,0.7470256202086824,0.747165977978319,0.0006485379328840839,0.00048135085307513144,0.0015533867298425017,0.0015291174471421904,0.0015360591155433537,0.8920431526980949,0.9103742162155787,0.7473230348858797,0.7470256202086824,0.747165977978319
beagle,5%,18, 0.1%~0.5%,9335.0,0.9868984434597717,0.916447441877338,0.7524760149869992,0.752779270099346,0.7525485213765443,0.00028675286064268395,0.0014953616341187575,0.005282121524524528,0.005324500566038325,0.005367952173656919,0.8942541017438165,0.9173489897741659,0.7512977589720092,0.7512946940797048,0.7512931757222668
beagle,5%,18, 0.5%~1%,10132.0,0.9856163789493833,0.9430756677670301,0.7545132058733452,0.7547952632412475,0.7545318836283457,0.00039372527306573164,0.0016382490281013507,0.006854638729734076,0.00691713635999228,0.006898931175773771,0.8942541017438165,0.9173489897741659,0.7512977589720092,0.7512946940797048,0.7512931757222668
beagle,5%,18, 1%~10%,90120.0,0.96171157312136,0.9486545985053653,0.7518875541993931,0.7520952111484843,0.7519727117486954,0.00018104734822633057,0.00024453273880833303,0.0011821100619419257,0.0012034178591641908,0.0012089664948455436,0.8942541017438165,0.9173489897741659,0.7512977589720092,0.7512946940797048,0.7512931757222668
beagle,5%,18, 10%~20%,47158.0,0.8906792382024581,0.9144585146297368,0.7498043191029224,0.7497475786656338,0.7497692618451794,0.0013204570093307492,0.0010135073923695647,0.003040491520698325,0.003035997686391898,0.003044912989941987,0.8942541017438165,0.9173489897741659,0.7512977589720092,0.7512946940797048,0.7512931757222668
beagle,5%,18, 20%~30%,34083.0,0.8346823129632742,0.887212300898239,0.7503357995597889,0.7503360328975628,0.7503354649769549,0.0031869320805562283,0.0021037209520892437,0.00482417777281603,0.004816405572426538,0.004820196576725985,0.8942541017438165,0.9173489897741659,0.7512977589720092,0.7512946940797048,0.7512931757222668
beagle,5%,18, 30%~40%,29152.0,0.8028520315670425,0.8664504850440062,0.7525959525307723,0.7526231468687575,0.7525959997768098,0.0026069143098830694,0.001675390324355936,0.0032536562803325707,0.003250858627216858,0.0032703608903274367,0.8942541017438165,0.9173489897741659,0.7512977589720092,0.7512946940797048,0.7512931757222668
beagle,5%,18, 40%~50%,27219.0,0.7838068773261102,0.8487749913360371,0.7514879430618678,0.7515356989669818,0.7515115234871758,0.00326138613686455,0.0021873225804557423,0.0037575569348392325,0.003750971673190113,0.0037543863388426386,0.8942541017438165,0.9173489897741659,0.7512977589720092,0.7512946940797048,0.7512931757222668
beagle,5%,18, Overall,247199.0,0.8942541017438165,0.9173489897741659,0.7512977589720092,0.7512946940797048,0.7512931757222668,0.0013501095797173019,0.0010361906662151891,0.00318394606577091,0.0031824620113078796,0.0031866114410951086,0.8942541017438165,0.9173489897741659,0.7512977589720092,0.7512946940797048,0.7512931757222668
beagle,15%,18, 0.1%~0.5%,9335.0,0.9863449708655923,0.9120129201545907,0.7428153926256665,0.7438121710634563,0.743242226114189,0.00034696968097872017,0.002532109368811685,0.006446956090282651,0.0064464014555773224,0.006431813564704881,0.8926421934383132,0.9148064392605791,0.7481135096477445,0.7479997994369189,0.7480542009666307
beagle,15%,18, 0.5%~1%,10132.0,0.9851842048594911,0.9406493426352003,0.7482440604255208,0.7490400160267298,0.7486239555792878,0.00039436159973418666,0.0014644632272269192,0.006613735703898928,0.006667001414819241,0.006656231613589663,0.8926421934383132,0.9148064392605791,0.7481135096477445,0.7479997994369189,0.7480542009666307
beagle,15%,18, 1%~10%,90120.0,0.9608805263016315,0.9461460481528366,0.7482272066809409,0.7478977598049806,0.748059861413076,0.00036170702111340417,0.0004900948981073041,0.002359439654808607,0.002381244025875559,0.002371645758947707,0.8926421934383132,0.9148064392605791,0.7481135096477445,0.7479997994369189,0.7480542009666307
beagle,15%,18, 10%~20%,47158.0,0.8895670839614603,0.9121260154783788,0.7479649699836676,0.7476972109615607,0.7478265394404229,0.0002853806560986773,0.00020589997132797262,0.0006643433317174306,0.0006471225150685145,0.000654469673102693,0.8926421934383132,0.9148064392605791,0.7481135096477445,0.7479997994369189,0.7480542009666307
beagle,15%,18, 20%~30%,34083.0,0.8338147783619133,0.8850714853190835,0.7493100136474576,0.7493601760640892,0.7493317606994562,0.0016554132936251816,0.0011229318126051186,0.0024991160701096646,0.002499838391099774,0.002498788063965729,0.8926421934383132,0.9148064392605791,0.7481135096477445,0.7479997994369189,0.7480542009666307
beagle,15%,18, 30%~40%,29152.0,0.7988819832518378,0.8620659835481691,0.7476894420586159,0.7478494775319094,0.7477568775218203,0.0030956155516783553,0.0020049379323112044,0.003886906297005728,0.0038728429434925038,0.003890890554487541,0.8926421934383132,0.9148064392605791,0.7481135096477445,0.7479997994369189,0.7480542009666307
beagle,15%,18, 40%~50%,27219.0,0.7795351286478808,0.8440989469943857,0.7465333707352118,0.7467642504949792,0.746642857550366,0.0023216840367823043,0.0015899155710544632,0.002674585089826767,0.0026690760257885074,0.002669509892041622,0.8926421934383132,0.9148064392605791,0.7481135096477445,0.7479997994369189,0.7480542009666307
beagle,15%,18, Overall,247199.0,0.8926421934383132,0.9148064392605791,0.7481135096477445,0.7479997994369189,0.7480542009666307,0.000793660178436423,0.0006083663765139952,0.0018659889313795103,0.0018633538014701562,0.0018646878944218294,0.8926421934383132,0.9148064392605791,0.7481135096477445,0.7479997994369189,0.7480542009666307
beagle,25%,18, 0.1%~0.5%,9335.0,0.9864983525669118,0.9113695495822572,0.7469570001074434,0.748116650135218,0.7474222466959369,0.000483850719258741,0.003517162032640328,0.009007684553904877,0.008767954832882735,0.008861370829250282,0.8921810571706,0.9131755628259389,0.7475867195258502,0.747338579821715,0.7474607131685499
beagle,25%,18, 0.5%~1%,10132.0,0.9853008470013996,0.9394632446477896,0.7519068684733927,0.7522226497307664,0.7519726078613305,0.0009389318384553472,0.003519160854714219,0.01591086645217413,0.016182529626216028,0.01616233975682966,0.8921810571706,0.9131755628259389,0.7475867195258502,0.747338579821715,0.7474607131685499
beagle,25%,18, 1%~10%,90120.0,0.9607266069483114,0.9445239785579448,0.7489063823842038,0.7478491578894343,0.7483615321031825,0.0006657950573443738,0.0008875122891055565,0.00431836955578887,0.004250224409271302,0.004272554755040937,0.8921810571706,0.9131755628259389,0.7475867195258502,0.747338579821715,0.7474607131685499
beagle,25%,18, 10%~20%,47158.0,0.8891050652416698,0.910328149241893,0.7475587584100948,0.7470910409452118,0.747320491323222,0.0027841458295306486,0.002109619931115751,0.0064136511510681955,0.006365467429595055,0.006390279999660151,0.8921810571706,0.9131755628259389,0.7475867195258502,0.747338579821715,0.7474607131685499
beagle,25%,18, 20%~30%,34083.0,0.831660723065529,0.8822146166593411,0.746265747224577,0.7463782642100926,0.7463161417205487,0.004660957655905882,0.003059552969062546,0.007080304441286487,0.007054030358195305,0.007069750474676848,0.8921810571706,0.9131755628259389,0.7475867195258502,0.747338579821715,0.7474607131685499
beagle,25%,18, 30%~40%,29152.0,0.7980922354721751,0.8600343081163171,0.7467099650821977,0.7470167657062258,0.7468607657777531,0.00421414442441828,0.002717983581905961,0.005312617117930869,0.005295483611413276,0.00530347125696273,0.8921810571706,0.9131755628259389,0.7475867195258502,0.747338579821715,0.7474607131685499
beagle,25%,18, 40%~50%,27219.0,0.7801043054817991,0.8426569892956262,0.7471318192293112,0.7475501594849575,0.7473364803146332,0.004949765587781639,0.0032469504690766857,0.005737979795845869,0.005701430165524438,0.0057164453042808224,0.8921810571706,0.9131755628259389,0.7475867195258502,0.747338579821715,0.7474607131685499
beagle,25%,18, Overall,247199.0,0.8921810571706,0.9131755628259389,0.7475867195258502,0.747338579821715,0.7474607131685499,0.00240149226908158,0.0018099969544938801,0.005687087290292418,0.005658801502285907,0.005672619050231553,0.8921810571706,0.9131755628259389,0.7475867195258502,0.747338579821715,0.7474607131685499
beagle,5%,19, 0.1%~0.5%,6837.0,0.9864141635751992,0.8718748226470893,0.7477744968326379,0.7485534178735401,0.748129469031544,0.0002450876725725692,0.002084329885380703,0.004530265854378619,0.004524427134806642,0.004541517754815959,0.8928059400066548,0.9113474535335963,0.7508788173714792,0.7508780091432047,0.7508670503793234
beagle,5%,19, 0.5%~1%,7548.0,0.9858140225787283,0.8898414967011562,0.7527464705965109,0.7531990284116356,0.7529393764580318,0.0006091991558836316,0.005054626748597838,0.010590491216544045,0.010595094095255502,0.010622247336970552,0.8928059400066548,0.9113474535335963,0.7508788173714792,0.7508780091432047,0.7508670503793234
beagle,5%,19, 1%~10%,68923.0,0.9622883947347479,0.920171331109453,0.751942919408982,0.7522663696907284,0.7520966766726424,0.00013901846243978476,0.0002719860968584413,0.000922619724847988,0.0009269106221865603,0.0009213209019866273,0.8928059400066548,0.9113474535335963,0.7508788173714792,0.7508780091432047,0.7508670503793234
beagle,5%,19, 10%~20%,40538.0,0.892001257331318,0.9102909176449993,0.7523372168322665,0.7522951136106736,0.752287048096893,0.0003986885581063886,0.00032325761510119873,0.0009278930995732119,0.0009282912721772538,0.0009268824598695286,0.8928059400066548,0.9113474535335963,0.7508788173714792,0.7508780091432047,0.7508670503793234
beagle,5%,19, 20%~30%,26936.0,0.8355023355023355,0.8890444289782303,0.7497361835306147,0.7497129074072157,0.7497113734741508,0.000965004962831044,0.0006649777112132388,0.001466358082158336,0.0014666769606274696,0.0014676847634901259,0.8928059400066548,0.9113474535335963,0.7508788173714792,0.7508780091432047,0.7508670503793234
beagle,5%,19, 30%~40%,23633.0,0.8018028847694992,0.8653998272176159,0.7496801741121466,0.7497172525541922,0.7496754272866895,0.0011140656074299427,0.0007599963595410216,0.001439171115036416,0.0014352516073176604,0.0014199726085160492,0.8928059400066548,0.9113474535335963,0.7508788173714792,0.7508780091432047,0.7508670503793234
beagle,5%,19, 40%~50%,22028.0,0.7836658302656123,0.848587849532041,0.7508531274946885,0.7508997502209241,0.7508734118539495,0.002047999238508691,0.0014152276233894963,0.0023661831595544434,0.002366008311381357,0.0023694472589281387,0.8928059400066548,0.9113474535335963,0.7508788173714792,0.7508780091432047,0.7508670503793234
beagle,5%,19, Overall,196443.0,0.8928059400066548,0.9113474535335963,0.7508788173714792,0.7508780091432047,0.7508670503793234,0.0004556539992071145,0.0004136122014439033,0.00108215086358583,0.0010819466957307964,0.0010738293513925736,0.8928059400066548,0.9113474535335963,0.7508788173714792,0.7508780091432047,0.7508670503793234
beagle,15%,19, 0.1%~0.5%,6837.0,0.9863332757145834,0.8689787385428266,0.7464269074621906,0.749132207270399,0.7477521176677144,0.00040549739968351995,0.003290824076658495,0.007191355775552398,0.00800481344309933,0.007560517475222348,0.8900226127742507,0.9073610556217796,0.7451355772447169,0.74501874112969,0.7450656919598225
beagle,15%,19, 0.5%~1%,7548.0,0.98523088596618,0.8838449096273582,0.7439165143526688,0.7449095281144542,0.7443978704364956,0.0005893322008413472,0.004954882634942851,0.009989737278548462,0.010028462981702558,0.010020175625893487,0.8900226127742507,0.9073610556217796,0.7451355772447169,0.74501874112969,0.7450656919598225
beagle,15%,19, 1%~10%,68923.0,0.9608123294374619,0.9142374204015153,0.7440596245064411,0.7438876765216214,0.7439636394403318,0.00019824647006186648,0.00048129256348606545,0.0013002689266223984,0.0013539953001091866,0.0013190645832107356,0.8900226127742507,0.9073610556217796,0.7451355772447169,0.74501874112969,0.7450656919598225
beagle,15%,19, 10%~20%,40538.0,0.888449034725368,0.905407297383176,0.7450416679959733,0.7447558041854112,0.7448768050633293,0.001739192873485426,0.0013993650428691976,0.004022996176224168,0.004024762738080582,0.004009297610143021,0.8900226127742507,0.9073610556217796,0.7451355772447169,0.74501874112969,0.7450656919598225
beagle,15%,19, 20%~30%,26936.0,0.8319526757026757,0.8848735374191095,0.7447458490697761,0.744756702191923,0.744741223143802,0.0033431085453950104,0.0022667672844083457,0.005083990999145956,0.005070081928057922,0.0050755702995243165,0.8900226127742507,0.9073610556217796,0.7451355772447169,0.74501874112969,0.7450656919598225
beagle,15%,19, 30%~40%,23633.0,0.7974625235129614,0.8603649044353867,0.7443543799567779,0.7445247298294625,0.7444129085586031,0.0026815072444910594,0.0018573486547640854,0.0034361006281629944,0.003424227378893756,0.0034074148128604037,0.8900226127742507,0.9073610556217796,0.7451355772447169,0.74501874112969,0.7450656919598225
beagle,15%,19, 40%~50%,22028.0,0.779222105749707,0.843479384519378,0.7457178824958045,0.7459707664556984,0.745838475511002,0.0038110584515150124,0.002507533068913401,0.004414316733348034,0.004400431411522867,0.004403337278943019,0.8900226127742507,0.9073610556217796,0.7451355772447169,0.74501874112969,0.7450656919598225
beagle,15%,19, Overall,196443.0,0.8900226127742507,0.9073610556217796,0.7451355772447169,0.74501874112969,0.7450656919598225,0.0012977742541701936,0.0010693612468485488,0.003040539130012069,0.003022419789591143,0.00302675237751976,0.8900226127742507,0.9073610556217796,0.7451355772447169,0.74501874112969,0.7450656919598225
beagle,25%,19, 0.1%~0.5%,6837.0,0.9858313277576113,0.8617502132485505,0.7375542906334241,0.7405118243329278,0.7387690243714197,9.647698818388234e-05,0.003626202286138651,0.0025268282271603375,0.002437989039012967,0.00215832447404107,0.8913595338550669,0.9067523861001936,0.748919475341625,0.7486620199513098,0.7487763959728113
beagle,25%,19, 0.5%~1%,7548.0,0.9853473125531949,0.880322756898206,0.7477515471276628,0.7478750082792659,0.7478003130676427,0.0005468679273512992,0.0033505961354194183,0.009736814527350562,0.009967344034740618,0.009870354907253222,0.8913595338550669,0.9067523861001936,0.748919475341625,0.7486620199513098,0.7487763959728113
beagle,25%,19, 1%~10%,68923.0,0.9605424850480929,0.910806226920403,0.7441484282973169,0.7432847928880997,0.7437103150788112,0.0007402146418589595,0.0013425493694042157,0.004916172913804736,0.00487253943868409,0.004892743308469998,0.8913595338550669,0.9067523861001936,0.748919475341625,0.7486620199513098,0.7487763959728113
beagle,25%,19, 10%~20%,40538.0,0.8895774185687353,0.9046401925035769,0.7484170606852484,0.7479745994899675,0.7481526264559756,0.0024415496814381133,0.0019455969920552795,0.005631241714527171,0.005600971892642705,0.005625494307797619,0.8913595338550669,0.9067523861001936,0.748919475341625,0.7486620199513098,0.7487763959728113
beagle,25%,19, 20%~30%,26936.0,0.8346023346023346,0.8847633237192946,0.7491645814288258,0.7491690114325906,0.7491511709311114,0.0033177558148291338,0.002165050978925723,0.005073281340242421,0.005047577244100531,0.005061953505954714,0.8913595338550669,0.9067523861001936,0.748919475341625,0.7486620199513098,0.7487763959728113
beagle,25%,19, 30%~40%,23633.0,0.8013015313717721,0.8608398728999115,0.7493175749350357,0.7496050801313908,0.7494481042330129,0.0036111868472785,0.0023340888994319983,0.004547773876928119,0.00454164186418177,0.004547884765316632,0.8913595338550669,0.9067523861001936,0.748919475341625,0.7486620199513098,0.7487763959728113
beagle,25%,19, 40%~50%,22028.0,0.7826695087794597,0.8435645492734926,0.749633065744648,0.7500970538781991,0.7498556239125661,0.004315155626492355,0.0027978345232006906,0.004989306901977141,0.004964670809357191,0.004980711204487609,0.8913595338550669,0.9067523861001936,0.748919475341625,0.7486620199513098,0.7487763959728113
beagle,25%,19, Overall,196443.0,0.8913595338550669,0.9067523861001936,0.748919475341625,0.7486620199513098,0.7487763959728113,0.002118914098792881,0.001641653282617602,0.004942940875943236,0.0049174429340387285,0.004934404891262123,0.8913595338550669,0.9067523861001936,0.748919475341625,0.7486620199513098,0.7487763959728113
beagle,5%,20, 0.1%~0.5%,7397.0,0.9863376225414889,0.893201104703051,0.7476332023509188,0.7478786888488829,0.7476479965015826,0.00011390367720978534,0.0007125846493406128,0.0023333803840009954,0.0024825231831243954,0.0023596051848032962,0.8924558380008617,0.9128241536916127,0.7494263433306984,0.74942604854879,0.7494234467372717
beagle,5%,20, 0.5%~1%,8029.0,0.9851891061568482,0.9244921983952917,0.7548054361574289,0.7551131157979961,0.7547984616081154,0.0006516907456794175,0.003352940179140174,0.010720875608890245,0.010711023489345823,0.010860327075781499,0.8924558380008617,0.9128241536916127,0.7494263433306984,0.74942604854879,0.7494234467372717
beagle,5%,20, 1%~10%,68182.0,0.9622698783914355,0.9337925314827533,0.7512053959802004,0.751421284117138,0.7513026831337012,0.000933115185189999,0.0016531969940594715,0.0061496453605572165,0.0061561623217122295,0.006157284749096949,0.8924558380008617,0.9128241536916127,0.7494263433306984,0.74942604854879,0.7494234467372717
beagle,5%,20, 10%~20%,35762.0,0.8885822177933916,0.9079798471350936,0.7494322299022323,0.7494122810953634,0.7494159609624859,0.0016322346923033715,0.0012908382753985949,0.0036666170617274184,0.0036689791704064335,0.003665399918483151,0.8924558380008617,0.9128241536916127,0.7494263433306984,0.74942604854879,0.7494234467372717
beagle,5%,20, 20%~30%,26302.0,0.8348333920913952,0.8882994032491359,0.7478538486288385,0.7478413828539519,0.7478460214546104,0.001141813405309723,0.0007331435779109382,0.0017478505192126965,0.0017495318558373846,0.0017494024956436827,0.8924558380008617,0.9128241536916127,0.7494263433306984,0.74942604854879,0.7494234467372717
beagle,5%,20, 30%~40%,21761.0,0.7983708692086063,0.8627433699104139,0.7501153700973141,0.7501641515981597,0.7501278978875705,0.000796491547397466,0.0005277837797417176,0.0009727414145650526,0.0009808420869099523,0.0009769119817515425,0.8924558380008617,0.9128241536916127,0.7494263433306984,0.74942604854879,0.7494234467372717
beagle,5%,20, 40%~50%,22467.0,0.7812899997437319,0.8469878213669505,0.7488381941170855,0.748891657933771,0.7488584713034593,0.0015870162269372534,0.0010290701544775193,0.0018449397471771293,0.001835500028627105,0.0018335959851468432,0.8924558380008617,0.9128241536916127,0.7494263433306984,0.74942604854879,0.7494234467372717
beagle,5%,20, Overall,189900.0,0.8924558380008617,0.9128241536916127,0.7494263433306984,0.74942604854879,0.7494234467372717,0.0010635800067204989,0.000838689868919463,0.0024812330258155136,0.0024842092947029485,0.0024804215687265945,0.8924558380008617,0.9128241536916127,0.7494263433306984,0.74942604854879,0.7494234467372717
beagle,15%,20, 0.1%~0.5%,7397.0,0.9864318458343063,0.8926049644124884,0.750223499203765,0.7512216362898357,0.7504797928261228,0.0002521696084245276,0.002414142584069905,0.004231851589668698,0.004163882710086982,0.00452256867829492,0.8921301881372972,0.9110042302129444,0.7493040613387013,0.7491890025673151,0.7492454639212252
beagle,15%,20, 0.5%~1%,8029.0,0.9845437184146862,0.9204912404968439,0.7449011292170643,0.7456680225136131,0.7452661828433221,0.0007205227131936775,0.003521777121621248,0.011755841997934356,0.011801893979744823,0.011787533655816463,0.8921301881372972,0.9110042302129444,0.7493040613387013,0.7491890025673151,0.7492454639212252
beagle,15%,20, 1%~10%,68182.0,0.9614391028290591,0.9302588787888025,0.7475087610020278,0.7471320010638438,0.7472920265145255,0.000950396738429182,0.0016096716788901243,0.006292167045434657,0.006286127730297889,0.00628285965306441,0.8921301881372972,0.9110042302129444,0.7493040613387013,0.7491890025673151,0.7492454639212252
beagle,15%,20, 10%~20%,35762.0,0.8884379559817175,0.9060502407749264,0.7498399177514283,0.7496129925857433,0.7497198511184929,0.0016559584752660812,0.0012330482575298601,0.0037537167651161426,0.0037347280431039753,0.003739204855512868,0.8921301881372972,0.9110042302129444,0.7493040613387013,0.7491890025673151,0.7492454639212252
beagle,15%,20, 20%~30%,26302.0,0.8357355011601837,0.8871686592719148,0.7495929105117317,0.7496221717867996,0.7495994075184812,0.003160207605289215,0.002007538416500397,0.004806242374236719,0.004804922544528421,0.004812757403432223,0.8921301881372972,0.9110042302129444,0.7493040613387013,0.7491890025673151,0.7492454639212252
beagle,15%,20, 30%~40%,21761.0,0.7963694432491822,0.8594001312290948,0.7477001093282413,0.747909991202932,0.7477950428568709,0.0030942397989967936,0.002022421114959614,0.003830149866298775,0.003823428372932987,0.003828917065440201,0.8921301881372972,0.9110042302129444,0.7493040613387013,0.7491890025673151,0.7492454639212252
beagle,15%,20, 40%~50%,22467.0,0.7823703721687432,0.8456731527442978,0.7500324073515738,0.750276725486596,0.7501500926867916,0.005711961383269112,0.0037086030371933478,0.0065446905823178265,0.006555855978950833,0.006550582901753817,0.8921301881372972,0.9110042302129444,0.7493040613387013,0.7491890025673151,0.7492454639212252
beagle,15%,20, Overall,189900.0,0.8921301881372972,0.9110042302129444,0.7493040613387013,0.7491890025673151,0.7492454639212252,0.0021404006422261835,0.0016407730529929198,0.004992013722829448,0.004981619813429457,0.004987236870644303,0.8921301881372972,0.9110042302129444,0.7493040613387013,0.7491890025673151,0.7492454639212252
beagle,25%,20, 0.1%~0.5%,7397.0,0.9862659309056497,0.8890190660841614,0.7484396740780968,0.7489407546591339,0.7485708934290835,0.00010432931560926935,0.0008235965038316503,0.0017239538645472696,0.0020908300594503857,0.0019353086873202222,0.8908188121339781,0.9084966160007394,0.7468486187263638,0.7465982157617895,0.7467210386197684
beagle,25%,20, 0.5%~1%,8029.0,0.9842936778420649,0.9173123512372733,0.7425625623650407,0.7428099939225712,0.7426357666745607,0.0006594640358421383,0.0027514113092931827,0.011637563479664256,0.011772426306250429,0.011673390663773948,0.8908188121339781,0.9084966160007394,0.7468486187263638,0.7465982157617895,0.7467210386197684
beagle,25%,20, 1%~10%,68182.0,0.9610522149718713,0.9276843894571339,0.7467263062904252,0.7455479337408697,0.7461255528424345,0.0005480070881891404,0.0009644006119484618,0.0036450643655379063,0.003647457994822931,0.0036437358742382807,0.8908188121339781,0.9084966160007394,0.7468486187263638,0.7465982157617895,0.7467210386197684
beagle,25%,20, 10%~20%,35762.0,0.886934963979033,0.9031368696827697,0.7470999692788717,0.7467346510889885,0.7469001422201678,0.002255779153117969,0.001797723026652996,0.005126970472921197,0.005107381136313423,0.005102886483261646,0.8908188121339781,0.9084966160007394,0.7468486187263638,0.7465982157617895,0.7467210386197684
beagle,25%,20, 20%~30%,26302.0,0.8326953475136123,0.8835049935329753,0.7452456321351509,0.7452964787794052,0.7452641351680747,0.0038224164285830635,0.0025091264840167524,0.005859749487198516,0.005836576332173828,0.0058475649060629785,0.8908188121339781,0.9084966160007394,0.7468486187263638,0.7465982157617895,0.7467210386197684
beagle,25%,20, 30%~40%,21761.0,0.7955081581868034,0.8568472805910136,0.7466922369375034,0.7470558075660766,0.7468654303150508,0.0029971738847512203,0.001964215412634677,0.0037240852779036214,0.003694165705659597,0.0037141417111610426,0.8908188121339781,0.9084966160007394,0.7468486187263638,0.7465982157617895,0.7467210386197684
beagle,25%,20, 40%~50%,22467.0,0.7793899065430644,0.8418292992463335,0.7465501997402982,0.7470015175474528,0.7467648266890431,0.00334119682976744,0.0022741066022546044,0.0038552272051960877,0.0038292816858651983,0.0038518282017680535,0.8908188121339781,0.9084966160007394,0.7468486187263638,0.7465982157617895,0.7467210386197684
beagle,25%,20, Overall,189900.0,0.8908188121339781,0.9084966160007394,0.7468486187263638,0.7465982157617895,0.7467210386197684,0.0018640596866541237,0.0014767756280333897,0.004369094278667353,0.004351593148133365,0.004360574645562532,0.8908188121339781,0.9084966160007394,0.7468486187263638,0.7465982157617895,0.7467210386197684
beagle,5%,21, 0.1%~0.5%,4535.0,0.9869065517356587,0.9065008123926396,0.7620820673645642,0.762322161775546,0.7619748259437831,0.0005817329662740181,0.004567113457108991,0.010765133703682978,0.010855641390918814,0.010777919088941101,0.8901382141013227,0.9142353609849602,0.747539797366517,0.7475364455203662,0.7475360527815097
beagle,5%,21, 0.5%~1%,4593.0,0.9847462211929879,0.9136294269241331,0.7489158931383599,0.7491680327076216,0.7490376880031794,0.00014631518340592578,0.0009866665064928609,0.0023043032303906802,0.002093250871013975,0.002204463249165373,0.8901382141013227,0.9142353609849602,0.747539797366517,0.7475364455203662,0.7475360527815097
beagle,5%,21, 1%~10%,41652.0,0.9610451970002533,0.9309984377976245,0.7488259035754918,0.7490791949107546,0.7489092922516174,0.00018501282764402484,0.0002935606383150822,0.001126661699972587,0.0011037786104864066,0.0011401280993469575,0.8901382141013227,0.9142353609849602,0.747539797366517,0.7475364455203662,0.7475360527815097
beagle,5%,21, 10%~20%,23496.0,0.886142451068396,0.9139121691967466,0.7445176880077925,0.7444720877956016,0.7444929179258288,0.0027818669009442645,0.0020639018111532196,0.006253430350504128,0.006244512867798417,0.006249102922340779,0.8901382141013227,0.9142353609849602,0.747539797366517,0.7475364455203662,0.7475360527815097
beagle,5%,21, 20%~30%,16815.0,0.83455698825904,0.8917026991178295,0.7457343264232245,0.745722124900972,0.7457239417181772,0.0021760917053314463,0.0013802935971849067,0.0033472973356892593,0.003349745129206543,0.003345409661984329,0.8901382141013227,0.9142353609849602,0.747539797366517,0.7475364455203662,0.7475360527815097
beagle,5%,21, 30%~40%,14563.0,0.7958727909459214,0.8612116856748772,0.7465632180433338,0.7466068721310987,0.7465575148794416,0.005872882983777981,0.0037973526764168816,0.007259868696092573,0.007258743256388661,0.007281084083635506,0.8901382141013227,0.9142353609849602,0.747539797366517,0.7475364455203662,0.7475360527815097
beagle,5%,21, 40%~50%,13669.0,0.7858492009124829,0.851018024743054,0.7515119382207981,0.7515592096858393,0.7515342097631713,0.0035681234629694678,0.0024140933398592713,0.0041598782362580475,0.004143593104244582,0.004152820272327696,0.8901382141013227,0.9142353609849602,0.747539797366517,0.7475364455203662,0.7475360527815097
beagle,5%,21, Overall,119323.0,0.8901382141013227,0.9142353609849602,0.747539797366517,0.7475364455203662,0.7475360527815097,0.00180956005108861,0.0013810407295828688,0.004165019943812873,0.004166606697691092,0.004165367201212423,0.8901382141013227,0.9142353609849602,0.747539797366517,0.7475364455203662,0.7475360527815097
beagle,15%,21, 0.1%~0.5%,4535.0,0.9860178410343791,0.8988470240094433,0.7465596829996642,0.7472314450345857,0.7468794583622619,0.0002106630205168948,0.0007258064781209332,0.0038894264940939603,0.0041426492170489465,0.0040179376904048965,0.8896186160355684,0.9123779390076195,0.7469874126421935,0.7468603964313241,0.7469218993173953
beagle,15%,21, 0.5%~1%,4593.0,0.9845730327441626,0.9109890770531325,0.7471269527350509,0.7483390813766544,0.7475094516665018,0.0003600447798921732,0.0028432564037212693,0.0054433001321574585,0.005279586737655757,0.00573251665313305,0.8896186160355684,0.9123779390076195,0.7469874126421935,0.7468603964313241,0.7469218993173953
beagle,15%,21, 1%~10%,41652.0,0.9607645527589348,0.9283721230959752,0.7487759800412573,0.7484511460313108,0.7485845327554254,0.0003731669700274329,0.0007071526578014992,0.0024262366973228015,0.002481596866694614,0.002443988778850472,0.8896186160355684,0.9123779390076195,0.7469874126421935,0.7468603964313241,0.7469218993173953
beagle,15%,21, 10%~20%,23496.0,0.8872667559146109,0.9132506549465099,0.7478587115888754,0.7475536518481366,0.747695585286702,0.00025879164324810183,0.00020382609416085812,0.0005979976724509734,0.0005791421662147405,0.0005842321600949004,0.8896186160355684,0.9123779390076195,0.7469874126421935,0.7468603964313241,0.7469218993173953
beagle,15%,21, 20%~30%,16815.0,0.834728642355761,0.8902339043753399,0.746363852236856,0.7463558562614852,0.7463507771844773,0.0010790941058802222,0.0007527996047242471,0.0016379934911708194,0.001659311589380273,0.0016447307565635805,0.8896186160355684,0.9123779390076195,0.7469874126421935,0.7468603964313241,0.7469218993173953
beagle,15%,21, 30%~40%,14563.0,0.7938257809850202,0.857933636196332,0.7440888518485179,0.7442776993662089,0.7441548374942367,0.0006012213532671592,0.0004981639753756689,0.0007311403188183099,0.0007110303392643571,0.0007305385892627733,0.8896186160355684,0.9123779390076195,0.7469874126421935,0.7468603964313241,0.7469218993173953
beagle,15%,21, 40%~50%,13669.0,0.78255874274237,0.8469313900433723,0.7476818546236751,0.7479177036438635,0.7477822140729559,0.003261860694350865,0.0019896948220773244,0.0037758060455240746,0.003782121500567476,0.0037933138663986082,0.8896186160355684,0.9123779390076195,0.7469874126421935,0.7468603964313241,0.7469218993173953
beagle,15%,21, Overall,119323.0,0.8896186160355684,0.9123779390076195,0.7469874126421935,0.7468603964313241,0.7469218993173953,0.0003430185024059889,0.0002383896770570477,0.0007925073112789484,0.000780780871746178,0.0007866410796793648,0.8896186160355684,0.9123779390076195,0.7469874126421935,0.7468603964313241,0.7469218993173953
beagle,25%,21, 0.1%~0.5%,4535.0,0.9861548227590123,0.8983078873179969,0.7501384488769567,0.7507901748999859,0.7504559269559428,0.0007814178953998049,0.005240863303971979,0.014289544706574736,0.0143148928445931,0.014312513804408273,0.8906872712949495,0.9117804824182763,0.7500926728868236,0.7498005388678318,0.7499332234962929
beagle,25%,21, 0.5%~1%,4593.0,0.9850233227111085,0.9116365510486862,0.7559513816106138,0.756570421719886,0.7558841969303156,0.00048720288617980185,0.0024773138396290153,0.008116039433202679,0.008110382358839987,0.008308515370988838,0.8906872712949495,0.9117804824182763,0.7500926728868236,0.7498005388678318,0.7499332234962929
beagle,25%,21, 1%~10%,41652.0,0.9603833276586086,0.9255528484821501,0.7481731627767765,0.7470733371779653,0.74755026152592,0.0003041376660525546,0.0005133105813843219,0.002011318738112019,0.0019341755922681252,0.0019379723624662127,0.8906872712949495,0.9117804824182763,0.7500926728868236,0.7498005388678318,0.7499332234962929
beagle,25%,21, 10%~20%,23496.0,0.8878577656029137,0.91209737202835,0.7499232195099155,0.7494042720460624,0.7496532702360582,0.0003646043971776905,0.0003656915539106618,0.0007958784001522765,0.0008164063094089067,0.0008146080282830016,0.8906872712949495,0.9117804824182763,0.7500926728868236,0.7498005388678318,0.7499332234962929
beagle,25%,21, 20%~30%,16815.0,0.837263806666126,0.8903541261480951,0.7506312303923108,0.7506095562429214,0.7506097114743474,0.002569045232429925,0.0016971455737058538,0.003928920085634255,0.00393914558233124,0.003939497501975148,0.8906872712949495,0.9117804824182763,0.7500926728868236,0.7498005388678318,0.7499332234962929
beagle,25%,21, 30%~40%,14563.0,0.7978719419699987,0.8586601840366571,0.7492117406289157,0.7495433903696793,0.7493386642282331,0.00151172451151578,0.001050211409934393,0.0018587775168632538,0.0018672120422950518,0.0018612810507654327,0.8906872712949495,0.9117804824182763,0.7500926728868236,0.7498005388678318,0.7499332234962929
beagle,25%,21, 40%~50%,13669.0,0.784407096792787,0.8462843132876462,0.7497433475970592,0.7501737824513043,0.7499547040817743,0.0029659164727324763,0.0020674430406643933,0.003492644023458426,0.003450942357286858,0.0034758063433980454,0.8906872712949495,0.9117804824182763,0.7500926728868236,0.7498005388678318,0.7499332234962929
beagle,25%,21, Overall,119323.0,0.8906872712949495,0.9117804824182763,0.7500926728868236,0.7498005388678318,0.7499332234962929,0.0007879029854084234,0.0006046032347254499,0.0017996799950513738,0.0017989518902690102,0.0017992510465959187,0.8906872712949495,0.9117804824182763,0.7500926728868236,0.7498005388678318,0.7499332234962929
beagle,5%,22, 0.1%~0.5%,2442.0,0.9866974412428958,0.8943261767144804,0.7608213103943395,0.7614075174201106,0.7607993790320949,0.000591648816878479,0.003845204725101786,0.01120864327598006,0.011152090316087606,0.01103719129299264,0.8932108637115403,0.9160279241080361,0.7543089938518411,0.754305854654485,0.7543047461496192
beagle,5%,22, 0.5%~1%,3189.0,0.9853806170833451,0.8830187367886629,0.7652489917947157,0.7658911737993978,0.7654225916531129,0.0006237587318840846,0.004497653465733258,0.010100622702577855,0.01012934412347514,0.010019093769535562,0.8932108637115403,0.9160279241080361,0.7543089938518411,0.754305854654485,0.7543047461496192
beagle,5%,22, 1%~10%,40929.0,0.9611042996112262,0.9287789119895306,0.7564584251471849,0.7567313463560449,0.7565759082526301,0.0004998028510234485,0.0008917262175455374,0.003128566525269915,0.0031406962778526806,0.0031399770416966253,0.8932108637115403,0.9160279241080361,0.7543089938518411,0.754305854654485,0.7543047461496192
beagle,5%,22, 10%~20%,21997.0,0.8934351929533091,0.9182629601322086,0.7541276421437823,0.7540806608008047,0.7540884951385443,0.0017412591103967345,0.0013036972723994063,0.004002784650600557,0.003994230388980981,0.004008749465205076,0.8932108637115403,0.9160279241080361,0.7543089938518411,0.754305854654485,0.7543047461496192
beagle,5%,22, 20%~30%,15128.0,0.8388944642084515,0.8912359740343657,0.7526720531061862,0.752652094502757,0.7526425800536721,0.0013730612409127122,0.0008973080322196376,0.0021180066698148945,0.002119361205070368,0.0021175875136966436,0.8932108637115403,0.9160279241080361,0.7543089938518411,0.754305854654485,0.7543047461496192
beagle,5%,22, 30%~40%,14964.0,0.8086311187253449,0.8718943701147331,0.753501058797946,0.7535341084579786,0.7535142666412996,0.002532424450348082,0.001681224191350346,0.003247941029247241,0.0032494543656511952,0.00324961811793259,0.8932108637115403,0.9160279241080361,0.7543089938518411,0.754305854654485,0.7543047461496192
beagle,5%,22, 40%~50%,12201.0,0.7933322653632464,0.8577575775789397,0.7549552094770475,0.7550040228038961,0.754953902870415,0.0027752930782914726,0.0017970099415202067,0.003322589389399194,0.0033142543971042327,0.0032930482020038987,0.8932108637115403,0.9160279241080361,0.7543089938518411,0.754305854654485,0.7543047461496192
beagle,5%,22, Overall,110850.0,0.8932108637115403,0.9160279241080361,0.7543089938518411,0.754305854654485,0.7543047461496192,0.001293270297978222,0.0009653627413734241,0.002981304408332461,0.002980996944392085,0.002977673984165328,0.8932108637115403,0.9160279241080361,0.7543089938518411,0.754305854654485,0.7543047461496192
beagle,15%,22, 0.1%~0.5%,2442.0,0.986002531457077,0.886861832613405,0.7498170561135536,0.7511590085627436,0.7502863493604887,0.0010665153265414593,0.009163615863513417,0.018992315666014323,0.018751185211722133,0.019149527705096404,0.8899964461940105,0.9118409449971582,0.7476636481564346,0.747514032335344,0.7475867595776008
beagle,15%,22, 0.5%~1%,3189.0,0.9841548124708991,0.8683410336695512,0.7463439298217814,0.7487987251818019,0.7472634455817421,0.0012112226354952607,0.011410654315541056,0.018889817621708778,0.018464376785376355,0.019140089615475153,0.8899964461940105,0.9118409449971582,0.7476636481564346,0.747514032335344,0.7475867595776008
beagle,15%,22, 1%~10%,40929.0,0.9594797198696634,0.9235613550573172,0.7480593009344451,0.7477398756354225,0.7478761823533303,0.0006724849077359477,0.0012194974373453602,0.004182176110091308,0.00414503602500024,0.004192982226367449,0.8899964461940105,0.9118409449971582,0.7476636481564346,0.747514032335344,0.7475867595776008
beagle,15%,22, 10%~20%,21997.0,0.8891918457200086,0.9133562550774929,0.7452165971026706,0.7449223575288525,0.745058692229748,0.00031195302619763587,0.00017256239835249467,0.0007355468258021832,0.0007238786671880077,0.0007345379195524198,0.8899964461940105,0.9118409449971582,0.7476636481564346,0.747514032335344,0.7475867595776008
beagle,15%,22, 20%~30%,15128.0,0.8354596333509607,0.8869316153632442,0.7478329122166057,0.747833955641349,0.7478210386006925,0.00040124443571882065,0.0002286884661057559,0.0006025615933086041,0.0006256057231445775,0.0005985324957428557,0.8899964461940105,0.9118409449971582,0.7476636481564346,0.747514032335344,0.7475867595776008
beagle,15%,22, 30%~40%,14964.0,0.8032849545981061,0.8663699576699927,0.7467912584769012,0.7469348666064869,0.7468597580553799,0.0007275041128207928,0.0005004168521778245,0.0009219621419848134,0.000923262961135597,0.0009187981476917394,0.8899964461940105,0.9118409449971582,0.7476636481564346,0.747514032335344,0.7475867595776008
beagle,15%,22, 40%~50%,12201.0,0.7885034261970579,0.8521259424175764,0.7492629117747115,0.7495032343885546,0.7493622493509297,0.002932278428725363,0.0019209503313220339,0.003476712480512604,0.003490214610883343,0.0034730788091307746,0.8899964461940105,0.9118409449971582,0.7476636481564346,0.747514032335344,0.7475867595776008
beagle,15%,22, Overall,110850.0,0.8899964461940105,0.9118409449971582,0.7476636481564346,0.747514032335344,0.7475867595776008,0.0005843057496787794,0.0004375634140532761,0.0013343987812650371,0.0013367362185965938,0.001332895363410617,0.8899964461940105,0.9118409449971582,0.7476636481564346,0.747514032335344,0.7475867595776008
beagle,25%,22, 0.1%~0.5%,2442.0,0.9864275432457249,0.8874300972711117,0.7586747769900906,0.7596988616365069,0.758751702870346,0.0011141922004652164,0.01045666801337304,0.01927755086744323,0.01918322800472889,0.019710013807097936,0.8883917661048919,0.9089909082527194,0.7446591522045972,0.7443403873764406,0.7444968495336473
beagle,25%,22, 0.5%~1%,3189.0,0.9843662400106427,0.8653880205640762,0.7530223378442873,0.753428522741871,0.7528088747393235,0.00048348370258558134,0.004593232590386604,0.007137758433148701,0.007180078849596162,0.007541022139524255,0.8883917661048919,0.9089909082527194,0.7446591522045972,0.7443403873764406,0.7444968495336473
beagle,25%,22, 1%~10%,40929.0,0.9586675225464348,0.9197702788653235,0.74471260106828,0.7436257475512629,0.7441433875270325,0.0006805946024931152,0.0010979263831816682,0.004281604943724821,0.004278121094035858,0.0043032569414019175,0.8883917661048919,0.9089909082527194,0.7446591522045972,0.7443403873764406,0.7444968495336473
beagle,25%,22, 10%~20%,21997.0,0.8893196179644333,0.9116863266042388,0.7462929834848625,0.7457302524369472,0.7460048531304558,0.00321459279174308,0.0024149226204799442,0.007447404901552792,0.007390523445158552,0.007420560146957836,0.8883917661048919,0.9089909082527194,0.7446591522045972,0.7443403873764406,0.7444968495336473
beagle,25%,22, 20%~30%,15128.0,0.8335947390349823,0.8838255043078402,0.7453952334076751,0.7453938946907096,0.7453832252958468,0.002337289241454471,0.001681360836204602,0.003549409612088671,0.0035453544750228983,0.0035499772900064825,0.8883917661048919,0.9089909082527194,0.7446591522045972,0.7443403873764406,0.7444968495336473
beagle,25%,22, 30%~40%,14964.0,0.7995699780483262,0.8620314953206248,0.7421594436934439,0.7424144365141668,0.7422804198593692,0.004890492436145073,0.003165117132712411,0.0063248545516233715,0.00630723863669975,0.0063131129198780705,0.8883917661048919,0.9089909082527194,0.7446591522045972,0.7443403873764406,0.7444968495336473
beagle,25%,22, 40%~50%,12201.0,0.7831468111158301,0.8464695922513625,0.7428588978234508,0.7433186873001544,0.7430816369074519,0.0035148125364733475,0.002166968851852181,0.004192072451631513,0.004177862304866852,0.004181727983597055,0.8883917661048919,0.9089909082527194,0.7446591522045972,0.7443403873764406,0.7444968495336473
beagle,25%,22, Overall,110850.0,0.8883917661048919,0.9089909082527194,0.7446591522045972,0.7443403873764406,0.7444968495336473,0.0022161420607054393,0.001693859247027576,0.00512851228060886,0.005107421604705768,0.0051179411296978705,0.8883917661048919,0.9089909082527194,0.7446591522045972,0.7443403873764406,0.7444968495336473
scda,5%,1, 0.1%~0.5%,25755.0,0.9876922986416289,0.7573336434670342,0.8270130975624114,0.9702085795988805,0.8904069377740148,3.3594633663949e-05,0.0010092924818004638,0.00046825161052548026,0.00021026530381230998,0.0003538369413185958,0.9782255702338672,0.9280486413141812,0.9687480563514508,0.9639819613529932,0.9663465840029927
scda,5%,1, 0.5%~1%,27612.0,0.9878697887172464,0.8091497044154684,0.8557166501319052,0.97008530950405,0.9075687329935623,0.0001057998735497262,0.0016244007136851147,0.0011094183865103004,0.0003227208203102507,0.0007675362262940588,0.9782255702338672,0.9280486413141812,0.9687480563514508,0.9639819613529932,0.9663465840029927
scda,5%,1, 1%~10%,239605.0,0.9860344329334959,0.9075382451298553,0.9364816931133179,0.9717031964521071,0.9535086218763128,2.3741014620527274e-05,0.000170560715154507,0.0001102251462356768,8.06045599944983e-05,6.563988659878283e-05,0.9782255702338672,0.9280486413141812,0.9687480563514508,0.9639819613529932,0.9663465840029927
scda,5%,1, 10%~20%,128458.0,0.976570339934241,0.9274984424573317,0.9677305020668384,0.9613098787516831,0.9644860470022368,2.1639013035390246e-05,0.0002309490931656811,7.265008433183671e-05,3.647417696428264e-05,4.948971153122077e-05,0.9782255702338672,0.9280486413141812,0.9687480563514508,0.9639819613529932,0.9663465840029927
scda,5%,1, 20%~30%,88879.0,0.9697655000482439,0.9188965612359267,0.9715168608207989,0.9596863417505057,0.965421239246992,6.130134762086305e-05,0.00018437794410741833,2.4858466442414798e-05,8.041151817440624e-05,5.0255291012400435e-05,0.9782255702338672,0.9280486413141812,0.9687480563514508,0.9639819613529932,0.9663465840029927
scda,5%,1, 30%~40%,77448.0,0.9686784955223134,0.9145680939487666,0.9716641113643384,0.9647215697779764,0.9679639738645642,6.51571446587738e-05,0.00017447422138035424,6.505337722246032e-05,7.339854987906785e-05,6.929311971151504e-05,0.9782255702338672,0.9280486413141812,0.9687480563514508,0.9639819613529932,0.9663465840029927
scda,5%,1, 40%~50%,71045.0,0.9686935510357286,0.913086902193102,0.970764166998901,0.9668764719803713,0.9685314507054382,4.561945901446365e-05,0.00038248722286492697,4.3665515949409745e-05,3.9064369216051095e-05,4.0878274112789986e-05,0.9782255702338672,0.9280486413141812,0.9687480563514508,0.9639819613529932,0.9663465840029927
scda,5%,1, Overall,658802.0,0.9782255702338672,0.9280486413141812,0.9687480563514508,0.9639819613529932,0.9663465840029927,1.7010300558857006e-05,3.563030213206836e-05,2.0174484029900464e-05,4.341816230266619e-05,3.079179126768265e-05,0.9782255702338672,0.9280486413141812,0.9687480563514508,0.9639819613529932,0.9663465840029927
scda,15%,1, 0.1%~0.5%,25755.0,0.9618620685597971,0.4577770155021965,0.6348732783135924,0.9457569327555085,0.7432790768845466,5.9721995679157625e-05,0.0006673483917701184,0.0005155162155956578,0.0006547384189924484,0.0005935822580530601,0.938865673348492,0.7836824933786675,0.9252049120484293,0.9038916345440703,0.9142552906820621
scda,15%,1, 0.5%~1%,27612.0,0.9626751544124427,0.531509053501294,0.6800934816458645,0.942537345827312,0.7779383863997101,0.00012761674330752753,0.0012321559405531874,0.0005951421642590339,0.0004269056347451502,0.0005090570395395976,0.938865673348492,0.7836824933786675,0.9252049120484293,0.9038916345440703,0.9142552906820621
scda,15%,1, 1%~10%,239605.0,0.9556693370971036,0.7162436625705126,0.8403730564259589,0.904657171326202,0.8702943534189482,3.5231291561723856e-05,0.00022113667240727656,0.00013096222283737373,7.825613580279493e-05,7.663850947550715e-05,0.938865673348492,0.7836824933786675,0.9252049120484293,0.9038916345440703,0.9142552906820621
scda,15%,1, 10%~20%,128458.0,0.9354742524027427,0.7830325740304738,0.9252329976496906,0.8987775363671462,0.9115407322454053,5.651442757538715e-05,0.0003763229156788825,0.00016166312600101557,0.0001380933611425395,0.0001207833177191766,0.938865673348492,0.7836824933786675,0.9252049120484293,0.9038916345440703,0.9142552906820621
scda,15%,1, 20%~30%,88879.0,0.9230071731843804,0.7755314029620707,0.9364166178858389,0.9016626814060569,0.9175710406787032,0.00012099473757703854,0.0004813023142141462,0.00015216684186882822,0.0001382681826328868,0.0001390437446737622,0.938865673348492,0.7836824933786675,0.9252049120484293,0.9038916345440703,0.9142552906820621
scda,15%,1, 30%~40%,77448.0,0.9168031218600633,0.7628460416802652,0.9343949115809704,0.907529401570294,0.9184482797303847,7.673139296947413e-05,0.0003225515381394192,0.00011103827588857786,0.000100072912999139,0.00010359199592443842,0.938865673348492,0.7836824933786675,0.9252049120484293,0.9038916345440703,0.9142552906820621
scda,15%,1, 40%~50%,71045.0,0.9146261332446145,0.7527970320006014,0.9299458884568467,0.9106526492372904,0.9169587909600215,0.00014021060991364567,0.00038927342352263513,0.00011659017255990607,0.00014567848096036295,0.00013863580754652083,0.938865673348492,0.7836824933786675,0.9252049120484293,0.9038916345440703,0.9142552906820621
scda,15%,1, Overall,658802.0,0.938865673348492,0.7836824933786675,0.9252049120484293,0.9038916345440703,0.9142552906820621,1.6692601999373955e-06,2.6835330761342946e-05,3.1197413350812244e-05,3.071076027114373e-05,3.7737185226550733e-06,0.938865673348492,0.7836824933786675,0.9252049120484293,0.9038916345440703,0.9142552906820621
scda,25%,1, 0.1%~0.5%,25755.0,0.9424195360712542,0.32786706020171325,0.5539693362492428,0.9200937358087534,0.6639682113397689,0.00016712032036215544,0.0007542436641354625,0.0005768046498819119,0.00024055066427066893,0.0005348562595294109,0.9075775100680916,0.6758128291284035,0.8901438272230058,0.8548710438244611,0.8716621278837972
scda,25%,1, 0.5%~1%,27612.0,0.9431080140825904,0.3903349382039825,0.5953219932874093,0.9063312178368926,0.6981450269081111,0.00017761738839594212,1.855485265646981e-05,0.0008049643393520044,0.0004398007847031325,0.0008598226588512689,0.9075775100680916,0.6758128291284035,0.8901438272230058,0.8548710438244611,0.8716621278837972
scda,25%,1, 1%~10%,239605.0,0.9321992066488217,0.5850165035022977,0.7740072861917996,0.8492954407048542,0.8082273208984945,7.784086841884129e-05,0.00031633136725406016,0.00027720150536364007,0.00012179113955830736,0.00019357809357849857,0.9075775100680916,0.6758128291284035,0.8901438272230058,0.8548710438244611,0.8716621278837972
scda,25%,1, 10%~20%,128458.0,0.9034130127191674,0.6775494469380329,0.8911008164639296,0.849225788647214,0.868937769109032,6.729532799316937e-05,0.00012328022842486282,9.80916767080907e-05,0.00016208724570220917,0.00011593383943086248,0.9075775100680916,0.6758128291284035,0.8901438272230058,0.8548710438244611,0.8716621278837972
scda,25%,1, 20%~30%,88879.0,0.8845587480698137,0.6684885718822011,0.9081639147613597,0.8531811504605576,0.8770588541773465,6.254002605074875e-05,0.00014619138581079062,3.135560769266487e-05,9.369865832144922e-05,7.049535447475404e-05,0.9075775100680916,0.6758128291284035,0.8901438272230058,0.8548710438244611,0.8716621278837972
scda,25%,1, 30%~40%,77448.0,0.874087462007744,0.6530060886783301,0.9062917063610086,0.8603882533251924,0.8773038359660349,7.865408546987724e-05,0.00047812935335119297,0.00010583857656152892,6.804791565682748e-05,7.174116894963246e-05,0.9075775100680916,0.6758128291284035,0.8901438272230058,0.8548710438244611,0.8716621278837972
scda,25%,1, 40%~50%,71045.0,0.8709342350238964,0.6422688310360732,0.9014157024417323,0.8652267239370829,0.8756294322402546,0.0001437756003305537,0.00041698354654511765,3.9472333085363176e-05,0.00016276504094822635,0.0001336881454820951,0.9075775100680916,0.6758128291284035,0.8901438272230058,0.8548710438244611,0.8716621278837972
scda,25%,1, Overall,658802.0,0.9075775100680916,0.6758128291284035,0.8901438272230058,0.8548710438244611,0.8716621278837972,4.36602174685409e-05,0.00021109983576565267,4.346357022944234e-05,0.00010218515942583396,6.544090450243195e-05,0.9075775100680916,0.6758128291284035,0.8901438272230058,0.8548710438244611,0.8716621278837972
scda,5%,2, 0.1%~0.5%,27091.0,0.98782945918526,0.7398345424493744,0.8214152198682703,0.9715873443783746,0.8873512864590561,7.425459097639736e-05,0.001357283473937884,0.0008425292017261547,2.5322412535118695e-05,0.0005385760184075689,0.9783155512810051,0.9276550743873554,0.9685384618536806,0.9639650856378225,0.96623403520555
scda,5%,2, 0.5%~1%,29344.0,0.9878848290704205,0.7937317954459541,0.8525217586036171,0.9708069897112338,0.9061092136578711,7.175981263380977e-05,0.0007554451773066391,0.0008722700302247241,0.0002666703359815323,0.000611852031224178,0.9783155512810051,0.9276550743873554,0.9685384618536806,0.9639650856378225,0.96623403520555
scda,5%,2, 1%~10%,258736.0,0.9859629061469933,0.9044725595563624,0.9348702485172669,0.9715507804560845,0.9526098858807394,1.1808577327593985e-05,0.0001966605132226541,4.195256125577904e-05,2.401080457484602e-05,2.5749675826077268e-05,0.9783155512810051,0.9276550743873554,0.9685384618536806,0.9639650856378225,0.96623403520555
scda,5%,2, 10%~20%,132617.0,0.9770461691802849,0.9270942118025487,0.9677004930749158,0.9618024096015677,0.9647221261203347,4.360111274565815e-05,0.00022135317019856426,4.402517385057522e-05,5.467074495699131e-05,4.0176462436730045e-05,0.9783155512810051,0.9276550743873554,0.9685384618536806,0.9639650856378225,0.96623403520555
scda,5%,2, 20%~30%,96872.0,0.9697173026824526,0.9191788532243769,0.9714838696553341,0.959663981871176,0.9653887401446308,4.535469256234491e-05,7.575304461495545e-05,7.43719215676173e-05,7.173281435276737e-05,7.25322385064333e-05,0.9783155512810051,0.9276550743873554,0.9685384618536806,0.9639650856378225,0.96623403520555
scda,5%,2, 30%~40%,83957.0,0.9689427055191672,0.9156100393750782,0.9719182411015465,0.9645697396809414,0.9680197420862927,3.7586567222680225e-05,0.00011250291844684522,4.1088082647557184e-05,4.646463319774957e-05,4.199066537706639e-05,0.9783155512810051,0.9276550743873554,0.9685384618536806,0.9639650856378225,0.96623403520555
scda,5%,2, 40%~50%,76614.0,0.9688003062973695,0.9135347295787352,0.9710414323915803,0.9666351247869431,0.9685559771934934,5.4853400468803685e-05,0.00020576770125401293,5.6831295251882213e-05,4.998921533234435e-05,5.223107341278638e-05,0.9783155512810051,0.9276550743873554,0.9685384618536806,0.9639650856378225,0.96623403520555
scda,5%,2, Overall,705231.0,0.9783155512810051,0.9276550743873554,0.9685384618536806,0.9639650856378225,0.96623403520555,1.2830803423858488e-05,6.750536806015988e-05,2.449723336844699e-05,8.000650349548033e-06,1.2540871546970355e-05,0.9783155512810051,0.9276550743873554,0.9685384618536806,0.9639650856378225,0.96623403520555
scda,15%,2, 0.1%~0.5%,27091.0,0.9619481142680729,0.4360836964365926,0.6257280502215289,0.9482889171232965,0.7360884886379653,0.00011792469668011445,0.000702007690911025,0.0008482005462058522,0.0005913104095672198,0.0008420014566685672,0.9390756791789219,0.7827682297956507,0.9246513957955672,0.9039278292326279,0.9140160578556699
scda,15%,2, 0.5%~1%,29344.0,0.9626184486632959,0.508098457935423,0.6735353870509169,0.9436176846324761,0.7738769992978062,0.00014065511492204787,0.0003113738929716952,0.0007392453727048439,0.00026986436517286333,0.0005576384491105706,0.9390756791789219,0.7827682297956507,0.9246513957955672,0.9039278292326279,0.9140160578556699
scda,15%,2, 1%~10%,258736.0,0.9555642770541354,0.7098655112339037,0.8363079510123805,0.9055110835515398,0.8684788482727233,6.793884276630329e-05,0.00025814004018515676,0.0003125483331606239,9.043271037786237e-05,0.00020585760800041823,0.9390756791789219,0.7827682297956507,0.9246513957955672,0.9039278292326279,0.9140160578556699
scda,15%,2, 10%~20%,132617.0,0.9363303210132802,0.7818017531838152,0.9251914332169012,0.8986244656296285,0.911450225262585,3.8508367724891544e-05,0.00045667685221439887,5.3513031274647805e-06,3.8023750842869845e-05,2.2483268828261736e-05,0.9390756791789219,0.7827682297956507,0.9246513957955672,0.9039278292326279,0.9140160578556699
scda,15%,2, 20%~30%,96872.0,0.9230101671183717,0.776946956713676,0.9365486893228319,0.9020522055942107,0.9178058307518292,3.712423792981549e-05,9.884804687582863e-05,7.324287618174128e-05,5.941832683655213e-05,6.381672412317032e-05,0.9390756791789219,0.7827682297956507,0.9246513957955672,0.9039278292326279,0.9140160578556699
scda,15%,2, 30%~40%,83957.0,0.9178805817263598,0.765855667981307,0.9354392178626124,0.9077788843442264,0.9191912821287618,7.965844140636777e-05,0.00015115661195720317,6.626024635408128e-05,0.00011514319147035757,9.592927230385394e-05,0.9390756791789219,0.7827682297956507,0.9246513957955672,0.9039278292326279,0.9140160578556699
scda,15%,2, 40%~50%,76614.0,0.9145786710396312,0.7524851707747567,0.9306867224472524,0.909801044813659,0.9169456662801836,5.901127735961858e-05,0.000615563792879492,2.070472576110483e-05,4.49997369672924e-05,3.948345838271281e-05,0.9390756791789219,0.7827682297956507,0.9246513957955672,0.9039278292326279,0.9140160578556699
scda,15%,2, Overall,705231.0,0.9390756791789219,0.7827682297956507,0.9246513957955672,0.9039278292326279,0.9140160578556699,1.7771190498659978e-05,4.113885886375738e-05,3.6683466243523506e-05,2.7430211636134182e-05,2.947037355810446e-05,0.9390756791789219,0.7827682297956507,0.9246513957955672,0.9039278292326279,0.9140160578556699
scda,25%,2, 0.1%~0.5%,27091.0,0.9425522062006504,0.3117059597096948,0.5458286284717502,0.9242129147863555,0.656715127253474,0.0001963421219806022,0.0005945346070855543,0.0006241564997377585,0.00041830949625361097,0.0006472746728990674,0.9079563463903488,0.6750028596505047,0.8893452340085409,0.8550714789545575,0.8714189181826771
scda,25%,2, 0.5%~1%,29344.0,0.9432786321502924,0.3716876900122448,0.5896334935012261,0.9089861396203922,0.6945994298344761,0.00023863635792528956,0.0012097806028110796,0.0009113908663824951,0.0005499805982768351,0.0009268754076631881,0.9079563463903488,0.6750028596505047,0.8893452340085409,0.8550714789545575,0.8714189181826771
scda,25%,2, 1%~10%,258736.0,0.9321035434738204,0.578363759555837,0.7689026295442059,0.8507781241967217,0.8060470421478066,2.5070070658397524e-05,0.00015819292100650018,0.00011754779770470573,0.00010830464182482156,0.00010870056373927339,0.9079563463903488,0.6750028596505047,0.8893452340085409,0.8550714789545575,0.8714189181826771
scda,25%,2, 10%~20%,132617.0,0.9046703985343073,0.67627237842899,0.8909436729886523,0.8489329052537767,0.8687312680566054,2.032104008937784e-05,0.0003804566016480155,1.5171033724367709e-05,0.00010715153439323086,5.2203168968642465e-05,0.9079563463903488,0.6750028596505047,0.8893452340085409,0.8550714789545575,0.8714189181826771
scda,25%,2, 20%~30%,96872.0,0.8845497776509834,0.6705216541232767,0.9082809323620952,0.8539279455918433,0.8774610650038102,7.350578058348703e-05,0.00035409795717002146,0.0001171983135909783,0.00015650477204882607,0.00012858548241909964,0.9079563463903488,0.6750028596505047,0.8893452340085409,0.8550714789545575,0.8714189181826771
scda,25%,2, 30%~40%,83957.0,0.8760240180669686,0.6574369153516916,0.9079104810990235,0.8611899663935434,0.878754791174346,7.283291637218825e-05,0.00026640485546858907,5.0448567279951355e-05,0.00011555133041435272,9.535126873176778e-05,0.9079563463903488,0.6750028596505047,0.8893452340085409,0.8550714789545575,0.8714189181826771
scda,25%,2, 40%~50%,76614.0,0.8709222976099787,0.6424464394926009,0.9023893166409188,0.8639969866175555,0.8755755300001112,7.03565134927761e-05,0.00030366780345398724,4.499977665335188e-05,6.347882486454588e-05,5.664591553340567e-05,0.9079563463903488,0.6750028596505047,0.8893452340085409,0.8550714789545575,0.8714189181826771
scda,25%,2, Overall,705231.0,0.9079563463903488,0.6750028596505047,0.8893452340085409,0.8550714789545575,0.8714189181826771,2.005579419786495e-05,0.00011956199063677535,4.7163873158077046e-05,3.384364002213059e-05,2.5428033204698344e-05,0.9079563463903488,0.6750028596505047,0.8893452340085409,0.8550714789545575,0.8714189181826771
scda,5%,3, 0.1%~0.5%,22752.0,0.9874200203511913,0.7563206632234657,0.8252780077331666,0.9695240982348778,0.8890624909533008,9.502984742320855e-05,0.001380329499385147,0.0009641594722837863,0.0005619004358640481,0.0006953120453275291,0.977999718350527,0.9272251148556409,0.9683190499417657,0.9637179678133022,0.9660006746473101
scda,5%,3, 0.5%~1%,24805.0,0.9868806997611673,0.8204104982629521,0.8584644257257562,0.9681888825505145,0.9082608860663516,9.965671857122774e-05,0.0016606398667368513,0.001018208154660037,0.0004525627063217549,0.0007700189160917508,0.977999718350527,0.9272251148556409,0.9683190499417657,0.9637179678133022,0.9660006746473101
scda,5%,3, 1%~10%,225967.0,0.9858251291989403,0.9033340127008583,0.9343194027880748,0.9708453717755567,0.9519816961043267,1.5556219857658813e-05,0.00010417028042927202,9.593314481076458e-05,3.726326667535911e-05,5.06874797605684e-05,0.977999718350527,0.9272251148556409,0.9683190499417657,0.9637179678133022,0.9660006746473101
scda,5%,3, 10%~20%,119586.0,0.9766421426649212,0.9258960845611277,0.9671284287004038,0.9611455571793991,0.9641058027113042,3.999765519449147e-05,0.00017846280389100463,6.110150604204423e-05,7.759217381664203e-05,5.3096149388999714e-05,0.977999718350527,0.9272251148556409,0.9683190499417657,0.9637179678133022,0.9660006746473101
scda,5%,3, 20%~30%,84837.0,0.9696339254491947,0.9194182902578821,0.9715527607083686,0.9601196505168473,0.9656535585048159,8.367642366266703e-05,0.0002899810768450215,8.863529226449197e-05,9.477320526376404e-05,9.200691626654185e-05,0.977999718350527,0.9272251148556409,0.9683190499417657,0.9637179678133022,0.9660006746473101
scda,5%,3, 30%~40%,69892.0,0.9680939553492922,0.9132269705493657,0.9711460236373118,0.9641041893134297,0.9673847021201784,4.532575838738585e-05,0.0001694506272123965,4.0861197552635675e-05,5.4054161773508144e-05,4.8269194223606275e-05,0.977999718350527,0.9272251148556409,0.9683190499417657,0.9637179678133022,0.9660006746473101
scda,5%,3, 40%~50%,67368.0,0.9685219445973808,0.9123335580943205,0.9705874196381922,0.9668540074323685,0.9684176174971663,4.504356974077711e-05,0.00035212680813849733,4.738339442176059e-05,4.524357920500226e-05,4.6044672820536266e-05,0.977999718350527,0.9272251148556409,0.9683190499417657,0.9637179678133022,0.9660006746473101
scda,5%,3, Overall,615207.0,0.977999718350527,0.9272251148556409,0.9683190499417657,0.9637179678133022,0.9660006746473101,1.696327755901309e-05,7.020082875815832e-05,1.8846108675391262e-05,3.7145670570504964e-05,2.6649167456876702e-05,0.977999718350527,0.9272251148556409,0.9683190499417657,0.9637179678133022,0.9660006746473101
scda,15%,3, 0.1%~0.5%,22752.0,0.9611502685078634,0.45929394174551613,0.6327043399352088,0.9452175311523269,0.7412594856333882,0.00011493580331057977,0.0011544011722949687,0.0005994750573395454,0.0004733861727089781,0.0006166524552308727,0.9385723878796942,0.783055624646651,0.9246248757044168,0.9037141622176407,0.9138886075294552
scda,15%,3, 0.5%~1%,24805.0,0.9602010836036236,0.5503085848935592,0.6882798401061834,0.9405499903041935,0.782745330905752,5.233259360737549e-05,0.0009050069292692613,0.00040529756512136094,0.00020909552417227415,0.00031448916896978466,0.9385723878796942,0.783055624646651,0.9246248757044168,0.9037141622176407,0.9138886075294552
scda,15%,3, 1%~10%,225967.0,0.955295999912028,0.7072576591842125,0.8358128871530971,0.9035467773404804,0.8673286195435949,5.86938987490355e-05,0.000317510946923216,0.00021215040173158916,0.00012038452143202292,0.0001749174108215891,0.9385723878796942,0.783055624646651,0.9246248757044168,0.9037141622176407,0.9138886075294552
scda,15%,3, 10%~20%,119586.0,0.935559878550697,0.7793566210956185,0.9239207761697347,0.8977658959932121,0.9104021982705938,7.449944733582681e-05,0.00010683793797205317,0.00013894808714855233,7.789382256399533e-05,9.546103884149972e-05,0.9385723878796942,0.783055624646651,0.9246248757044168,0.9037141622176407,0.9138886075294552
scda,15%,3, 20%~30%,84837.0,0.9231912998223688,0.7784682098574643,0.9371133566525224,0.9033065853774818,0.918708310917398,3.07369985154127e-05,8.368252636860413e-05,5.167482326589436e-05,5.772610638785337e-05,4.980233491615709e-05,0.9385723878796942,0.783055624646651,0.9246248757044168,0.9037141622176407,0.9138886075294552
scda,15%,3, 30%~40%,69892.0,0.9156755270902813,0.7612063133503666,0.9335454450487779,0.9063736849904372,0.9173580526496706,8.59263499930915e-05,0.00013015496323460788,9.506216913968637e-05,0.00010122724856848066,9.811342631798124e-05,0.9385723878796942,0.783055624646651,0.9246248757044168,0.9037141622176407,0.9138886075294552
scda,15%,3, 40%~50%,67368.0,0.915360633409262,0.7552526792822079,0.9305426164823002,0.9116711116760081,0.9177114995472463,4.58416757610884e-05,0.00020884010355191751,4.248774353204964e-05,5.4000163557977754e-05,4.794790411347541e-05,0.9385723878796942,0.783055624646651,0.9246248757044168,0.9037141622176407,0.9138886075294552
scda,15%,3, Overall,615207.0,0.9385723878796942,0.783055624646651,0.9246248757044168,0.9037141622176407,0.9138886075294552,3.639369382277945e-05,0.00012541071190012854,6.902594843144273e-05,1.0122034626196488e-05,3.809457684477333e-05,0.9385723878796942,0.783055624646651,0.9246248757044168,0.9037141622176407,0.9138886075294552
scda,25%,3, 0.1%~0.5%,22752.0,0.9413957614115843,0.3293367179720226,0.551474690315513,0.9172211282415127,0.6609764299714423,4.475086462845407e-05,0.001192759945344729,0.00017016207273953655,0.0008458190793847297,0.00030773612805816636,0.9072510873526629,0.6754141640348509,0.8893956109420652,0.8547889018355991,0.87128028193102
scda,25%,3, 0.5%~1%,24805.0,0.9396031469706131,0.40754151670764,0.6049677854942365,0.9040696076938021,0.7047815271257128,0.0002329809141888186,0.0012614331824857541,0.0007949141742953925,0.0004713911682917714,0.0007792603705340396,0.9072510873526629,0.6754141640348509,0.8893956109420652,0.8547889018355991,0.87128028193102
scda,25%,3, 1%~10%,225967.0,0.9317812697509732,0.5751551676447796,0.768260947012667,0.8484870224403308,0.8046855575852666,3.841441525925932e-05,0.00021523623127852533,0.00014359581319589124,0.0001378951867651183,0.00014407938750408516,0.9072510873526629,0.6754141640348509,0.8893956109420652,0.8547889018355991,0.87128028193102
scda,25%,3, 10%~20%,119586.0,0.9037680629484853,0.6730645160117041,0.8893383123380616,0.8481163877751249,0.8675680922495399,8.585223396691015e-05,0.0001400139517984487,0.00022596116166115763,0.0001017692398114766,0.0001398498686021191,0.9072510873526629,0.6754141640348509,0.8893956109420652,0.8547889018355991,0.87128028193102
scda,25%,3, 20%~30%,84837.0,0.8848460202291667,0.673237747854779,0.9091281570738272,0.855693290380442,0.8787522611397088,6.356924769781471e-05,0.00013033012369269254,6.620137320269469e-05,8.132706861764065e-05,7.566936326599375e-05,0.9072510873526629,0.6754141640348509,0.8893956109420652,0.8547889018355991,0.87128028193102
scda,25%,3, 30%~40%,69892.0,0.8725918473350225,0.6509917284882686,0.9054208175283716,0.8588623352487267,0.8758886569720534,8.048793773119862e-05,0.00031608323787817694,5.822621097881479e-05,0.00010662606931083935,6.865770146965915e-05,0.9072510873526629,0.6754141640348509,0.8893956109420652,0.8547889018355991,0.87128028193102
scda,25%,3, 40%~50%,67368.0,0.8718832428308737,0.6459461877669654,0.9023022054887959,0.8665463236868377,0.8765947977357887,0.00013186650694857322,0.0003602864947617565,0.00012789481119485993,0.00013200271625939114,0.00013793911886170762,0.9072510873526629,0.6754141640348509,0.8893956109420652,0.8547889018355991,0.87128028193102
scda,25%,3, Overall,615207.0,0.9072510873526629,0.6754141640348509,0.8893956109420652,0.8547889018355991,0.87128028193102,7.805652737341141e-06,4.418953959718886e-05,3.9377717048757636e-05,2.7040363569842237e-05,1.7301773268474815e-05,0.9072510873526629,0.6754141640348509,0.8893956109420652,0.8547889018355991,0.87128028193102
scda,5%,4, 0.1%~0.5%,21019.0,0.9869930092110023,0.7276368820739112,0.8130749451946316,0.9693340362755799,0.8812615747931979,8.711015256274558e-05,0.0015065243601783231,0.000869527868814892,0.00037091173721489777,0.0005017769565272247,0.9776629935720845,0.928027453376825,0.9681602136755169,0.9638599870913241,0.9659929766838357
scda,5%,4, 0.5%~1%,24205.0,0.9870622147940883,0.7891712906755464,0.8464819906560171,0.96842100622386,0.9015032521413197,0.00015644995158344138,0.0029539401319325647,0.0015346658552066858,0.0003304295044812476,0.0008087349221049002,0.9776629935720845,0.928027453376825,0.9681602136755169,0.9638599870913241,0.9659929766838357
scda,5%,4, 1%~10%,224131.0,0.9852205278217299,0.9086327260175349,0.9353000641999468,0.9709161390870046,0.9525060902901966,4.1277523948651356e-05,0.00028563432948141204,0.0001793588154883462,8.718993112498526e-05,0.0001070892514071648,0.9776629935720845,0.928027453376825,0.9681602136755169,0.9638599870913241,0.9659929766838357
scda,5%,4, 10%~20%,120690.0,0.9762662669448651,0.9270627893483637,0.9669285832043876,0.9612182872526497,0.9640454839749818,5.051666707301569e-05,0.000131717750148465,4.952735029897564e-05,8.545785673413198e-05,6.765408194314801e-05,0.9776629935720845,0.928027453376825,0.9681602136755169,0.9638599870913241,0.9659929766838357
scda,5%,4, 20%~30%,89379.0,0.970286644513812,0.9210477997466766,0.9716130441163924,0.9606058405546101,0.9659481566220379,2.0527482600304874e-05,0.00023681214815299831,5.9512630533702116e-05,2.4564581061994768e-05,4.011815727146739e-05,0.9776629935720845,0.928027453376825,0.9681602136755169,0.9638599870913241,0.9659929766838357
scda,5%,4, 30%~40%,75408.0,0.969142913058015,0.916937794007579,0.971799184912534,0.9650805019169351,0.9682297437689861,4.31802934787695e-05,0.00018253769759033164,3.30869417434394e-05,5.273506387284422e-05,4.459934483472526e-05,0.9776629935720845,0.928027453376825,0.9681602136755169,0.9638599870913241,0.9659929766838357
scda,5%,4, 40%~50%,67878.0,0.9681289827471212,0.9127241576585733,0.9700907077081987,0.9661689310795986,0.9678514213779947,1.8311608412229646e-05,0.00014135336684223754,2.179237543313555e-05,2.3861881713282183e-05,2.2321916937820003e-05,0.9776629935720845,0.928027453376825,0.9681602136755169,0.9638599870913241,0.9659929766838357
scda,5%,4, Overall,622710.0,0.9776629935720845,0.928027453376825,0.9681602136755169,0.9638599870913241,0.9659929766838357,1.3370344443520302e-05,4.392112004888203e-05,2.8449007814790273e-05,3.622471141154283e-05,2.4784639649835576e-05,0.9776629935720845,0.928027453376825,0.9681602136755169,0.9638599870913241,0.9659929766838357
scda,15%,4, 0.1%~0.5%,21019.0,0.9596000444042692,0.4188515922042999,0.6152516171423268,0.9433834419660547,0.7258262811576414,0.0001401587034722363,0.0026539850212090508,0.0007090698430689317,0.0007385575224382508,0.0008085552029237744,0.9382155855417887,0.7858498011069899,0.9249253085222039,0.9055150146196128,0.9149727429805523
scda,15%,4, 0.5%~1%,24205.0,0.9601237535445343,0.4999631183821893,0.6642860401189367,0.9394354292751625,0.7652278797902464,0.0002445039650881703,0.0006699732194381739,0.0013364762094892017,0.00019881157095416802,0.0011169798028710903,0.9382155855417887,0.7858498011069899,0.9249253085222039,0.9055150146196128,0.9149727429805523
scda,15%,4, 1%~10%,224131.0,0.9539227802787953,0.7234713448190339,0.8395612909150697,0.9057792835015498,0.8703063929853415,3.2469674346188887e-06,0.00015902916921052212,7.258882305045447e-05,8.085461793691545e-05,2.6288311167012546e-05,0.9382155855417887,0.7858498011069899,0.9249253085222039,0.9055150146196128,0.9149727429805523
scda,15%,4, 10%~20%,120690.0,0.9354933877678099,0.7836096704906444,0.924669443503881,0.9000147670639294,0.91193570146888,2.560570055271428e-05,9.615489283673204e-05,7.0476198519862e-05,7.804552482294482e-05,1.3445176689612334e-05,0.9382155855417887,0.7858498011069899,0.9249253085222039,0.9055150146196128,0.9149727429805523
scda,15%,4, 20%~30%,89379.0,0.9251999571453805,0.7823715764714172,0.9373490116992196,0.9053650132220233,0.9200796074953222,0.0001082283382848221,0.00020883154830126684,0.00013442697773916536,9.859973387208789e-05,0.00011389985613705039,0.9382155855417887,0.7858498011069899,0.9249253085222039,0.9055150146196128,0.9149727429805523
scda,15%,4, 30%~40%,75408.0,0.9193585882697118,0.7706241328441851,0.9356507475474491,0.9102247972326875,0.920682535451503,9.963520729194552e-05,0.00029431718419985464,0.0001246620215818053,0.00012067666612268736,0.00012148491278238715,0.9382155855417887,0.7858498011069899,0.9249253085222039,0.9055150146196128,0.9149727429805523
scda,15%,4, 40%~50%,67878.0,0.9148442124774663,0.7545557505766608,0.9295819261428271,0.9107287740827047,0.9169866518282355,9.4932867493328e-05,0.00016871277906916913,0.00012553490083320275,0.00010116001451617412,0.00010426158435834685,0.9382155855417887,0.7858498011069899,0.9249253085222039,0.9055150146196128,0.9149727429805523
scda,15%,4, Overall,622710.0,0.9382155855417887,0.7858498011069899,0.9249253085222039,0.9055150146196128,0.9149727429805523,2.205627760321731e-05,6.0770304319401116e-05,3.9564498041713654e-05,4.339266704061483e-05,3.411496403244652e-05,0.9382155855417887,0.7858498011069899,0.9249253085222039,0.9055150146196128,0.9149727429805523
scda,25%,4, 0.1%~0.5%,21019.0,0.9390126105241001,0.2928402502504266,0.5350561458050062,0.9150107038900184,0.6442873995244861,0.00010535799831023677,0.0006924056991122736,0.00029633995895870727,0.0007499815464774346,0.0003384872362535022,0.9068033517231378,0.6797197956658753,0.8899560231183993,0.8579668069000133,0.8732525040453912
scda,25%,4, 0.5%~1%,24205.0,0.9394715592195452,0.3599798774306733,0.5802851549885847,0.9050176803163956,0.6850804921556165,8.25635121856409e-05,0.00043806875782081116,0.00034142360180964377,0.0003087735329311309,0.00027636593774538643,0.9068033517231378,0.6797197956658753,0.8899560231183993,0.8579668069000133,0.8732525040453912
scda,25%,4, 1%~10%,224131.0,0.9296403429109302,0.5957190845495208,0.7734766519463402,0.852736345511813,0.8093203396435301,1.7049469068381392e-05,0.0003824664979561388,8.775408965075415e-05,4.2339431310134054e-05,7.230480746863042e-05,0.9068033517231378,0.6797197956658753,0.8899560231183993,0.8579668069000133,0.8732525040453912
scda,25%,4, 10%~20%,120690.0,0.9037723117327889,0.679721624526906,0.8905829461882462,0.8519329642529653,0.8702051771793085,7.613742190042536e-05,0.0004081650818661813,0.00018848731544025436,0.0001030213846581238,7.877798553824369e-05,0.9068033517231378,0.6797197956658753,0.8899560231183993,0.8579668069000133,0.8732525040453912
scda,25%,4, 20%~30%,89379.0,0.8880276432637726,0.6787175964020614,0.9095326189836985,0.859008051181429,0.8811334584968802,6.114834023682446e-05,0.0003976886627936213,7.814533286932704e-05,9.38113248627296e-05,8.439125784547293e-05,0.9068033517231378,0.6797197956658753,0.8899560231183993,0.8579668069000133,0.8732525040453912
scda,25%,4, 30%~40%,75408.0,0.8781931343993725,0.664157047336951,0.9081178913049784,0.8647770057847683,0.881007314289363,0.00014544479136279604,0.00046259389160080184,0.000156770985978178,0.00016013990856789088,0.0001546280066322235,0.9068033517231378,0.6797197956658753,0.8899560231183993,0.8579668069000133,0.8732525040453912
scda,25%,4, 40%~50%,67878.0,0.871669604200763,0.6452069403784978,0.900828874932596,0.865815403998813,0.876049717124002,0.00013934580585367497,2.9664461111901618e-05,6.005238555782944e-05,0.00016579404513477158,0.00014190412302943556,0.9068033517231378,0.6797197956658753,0.8899560231183993,0.8579668069000133,0.8732525040453912
scda,25%,4, Overall,622710.0,0.9068033517231378,0.6797197956658753,0.8899560231183993,0.8579668069000133,0.8732525040453912,2.214058695040888e-05,0.00014616902265873684,3.4079768158355104e-05,6.533906994675007e-05,2.1760833395616225e-05,0.9068033517231378,0.6797197956658753,0.8899560231183993,0.8579668069000133,0.8732525040453912
scda,5%,5, 0.1%~0.5%,20938.0,0.9878866755239857,0.6936357568516521,0.793489225825649,0.968898509540618,0.8672873293154478,1.497509391833364e-05,0.0017926664547000006,0.00041063303588543637,0.0003076023601386714,0.00045824487855128306,0.9786596497430415,0.9282161908684688,0.9690512581420886,0.9646201530932103,0.9668195100492859
scda,5%,5, 0.5%~1%,23227.0,0.9879447377725245,0.7809745784141578,0.8450498804492037,0.9710097678185664,0.9017546655340674,6.096781263480834e-05,0.0018016392064105935,0.0007202656259883145,0.0001572332651337423,0.0004020523443558165,0.9786596497430415,0.9282161908684688,0.9690512581420886,0.9646201530932103,0.9668195100492859
scda,5%,5, 1%~10%,194383.0,0.9862501615445546,0.8958417021704871,0.9307127055692339,0.9710679850113859,0.9502134788738478,3.4002906168856834e-05,0.0001345146309402112,0.00017433717353656575,6.231535944929006e-05,9.558973117984059e-05,0.9786596497430415,0.9282161908684688,0.9690512581420886,0.9646201530932103,0.9668195100492859
scda,5%,5, 10%~20%,101569.0,0.9773302340818019,0.9280043616441408,0.9684091069325383,0.9622659996832108,0.9653091624802256,3.1478933947343696e-05,8.331129622178297e-05,7.847809206244173e-05,8.829632277470148e-05,8.343886984278174e-05,0.9786596497430415,0.9282161908684688,0.9690512581420886,0.9646201530932103,0.9668195100492859
scda,5%,5, 20%~30%,74958.0,0.9705860534424531,0.9208577505836794,0.972374846555441,0.9607164080923761,0.9663741057038312,4.2974624990774505e-05,9.470990172879143e-05,3.9139765094191295e-05,6.417033011051957e-05,5.191317307580896e-05,0.9786596497430415,0.9282161908684688,0.9690512581420886,0.9646201530932103,0.9668195100492859
scda,5%,5, 30%~40%,63460.0,0.9693114966239769,0.9161564658883953,0.9723933297553035,0.9652892638648822,0.9686173687373203,6.404752154117494e-05,0.00019437614178693238,7.713174796370668e-05,6.458384006593762e-05,6.970520952139764e-05,0.9786596497430415,0.9282161908684688,0.9690512581420886,0.9646201530932103,0.9668195100492859
scda,5%,5, 40%~50%,60439.0,0.9695449255873815,0.9147111474978145,0.9717672946304372,0.96785383262957,0.969516133109583,6.938086553210484e-05,0.00014521346089954912,8.523847017343258e-05,6.763152352286206e-05,7.481688806401174e-05,0.9786596497430415,0.9282161908684688,0.9690512581420886,0.9646201530932103,0.9668195100492859
scda,5%,5, Overall,538974.0,0.9786596497430415,0.9282161908684688,0.9690512581420886,0.9646201530932103,0.9668195100492859,2.111308843299873e-05,9.1186053979271e-06,4.9985046210588656e-05,3.741398035860723e-05,4.251297333341733e-05,0.9786596497430415,0.9282161908684688,0.9690512581420886,0.9646201530932103,0.9668195100492859
scda,15%,5, 0.1%~0.5%,20938.0,0.962238441343418,0.38336732499615983,0.5950068400511559,0.9433461096133319,0.7056832710148754,0.00018899506531040743,0.0017957786747787394,0.0010174603736851182,0.00024322687580519706,0.0008396754303341944,0.9398553519925793,0.7846044097547171,0.9256021410102623,0.9048394897016531,0.9149478060205193
scda,15%,5, 0.5%~1%,23227.0,0.9628850827994068,0.490731599533277,0.6617030006075785,0.9417830902393658,0.7642103509092167,0.00010172951219294477,0.0011098356619869583,0.0005715120472432049,0.00022139701707718585,0.00041680871124753045,0.9398553519925793,0.7846044097547171,0.9256021410102623,0.9048394897016531,0.9149478060205193
scda,15%,5, 1%~10%,194383.0,0.9563595862526325,0.6877730783545521,0.8265313317312577,0.9037469406913994,0.8623103058181268,4.6173952154581904e-05,0.000451638582619063,0.0002989749827587412,8.0788648887668e-05,0.00020678164873347412,0.9398553519925793,0.7846044097547171,0.9256021410102623,0.9048394897016531,0.9149478060205193
scda,15%,5, 10%~20%,101569.0,0.9372549993630245,0.7850735658335829,0.9268495572358714,0.8999065904045441,0.9129077545821754,6.12283605839489e-05,0.0001804621860189712,0.00013323669625439874,0.00011276813735989905,0.00010193169829043768,0.9398553519925793,0.7846044097547171,0.9256021410102623,0.9048394897016531,0.9149478060205193
scda,15%,5, 20%~30%,74958.0,0.9249357417931819,0.7811673877713741,0.9385325008206055,0.9036564030893413,0.919629051409509,7.866411405101588e-05,0.00017199892688233697,0.00011737236967666676,0.00010345627319776875,0.00010496588562801969,0.9398553519925793,0.7846044097547171,0.9256021410102623,0.9048394897016531,0.9149478060205193
scda,15%,5, 30%~40%,63460.0,0.9177362977394493,0.7664543092072366,0.935806371944944,0.9079488739952662,0.9193487208014467,6.544869388227583e-05,0.0003044034499975485,6.270144643929166e-05,7.100261422779837e-05,6.700821409817999e-05,0.9398553519925793,0.7846044097547171,0.9256021410102623,0.9048394897016531,0.9149478060205193
scda,15%,5, 40%~50%,60439.0,0.9162683186202768,0.757532616501134,0.9319553271111527,0.9123365297854074,0.918773574512124,0.00016045087635989765,0.00044304824130206587,0.00013019819308253457,0.00017456330343845993,0.0001639323189844687,0.9398553519925793,0.7846044097547171,0.9256021410102623,0.9048394897016531,0.9149478060205193
scda,15%,5, Overall,538974.0,0.9398553519925793,0.7846044097547171,0.9256021410102623,0.9048394897016531,0.9149478060205193,3.8810614863504075e-05,5.6319299647065936e-05,0.00011085018191600286,6.844954586799774e-05,8.891027763859529e-05,0.9398553519925793,0.7846044097547171,0.9256021410102623,0.9048394897016531,0.9149478060205193
scda,25%,5, 0.1%~0.5%,20938.0,0.9427541486119191,0.26550316128020607,0.5175838076323123,0.9117465355422327,0.6237791051092055,4.485966863159641e-05,0.0005001288854664601,0.00017503384051769166,0.0004128845871605462,0.00022569777971808447,0.9091755958093666,0.677970661664007,0.8906843008081627,0.8563932376955267,0.8727536746839287
scda,25%,5, 0.5%~1%,23227.0,0.9435893572135877,0.35325389244734434,0.5770418695020254,0.9043002753109347,0.6825044426362631,8.51000790817593e-05,0.0007171420969820799,0.0003522409145880873,0.0002451604450146749,0.0002774394284254687,0.9091755958093666,0.677970661664007,0.8906843008081627,0.8563932376955267,0.8727536746839287
scda,25%,5, 1%~10%,194383.0,0.9335203430777632,0.5526629460482416,0.7565573636997973,0.8491278618281327,0.798283896503143,2.1922849695810604e-05,0.00019740530892217077,3.0482114497246296e-05,3.994283460023285e-05,6.793670772162327e-06,0.9091755958093666,0.677970661664007,0.8906843008081627,0.8563932376955267,0.8727536746839287
scda,25%,5, 10%~20%,101569.0,0.9061482163043663,0.6808285290033679,0.8933860481028102,0.8509803693659018,0.8709549848371966,5.2416195930268206e-05,0.0004531997686549487,4.155272638272713e-05,0.00013161089503333442,7.701745706739737e-05,0.9091755958093666,0.677970661664007,0.8906843008081627,0.8563932376955267,0.8727536746839287
scda,25%,5, 20%~30%,74958.0,0.887510238056544,0.6771181440605968,0.9112176498658385,0.8561637709585687,0.8800989386121542,0.00016035081327131647,0.0008514129076632087,0.00022654266665458512,0.0001356776695222851,0.00016317018871319996,0.9091755958093666,0.677970661664007,0.8906843008081627,0.8563932376955267,0.8727536746839287
scda,25%,5, 30%~40%,63460.0,0.8755622725840185,0.6584221118046377,0.9083906793437472,0.86102512673583,0.8786410550782421,4.3352139006835605e-05,0.000324304754666163,6.439220516792092e-05,3.568942574801132e-05,4.66175270763568e-05,0.9091755958093666,0.677970661664007,0.8906843008081627,0.8563932376955267,0.8727536746839287
scda,25%,5, 40%~50%,60439.0,0.8732712973310931,0.6494767729753242,0.9041811643800943,0.8675424708735423,0.8781227835982891,9.326338069869184e-05,0.00033960980028673407,0.00014047198609136213,9.47267207005092e-05,0.00011071769810047111,0.9091755958093666,0.677970661664007,0.8906843008081627,0.8563932376955267,0.8727536746839287
scda,25%,5, Overall,538974.0,0.9091755958093666,0.677970661664007,0.8906843008081627,0.8563932376955267,0.8727536746839287,1.4425367087883499e-05,0.00013405705269368503,2.014093763762186e-05,2.750823309850843e-05,2.4487315544371734e-05,0.9091755958093666,0.677970661664007,0.8906843008081627,0.8563932376955267,0.8727536746839287
scda,5%,6, 0.1%~0.5%,20081.0,0.9874885501597319,0.7330208045465461,0.8145015299720696,0.9681331650226732,0.8817217575239352,3.203823566908354e-05,0.0014173021972096547,0.0005103121157359367,0.0006859322143099213,0.0006009529603868351,0.978136797751211,0.9280597595221535,0.9686139821364886,0.9642822126594446,0.9664315903944439
scda,5%,6, 0.5%~1%,20949.0,0.9877046275442382,0.766130721676404,0.8376748598105399,0.9687289401131638,0.8963482554380425,0.00012530470184057865,0.0014986516193381102,0.0013643805309791932,0.0003534764773852537,0.0009354266043493642,0.978136797751211,0.9280597595221535,0.9686139821364886,0.9642822126594446,0.9664315903944439
scda,5%,6, 1%~10%,206211.0,0.985669099156013,0.9003224550014797,0.9341409562268179,0.970829789487993,0.9518969368007357,8.949956888154413e-06,0.00021637555460637432,2.8907432926546703e-05,7.493819055478134e-05,4.943184048923313e-05,0.978136797751211,0.9280597595221535,0.9686139821364886,0.9642822126594446,0.9664315903944439
scda,5%,6, 10%~20%,109314.0,0.9765613348480136,0.9266401315761182,0.9673390277250546,0.9611653378980202,0.9642213408396639,3.192953152570653e-05,0.00017277200736380598,8.505528024458851e-05,6.309836423106192e-05,6.89144295102757e-05,0.978136797751211,0.9280597595221535,0.9686139821364886,0.9642822126594446,0.9664315903944439
scda,5%,6, 20%~30%,77175.0,0.9695644491562859,0.9195445023444243,0.9710909536524112,0.9598467647748722,0.9652959204487043,3.965569047757591e-05,0.00014870046220436287,3.875885382694187e-05,7.011938330021799e-05,5.53014658303947e-05,0.978136797751211,0.9280597595221535,0.9686139821364886,0.9642822126594446,0.9664315903944439
scda,5%,6, 30%~40%,68563.0,0.9695974151620783,0.91768357568936,0.9724440409998024,0.9655818676935316,0.9688023387887487,5.874248310850097e-05,0.00015397706962852944,5.1221294713227275e-05,7.541404848563245e-05,6.406121705960241e-05,0.978136797751211,0.9280597595221535,0.9686139821364886,0.9642822126594446,0.9664315903944439
scda,5%,6, 40%~50%,62353.0,0.9697619710650359,0.9160818881715046,0.9718679533720548,0.9679299052236199,0.9696279490444875,5.644005022515166e-05,0.00026043054776722576,6.401622635643416e-05,4.9561700433296076e-05,5.5908331241641776e-05,0.978136797751211,0.9280597595221535,0.9686139821364886,0.9642822126594446,0.9664315903944439
scda,5%,6, Overall,564646.0,0.978136797751211,0.9280597595221535,0.9686139821364886,0.9642822126594446,0.9664315903944439,1.7254941673118437e-05,5.121800410660728e-05,4.159043529618401e-05,3.30400450701762e-05,3.652974454387385e-05,0.978136797751211,0.9280597595221535,0.9686139821364886,0.9642822126594446,0.9664315903944439
scda,15%,6, 0.1%~0.5%,20081.0,0.9611033647062729,0.4272554119758571,0.6168881166881661,0.9425309042644422,0.7271726398238241,7.83330171737578e-05,0.0015531152057402116,0.00047721599273863914,0.0004995709376701617,0.0005184188220028347,0.9389689077382783,0.7856249108182604,0.9252962276675024,0.905195190392105,0.9149862093285157
scda,15%,6, 0.5%~1%,20949.0,0.9622441658457697,0.4697529850975104,0.6519994411733697,0.939960779011404,0.755978374918899,0.0001560665201240072,0.0008966330760691923,0.0008061721824280791,8.233973028654663e-05,0.0006775414226079008,0.9389689077382783,0.7856249108182604,0.9252962276675024,0.905195190392105,0.9149862093285157
scda,15%,6, 1%~10%,206211.0,0.9548150739394176,0.7002283273211848,0.8353578786255152,0.9029807795571555,0.8669059025513596,6.177477463946548e-05,0.0006477651988701743,0.00011225566275835812,1.8857017220988252e-05,5.586584279306671e-05,0.9389689077382783,0.7856249108182604,0.9252962276675024,0.905195190392105,0.9149862093285157
scda,15%,6, 10%~20%,109314.0,0.9360791902781035,0.7835582295795155,0.924903118973586,0.8994799203042495,0.9117690809109584,0.00011340248321371073,0.000562014111599874,0.00019577990772368434,0.00010872851427903515,0.0001489800924408131,0.9389689077382783,0.7856249108182604,0.9252962276675024,0.905195190392105,0.9149862093285157
scda,15%,6, 20%~30%,77175.0,0.9234475954884118,0.7798630728001154,0.9362989823228345,0.9033689402520407,0.9184486885899371,5.071646059723574e-05,0.0001930841206559789,5.093323339862997e-05,9.779007576175364e-05,7.714921261774598e-05,0.9389689077382783,0.7856249108182604,0.9252962276675024,0.905195190392105,0.9149862093285157
scda,15%,6, 30%~40%,68563.0,0.919684240859656,0.772236576182371,0.9364653530472635,0.9103355440945827,0.9211031651275436,7.597791840685974e-05,0.00029866895294419933,7.003421300908723e-05,7.655236119540767e-05,7.373242385456447e-05,0.9389689077382783,0.7856249108182604,0.9252962276675024,0.905195190392105,0.9149862093285157
scda,15%,6, 40%~50%,62353.0,0.9170971336705143,0.7603119807652711,0.9322895596844075,0.9129751310411321,0.9194346249161999,1.8005888064581157e-05,0.00013758314250751028,1.4724565560156189e-05,3.21952333126631e-05,1.967557381431973e-05,0.9389689077382783,0.7856249108182604,0.9252962276675024,0.905195190392105,0.9149862093285157
scda,15%,6, Overall,564646.0,0.9389689077382783,0.7856249108182604,0.9252962276675024,0.905195190392105,0.9149862093285157,1.87044087566808e-05,0.00011573194055667571,2.9150595686072816e-05,2.6491936646413307e-05,2.5103386153716455e-05,0.9389689077382783,0.7856249108182604,0.9252962276675024,0.905195190392105,0.9149862093285157
scda,25%,6, 0.1%~0.5%,20081.0,0.9412549628549828,0.3007273525487358,0.5366071023560409,0.9142661554598317,0.6459166627446017,0.00012435681420620314,0.0019537208537116846,0.00038104088318489124,2.6498673313047115e-05,0.0003764194277911586,0.907851985888933,0.6791081202813402,0.8905027785143348,0.8569922957361823,0.8729869263209159
scda,25%,6, 0.5%~1%,20949.0,0.9426301537500162,0.334493236455987,0.567695981584949,0.9032093675604836,0.6737371156764698,0.00012048095255045278,0.0005422818953612059,0.0006099535800199132,0.0003887088957009129,0.0006372668253496551,0.907851985888933,0.6791081202813402,0.8905027785143348,0.8569922957361823,0.8729869263209159
scda,25%,6, 1%~10%,206211.0,0.930996171470734,0.5659544323683933,0.7674170314687188,0.8469715066035152,0.8036922123162363,6.377376483125164e-05,9.981692467024494e-05,0.000248178424767031,0.00011071538503760544,0.00019259367654871382,0.907851985888933,0.6791081202813402,0.8905027785143348,0.8569922957361823,0.8729869263209159
scda,25%,6, 10%~20%,109314.0,0.9045847076062786,0.6785768572913246,0.8910768667358259,0.8507725361767974,0.8698030866559213,2.581077455418379e-05,0.00015708131656782376,1.1890682551092951e-05,0.0001302618228040716,6.797713438768175e-05,0.907851985888933,0.6791081202813402,0.8905027785143348,0.8569922957361823,0.8729869263209159
scda,25%,6, 20%~30%,77175.0,0.885438152172846,0.6755869004278026,0.9080492637435656,0.8560568734260253,0.8786671877590027,0.0001572147789253412,0.0006153737579164631,0.0001631169782147348,0.00017624574485609253,0.00017109098823679377,0.907851985888933,0.6791081202813402,0.8905027785143348,0.8569922957361823,0.8729869263209159
scda,25%,6, 30%~40%,68563.0,0.8785212582632473,0.6656548077779346,0.9092666799721068,0.8647519160965151,0.8814617086993842,4.659428646515373e-05,0.00046508249453028246,5.122181985229834e-05,3.314962174552947e-05,2.3482693623334e-05,0.907851985888933,0.6791081202813402,0.8905027785143348,0.8569922957361823,0.8729869263209159
scda,25%,6, 40%~50%,62353.0,0.8745902483854145,0.6525478970819848,0.9046075301140749,0.8686068747273646,0.8792093465311893,0.0001385240532108347,0.0005734854336427072,0.00014884988034112183,0.00012404309374069788,0.00013211316901186627,0.907851985888933,0.6791081202813402,0.8905027785143348,0.8569922957361823,0.8729869263209159
scda,25%,6, Overall,564646.0,0.907851985888933,0.6791081202813402,0.8905027785143348,0.8569922957361823,0.8729869263209159,1.4973088522890223e-05,0.0001423788896923906,2.8484390736716356e-05,5.208919937815994e-06,1.1402126179416383e-05,0.907851985888933,0.6791081202813402,0.8905027785143348,0.8569922957361823,0.8729869263209159
scda,5%,7, 0.1%~0.5%,17246.0,0.9873238063108177,0.7197861890358973,0.8096257993693481,0.9689906093256718,0.8787568868964252,2.503874416195928e-05,0.0007062886481236912,0.00022239619044239387,0.0004994083777795348,0.00022511238924648332,0.9780174498118656,0.9276010354849563,0.9684905340282036,0.9640991642672994,0.96627811219393
scda,5%,7, 0.5%~1%,19954.0,0.9874294210016371,0.7626630330268519,0.8360305746704787,0.9688374838678872,0.8953593978109734,7.347398720034052e-05,0.0034841816731414326,0.0007398257241111678,0.00021559354400970228,0.0005154390382193733,0.9780174498118656,0.9276010354849563,0.9684905340282036,0.9640991642672994,0.96627811219393
scda,5%,7, 1%~10%,178189.0,0.9857366718382269,0.900186107089893,0.9329644187475475,0.9706408968450077,0.9511858294735873,7.660444174648065e-05,0.0006320143885947924,0.00032017338636013316,0.0001638817243533881,0.00024678684801123266,0.9780174498118656,0.9276010354849563,0.9684905340282036,0.9640991642672994,0.96627811219393
scda,5%,7, 10%~20%,97290.0,0.9767022678216017,0.9256923370334933,0.9668842154770431,0.9612623378321606,0.964045495650285,1.1009140122656717e-05,5.8395440123440635e-05,3.111531317464923e-06,1.8528864727606983e-05,9.722076126332397e-06,0.9780174498118656,0.9276010354849563,0.9684905340282036,0.9640991642672994,0.96627811219393
scda,5%,7, 20%~30%,69358.0,0.9700482433260195,0.9205227732491655,0.9718177029829863,0.9604926125253591,0.9659823510001523,4.5217947336717424e-05,0.0002696533265276673,4.575049182984909e-05,3.7427997350805146e-05,4.0909400748202795e-05,0.9780174498118656,0.9276010354849563,0.9684905340282036,0.9640991642672994,0.96627811219393
scda,5%,7, 30%~40%,61200.0,0.9691692661913249,0.916568811774494,0.9720551497607831,0.9652298668629297,0.9684273149105408,7.79857397503747e-06,0.00016899118296453174,2.3746595320037745e-05,1.6032846143096932e-05,1.8990871866127962e-05,0.9780174498118656,0.9276010354849563,0.9684905340282036,0.9640991642672994,0.96627811219393
scda,5%,7, 40%~50%,54457.0,0.9688066369851999,0.9134181523716403,0.970912754153379,0.9670634143100673,0.9686993137055918,7.35878814462518e-05,0.00021246233689855177,7.922244183927602e-05,7.813338626582743e-05,7.814606970025122e-05,0.9780174498118656,0.9276010354849563,0.9684905340282036,0.9640991642672994,0.96627811219393
scda,5%,7, Overall,497694.0,0.9780174498118656,0.9276010354849563,0.9684905340282036,0.9640991642672994,0.96627811219393,1.950251358721107e-05,0.0001289249191759185,4.21114977256907e-05,1.212687899522631e-05,2.5804980250015245e-05,0.9780174498118656,0.9276010354849563,0.9684905340282036,0.9640991642672994,0.96627811219393
scda,15%,7, 0.1%~0.5%,17246.0,0.9610102825776026,0.4118860048419399,0.6135184432732342,0.9437648890059477,0.7241297211777442,0.00010286100666804192,0.001313412210493975,0.0005475962111873422,0.00036265146058507027,0.00042437902137329036,0.9385368653563568,0.7838780940990274,0.9249971811120564,0.9043358413186163,0.9143913088241741
scda,15%,7, 0.5%~1%,19954.0,0.961446554347727,0.4657438602008899,0.649808712788603,0.9402162217163706,0.7541622519144746,0.00011236749966787898,0.001519608824405133,0.0005290400111653139,0.00036211281810037373,0.00043186638368234635,0.9385368653563568,0.7838780940990274,0.9249971811120564,0.9043358413186163,0.9143913088241741
scda,15%,7, 1%~10%,178189.0,0.9550598045622992,0.6997746074203056,0.8330013566832933,0.9026173201149824,0.8654096048993543,3.157535575744615e-05,0.00024228417702606855,0.00012351551979053948,0.00011210261014831522,6.834184345951579e-05,0.9385368653563568,0.7838780940990274,0.9249971811120564,0.9043358413186163,0.9143913088241741
scda,15%,7, 10%~20%,97290.0,0.9358345247105655,0.7791831301003055,0.9233463770990142,0.8983056592308118,0.9104222598981838,2.033959815645038e-05,0.00040122260091371957,0.00013500764349961362,3.909861984446972e-05,7.708287592853055e-05,0.9385368653563568,0.7838780940990274,0.9249971811120564,0.9043358413186163,0.9143913088241741
scda,15%,7, 20%~30%,69358.0,0.9241280637046086,0.7815827490277312,0.9374070792108536,0.9041147438941989,0.9193384648032078,5.5758046159170525e-05,0.0005215023297968909,2.5774006893152984e-05,5.2959934659185895e-05,4.23469065643317e-05,0.9385368653563568,0.7838780940990274,0.9249971811120564,0.9043358413186163,0.9143913088241741
scda,15%,7, 30%~40%,61200.0,0.9182844375123786,0.7679802678920341,0.9356332278339862,0.9089666258130169,0.9198844877553268,7.684773385956462e-05,0.0005986300160422969,4.212818393419563e-05,6.847402062376636e-05,5.640084896030273e-05,0.9385368653563568,0.7838780940990274,0.9249971811120564,0.9043358413186163,0.9143913088241741
scda,15%,7, 40%~50%,54457.0,0.9148999126917484,0.754846052475023,0.9303595877322083,0.9109541856824742,0.9172863074926664,0.00010135089440525991,0.0002632209143623525,9.129770281441564e-05,0.00011382312351231856,0.00010089919630408881,0.9385368653563568,0.7838780940990274,0.9249971811120564,0.9043358413186163,0.9143913088241741
scda,15%,7, Overall,497694.0,0.9385368653563568,0.7838780940990274,0.9249971811120564,0.9043358413186163,0.9143913088241741,2.3738560371048986e-06,0.00014994728818201302,2.5545124237499432e-05,1.8370770159151258e-05,1.8576582816652313e-05,0.9385368653563568,0.7838780940990274,0.9249971811120564,0.9043358413186163,0.9143913088241741
scda,25%,7, 0.1%~0.5%,17246.0,0.9411585119430418,0.28951268269230573,0.5339151701183195,0.9152217696286664,0.6429312874428383,0.0001087375007862909,0.0006307910165492703,0.00042245042547641744,0.0007544838041439097,0.00046752924199946035,0.9072417443796242,0.6768549198839864,0.8898378192169241,0.8559439373087568,0.8721086054879826
scda,25%,7, 0.5%~1%,19954.0,0.9412527601361921,0.33196830918163084,0.5651850244155904,0.9031064730510193,0.6712078374759773,0.0001972853658631145,0.0011999756002055533,0.0005760725942634988,0.0005765202174339164,0.0006476309122619675,0.9072417443796242,0.6768549198839864,0.8898378192169241,0.8559439373087568,0.8721086054879826
scda,25%,7, 1%~10%,178189.0,0.9315096058203096,0.565843952307121,0.7646148330097459,0.8480182398767816,0.8024712488338618,9.913427761239845e-05,0.00036730010015877357,0.000327425662092484,7.08851920602627e-05,0.0002241562315511235,0.9072417443796242,0.6768549198839864,0.8898378192169241,0.8559439373087568,0.8721086054879826
scda,25%,7, 10%~20%,97290.0,0.9041461485032253,0.6729919521875756,0.8884711912497796,0.8489298561872407,0.8676338588159006,6.540991941510312e-05,0.00025562767604936213,0.00013401169425234345,0.00010180825000509346,0.00010424453488397682,0.9072417443796242,0.6768549198839864,0.8898378192169241,0.8559439373087568,0.8721086054879826
scda,25%,7, 20%~30%,69358.0,0.8863777266304732,0.6779789883301363,0.909486054521414,0.8571312146925291,0.8798624291422609,0.00011551659934066734,0.0001818268091596868,0.0001483226180212811,0.00015442109157333373,0.00014772460537497656,0.9072417443796242,0.6768549198839864,0.8898378192169241,0.8559439373087568,0.8721086054879826
scda,25%,7, 30%~40%,61200.0,0.8763063230342643,0.6600797098305144,0.9078668935509512,0.8625286086346652,0.8794072105957133,0.00011185068429825616,0.0006170507244390814,0.00011946538720180862,8.273295141343674e-05,9.377208904786776e-05,0.9072417443796242,0.6768549198839864,0.8898378192169241,0.8559439373087568,0.8721086054879826
scda,25%,7, 40%~50%,54457.0,0.8715007837710154,0.6456140008913681,0.9020536756193182,0.865812059914152,0.8762157209100745,9.180702393366937e-05,0.00024506741853577024,0.0001385110596984306,8.292069575621252e-05,0.0001005903684802152,0.9072417443796242,0.6768549198839864,0.8898378192169241,0.8559439373087568,0.8721086054879826
scda,25%,7, Overall,497694.0,0.9072417443796242,0.6768549198839864,0.8898378192169241,0.8559439373087568,0.8721086054879826,3.11397171701475e-05,0.00010803452230060777,5.1865301488090866e-05,4.331864629638522e-05,3.418655046013316e-05,0.9072417443796242,0.6768549198839864,0.8898378192169241,0.8559439373087568,0.8721086054879826
scda,5%,8, 0.1%~0.5%,18736.0,0.9882166563155034,0.6957533696566153,0.7972367036277199,0.970695168801713,0.8702171375967445,6.585071786029069e-05,0.0010733548167901786,0.0008575654069947401,0.0003312426302231996,0.0004994267716544341,0.9788694037682729,0.9286036981954792,0.969134415457122,0.9645760617336775,0.9668382025313419
scda,5%,8, 0.5%~1%,20000.0,0.9879875,0.7788546792398106,0.8449200687021204,0.9705506528254927,0.9014922055713647,2.1289765903562295e-05,0.0009241645562299624,0.00019511905797868967,0.00012923775080664614,8.966013526876505e-05,0.9788694037682729,0.9286036981954792,0.969134415457122,0.9645760617336775,0.9668382025313419
scda,5%,8, 1%~10%,175624.0,0.9865647461035904,0.8984761370476906,0.9322218182428564,0.9716296637240583,0.9512687483476574,3.0827078016697216e-05,0.0002557617431337891,0.0002124040345694302,5.439964226217204e-05,0.00013302995375335004,0.9788694037682729,0.9286036981954792,0.969134415457122,0.9645760617336775,0.9668382025313419
scda,5%,8, 10%~20%,87505.0,0.9775532307244781,0.9275747707635013,0.9679955058422842,0.9621684675858777,0.9650549642293046,2.710742133832871e-05,7.195894102268124e-05,0.0001012208756597898,4.2294353746872295e-05,7.200907241997603e-05,0.9788694037682729,0.9286036981954792,0.969134415457122,0.9645760617336775,0.9668382025313419
scda,5%,8, 20%~30%,64399.0,0.9704010320130135,0.9207764209957009,0.9722913212817419,0.9605875960292165,0.9662599354050295,2.891809292302202e-05,0.0003901516563062399,6.422135064023554e-05,5.832695290511564e-06,2.724824412559141e-05,0.9788694037682729,0.9286036981954792,0.969134415457122,0.9645760617336775,0.9668382025313419
scda,5%,8, 30%~40%,57235.0,0.9690273487032464,0.915315796001999,0.9721308946252646,0.9647261999306082,0.9681941871880237,3.5853090781797604e-05,0.0001001791886739274,2.9096909716478594e-05,5.674724824371696e-05,4.432781722441634e-05,0.9788694037682729,0.9286036981954792,0.969134415457122,0.9645760617336775,0.9668382025313419
scda,5%,8, 40%~50%,53358.0,0.9697771882776943,0.9153578273179125,0.9719758394815025,0.9678046121840761,0.9696001176101428,3.16009503755158e-05,0.00015201444545528977,4.0983202657055813e-05,1.8426207295141887e-05,2.8005245305961542e-05,0.9788694037682729,0.9286036981954792,0.969134415457122,0.9645760617336775,0.9668382025313419
scda,5%,8, Overall,476857.0,0.9788694037682729,0.9286036981954792,0.969134415457122,0.9645760617336775,0.9668382025313419,1.318027837662641e-05,0.00012591021720660258,4.062384634741476e-05,1.4136373616300048e-05,1.85941790046066e-05,0.9788694037682729,0.9286036981954792,0.969134415457122,0.9645760617336775,0.9668382025313419
scda,15%,8, 0.1%~0.5%,18736.0,0.9634555417540045,0.3892997090585937,0.6019146229016771,0.9478495755766568,0.7124592461944398,0.00017231957448880192,0.001290550942710912,0.0009479701391070679,0.0004894604919686542,0.0009318571011255279,0.9404308425859961,0.7853328975336485,0.9257673917143157,0.9051586207725789,0.9151961931054954
scda,15%,8, 0.5%~1%,20000.0,0.9623272727272728,0.48227009347614763,0.658344597511456,0.940968778147823,0.7613334757572391,0.00017637813319045924,0.0007863537225956312,0.0010483616367912328,0.00017865199541745598,0.0008142828945050936,0.9404308425859961,0.7853328975336485,0.9257673917143157,0.9051586207725789,0.9151961931054954
scda,15%,8, 1%~10%,175624.0,0.957343572494406,0.6945263937890074,0.8298780112364477,0.905577252499116,0.864986317622061,4.841032681590374e-05,0.000416345669266612,0.0001493260509347347,0.00018651592579107387,0.00016778403645899417,0.9404308425859961,0.7853328975336485,0.9257673917143157,0.9051586207725789,0.9151961931054954
scda,15%,8, 10%~20%,87505.0,0.9374658244637102,0.7827090734941399,0.9254399819985254,0.8994237965309987,0.9120028436275556,8.89999591753544e-05,0.00018199351333254862,0.00017095631601613868,0.0001519488204635583,0.00012473558773910216,0.9404308425859961,0.7853328975336485,0.9257673917143157,0.9051586207725789,0.9151961931054954
scda,15%,8, 20%~30%,64399.0,0.9247326210128427,0.7813660694951343,0.938366422019053,0.904158101506766,0.9197948492925879,8.52571483757461e-05,0.00035239786585189193,0.00011265761840280539,6.513000295673049e-05,8.703332869940494e-05,0.9404308425859961,0.7853328975336485,0.9257673917143157,0.9051586207725789,0.9151961931054954
scda,15%,8, 30%~40%,57235.0,0.9177627590661572,0.7652292583038453,0.9357412858333429,0.9077407747200191,0.9192275932908434,3.097617737876191e-05,1.4667654177424259e-05,1.625389066797002e-05,5.6453022570597345e-05,3.9137303269144547e-05,0.9404308425859961,0.7853328975336485,0.9257673917143157,0.9051586207725789,0.9151961931054954
scda,15%,8, 40%~50%,53358.0,0.916595818752009,0.7575104250359134,0.9323929933633824,0.912257102898994,0.9189621044883781,0.00010710180229133191,0.00012010457633898873,0.00015501060339488163,0.00013300635527978654,0.00013430784442502384,0.9404308425859961,0.7853328975336485,0.9257673917143157,0.9051586207725789,0.9151961931054954
scda,15%,8, Overall,476857.0,0.9404308425859961,0.7853328975336485,0.9257673917143157,0.9051586207725789,0.9151961931054954,2.4313723357414602e-05,0.000145071728045295,3.253825595181946e-05,3.717667430820505e-05,3.08914977881475e-05,0.9404308425859961,0.7853328975336485,0.9257673917143157,0.9051586207725789,0.9151961931054954
scda,25%,8, 0.1%~0.5%,18736.0,0.944511700049168,0.2708131958889921,0.5246491828193313,0.9199373472096801,0.6320044740188827,0.00010730547191133334,0.0011396993006709377,0.0003084617077522232,0.00047421088615314975,0.0004090016329193479,0.909818098062687,0.6783294937183048,0.8907180022766283,0.8565301611888679,0.8728507269240143
scda,25%,8, 0.5%~1%,20000.0,0.9427143939393939,0.3447372798447592,0.574143746386078,0.9054149577626348,0.6801193106994633,0.00016518495977743152,0.000746224933870335,0.0004066183161975596,0.0006283482098513878,0.00025295955474209956,0.909818098062687,0.6783294937183048,0.8907180022766283,0.8565301611888679,0.8728507269240143
scda,25%,8, 1%~10%,175624.0,0.9347436379234425,0.5597560288457563,0.7603030623213111,0.8504235336105049,0.8010242332901373,2.8849820134443496e-05,0.00030187871158573993,9.464373567628434e-05,0.00013389270583093535,0.00010219713281230336,0.909818098062687,0.6783294937183048,0.8907180022766283,0.8565301611888679,0.8728507269240143
scda,25%,8, 10%~20%,87505.0,0.9065370290528852,0.6774791103999481,0.8914902657179636,0.850570878241126,0.8699087593910327,7.582603409228003e-05,0.00027765348203556386,0.00023293402731271447,7.798106341700134e-05,0.00012512189682745367,0.909818098062687,0.6783294937183048,0.8907180022766283,0.8565301611888679,0.8728507269240143
scda,25%,8, 20%~30%,64399.0,0.8868481865189889,0.6771019159935999,0.910617609239497,0.8565592438401373,0.879995218067454,9.570983908182193e-05,0.0006394212995387827,0.00018301087544574264,0.00010627243251866097,0.0001233876509916223,0.909818098062687,0.6783294937183048,0.8907180022766283,0.8565301611888679,0.8728507269240143
scda,25%,8, 30%~40%,57235.0,0.8751987420284791,0.6561735925514915,0.9080134561387049,0.8603234081848369,0.8781007652655167,5.429066225422432e-05,0.0001855415091069033,6.532350162774811e-05,5.436852324460562e-05,5.5136968460360784e-05,0.909818098062687,0.6783294937183048,0.8907180022766283,0.8565301611888679,0.8728507269240143
scda,25%,8, 40%~50%,53358.0,0.873503391045278,0.648635180806072,0.9046535024826791,0.8672413652478755,0.8782006990342021,9.205251702000673e-05,0.00016855751875916817,9.186278657679972e-05,9.96568170517035e-05,9.740254087395108e-05,0.909818098062687,0.6783294937183048,0.8907180022766283,0.8565301611888679,0.8728507269240143
scda,25%,8, Overall,476857.0,0.909818098062687,0.6783294937183048,0.8907180022766283,0.8565301611888679,0.8728507269240143,2.68585064565569e-05,7.613249259799764e-05,0.00010319860045201857,3.096884273211382e-05,6.188142699774924e-05,0.909818098062687,0.6783294937183048,0.8907180022766283,0.8565301611888679,0.8728507269240143
scda,5%,9, 0.1%~0.5%,13231.0,0.987789236938961,0.7480002932729896,0.822894842811662,0.9697843378368375,0.8876775490674683,0.00010705646525739625,0.0022531118202293713,0.0013526887081024065,0.00023836445134778296,0.0009402637320988461,0.9781441314231736,0.9269262937527832,0.9683141953308242,0.9635593782137097,0.9659188327116305
scda,5%,9, 0.5%~1%,14292.0,0.9875036044746371,0.8175384720391295,0.8604287733189814,0.9702978848553009,0.910304418006252,9.143819274798818e-05,0.0013933042254680532,0.0008143772417922685,0.0002503975833832142,0.0004254812197287519,0.9781441314231736,0.9269262937527832,0.9683141953308242,0.9635593782137097,0.9659188327116305
scda,5%,9, 1%~10%,140302.0,0.986082889161605,0.9027431057471622,0.9354593093483229,0.9711214747722346,0.9527357149020634,5.7885884690479036e-05,0.00033780734794249147,0.0002951637032628401,0.00011275656041102679,0.00021009348485255145,0.9781441314231736,0.9269262937527832,0.9683141953308242,0.9635593782137097,0.9659188327116305
scda,5%,9, 10%~20%,70996.0,0.9763844996815868,0.9260784099635377,0.9673919841314618,0.9608854627156197,0.964107925007236,2.686406512160578e-05,0.00011413331039929944,4.347543273724804e-05,4.5751969386408516e-05,2.341170504657555e-05,0.9781441314231736,0.9269262937527832,0.9683141953308242,0.9635593782137097,0.9659188327116305
scda,5%,9, 20%~30%,50656.0,0.9696823135014069,0.9186580677337028,0.9717164556324632,0.9598482804391186,0.9655973787984751,5.023579080593834e-05,0.0003553297495607652,4.82073853350649e-05,6.093162172601823e-05,5.026802256708717e-05,0.9781441314231736,0.9269262937527832,0.9683141953308242,0.9635593782137097,0.9659188327116305
scda,5%,9, 30%~40%,42482.0,0.9679379359243772,0.9125847886990764,0.971098868244267,0.9637626945349979,0.967184867944638,4.726180175031454e-05,9.577446908053187e-05,4.5595486157248586e-05,6.262238596786041e-05,5.168132937953028e-05,0.9781441314231736,0.9269262937527832,0.9683141953308242,0.9635593782137097,0.9659188327116305
scda,5%,9, 40%~50%,38881.0,0.9681635417470401,0.9116450068111969,0.9704069736373241,0.9662111213714141,0.9680036079170685,1.2943615585593669e-05,0.00014602453983170781,1.1799328734741331e-05,1.2895896453578134e-05,1.0249555770781733e-05,0.9781441314231736,0.9269262937527832,0.9683141953308242,0.9635593782137097,0.9659188327116305
scda,5%,9, Overall,370840.0,0.9781441314231736,0.9269262937527832,0.9683141953308242,0.9635593782137097,0.9659188327116305,2.778925365410713e-05,9.265581207312997e-05,4.815839957747907e-05,3.908017777246103e-05,4.35463293792152e-05,0.9781441314231736,0.9269262937527832,0.9683141953308242,0.9635593782137097,0.9659188327116305
scda,15%,9, 0.1%~0.5%,13231.0,0.9621933567402542,0.4461114296391448,0.6289434528823564,0.9430500606684454,0.7376524191393456,0.00017367194708534762,0.0005098349759389962,0.0009539031109640813,0.0005349751456375185,0.0008452103017488406,0.9384484814164731,0.7806438382849638,0.924254274931687,0.9020085070423685,0.912817037370473
scda,15%,9, 0.5%~1%,14292.0,0.961736381446709,0.5468742234490338,0.6887308121341659,0.939504695794018,0.7830074149764231,7.667712039301901e-05,0.0005245504716102379,0.0003697179565972022,5.523008071606579e-05,0.00036986916615717053,0.9384484814164731,0.7806438382849638,0.924254274931687,0.9020085070423685,0.912817037370473
scda,15%,9, 1%~10%,140302.0,0.9558676564795509,0.7044299410565861,0.838476262190546,0.9027359228990294,0.8685594190008481,5.342673742604305e-05,9.330159413451742e-05,0.00030602597306544937,7.251273747012159e-05,0.0001938715513357462,0.9384484814164731,0.7806438382849638,0.924254274931687,0.9020085070423685,0.912817037370473
scda,15%,9, 10%~20%,70996.0,0.9349588837271243,0.7796772881781121,0.9248862143266346,0.897068781344852,0.9104703068890018,2.076345872007297e-05,0.00025919523804113844,1.9555848904991886e-05,7.14595038023388e-05,3.875596402272444e-05,0.9384484814164731,0.7806438382849638,0.924254274931687,0.9020085070423685,0.912817037370473
scda,15%,9, 20%~30%,50656.0,0.922287168111947,0.7749784977878672,0.9365031534300785,0.9012367902340781,0.9173105446918673,8.53187831736792e-05,0.0004443876522795697,0.00011366036970260193,8.138659543225359e-05,9.062236822462642e-05,0.9384484814164731,0.7806438382849638,0.924254274931687,0.9020085070423685,0.912817037370473
scda,15%,9, 30%~40%,42482.0,0.9147915409449707,0.7582543429090579,0.9331879503294443,0.904978920596224,0.9164336274070871,8.185343167833979e-05,0.000515175238541971,0.00010802260284571272,7.208804638139614e-05,8.886299902039217e-05,0.9384484814164731,0.7806438382849638,0.924254274931687,0.9020085070423685,0.912817037370473
scda,15%,9, 40%~50%,38881.0,0.9122265451770867,0.7472064606014639,0.9288384493192785,0.9078182560663063,0.9147366269765614,0.00013499111660180877,7.335291715294246e-05,0.00015703584876325508,0.0001635464791112322,0.0001570232027793827,0.9384484814164731,0.7806438382849638,0.924254274931687,0.9020085070423685,0.912817037370473
scda,15%,9, Overall,370840.0,0.9384484814164731,0.7806438382849638,0.924254274931687,0.9020085070423685,0.912817037370473,4.6402566316625173e-05,0.00016299088406614297,0.00012910111666381108,6.401737882014995e-05,8.922279356726424e-05,0.9384484814164731,0.7806438382849638,0.924254274931687,0.9020085070423685,0.912817037370473
scda,25%,9, 0.1%~0.5%,13231.0,0.9428242442564866,0.31463205033415353,0.547293574816169,0.9130125817890691,0.6562855603055148,0.00014945558725347122,0.001507330892672224,0.0005836394475120609,0.0006792423414710338,0.0006262123635273965,0.9070586269337753,0.6719406608154638,0.8888456473554998,0.8521205061411322,0.8695777471747123
scda,25%,9, 0.5%~1%,14292.0,0.9418327905418585,0.4041222735181707,0.6045212438448276,0.9010468426415823,0.7040459791757964,0.0001575618547616472,0.0008110666404481222,0.0007050557663509624,0.0007654412909831346,0.0008286292421016217,0.9070586269337753,0.6719406608154638,0.8888456473554998,0.8521205061411322,0.8695777471747123
scda,25%,9, 1%~10%,140302.0,0.9327117088980783,0.5713639748902432,0.7716793282222628,0.8469817181208433,0.8061847173940219,7.213607095721413e-05,0.00019168331456928428,0.00029360115256152455,0.00011499494799124166,0.00020536990918073334,0.9070586269337753,0.6719406608154638,0.8888456473554998,0.8521205061411322,0.8695777471747123
scda,25%,9, 10%~20%,70996.0,0.9028425843880236,0.673578781371694,0.890606405750679,0.8471412536740157,0.8675650132736555,4.0034687707545665e-05,0.0002026841036604203,0.00018446470765355832,0.0001232743309055412,0.00010917243950523847,0.9070586269337753,0.6719406608154638,0.8888456473554998,0.8521205061411322,0.8695777471747123
scda,25%,9, 20%~30%,50656.0,0.8835082206301804,0.6684426310815351,0.9084597259571031,0.8525457587310687,0.8766653565071859,0.00014224708991196903,0.0003543351866241555,0.00016159070576723467,0.00018181881189906972,0.00017313389949340458,0.9070586269337753,0.6719406608154638,0.8888456473554998,0.8521205061411322,0.8695777471747123
scda,25%,9, 30%~40%,42482.0,0.8712358389221531,0.6466269618874287,0.9048648290440832,0.8567609149476026,0.8744558372793191,0.00022295310411309845,0.0007921263679760465,0.00012378122656132515,0.0002649372227895286,0.00022005972168608808,0.9070586269337753,0.6719406608154638,0.8888456473554998,0.8521205061411322,0.8695777471747123
scda,25%,9, 40%~50%,38881.0,0.867057836927439,0.6350540719795225,0.899825218646812,0.860665530127417,0.8719841688776175,0.00021575276518107152,0.0009665672082158771,0.00014008883288588574,0.00022401797001427061,0.00019657891456062023,0.9070586269337753,0.6719406608154638,0.8888456473554998,0.8521205061411322,0.8695777471747123
scda,25%,9, Overall,370840.0,0.9070586269337753,0.6719406608154638,0.8888456473554998,0.8521205061411322,0.8695777471747123,6.592913998541453e-05,0.0002243980669666447,0.00010730144192257562,0.0001308606643361197,0.00011694897357884378,0.9070586269337753,0.6719406608154638,0.8888456473554998,0.8521205061411322,0.8695777471747123
scda,5%,10, 0.1%~0.5%,15629.0,0.9874684202056395,0.7661153426622915,0.8308734831782174,0.9684538471581791,0.892071197939405,7.585898071969783e-05,0.0011940735311012575,0.0009492016430104394,0.00036919806883746497,0.0007219576364344766,0.9784763139705532,0.9285897528415289,0.9689389383466764,0.9643509717918568,0.9666275701361119
scda,5%,10, 0.5%~1%,17161.0,0.9878101862397649,0.7943797329902179,0.8542380642511919,0.9716281014964318,0.9074704716538391,6.101147573711222e-05,0.00013434159392695404,0.0007410397449802946,0.00037664167949241507,0.0005756170633483068,0.9784763139705532,0.9285897528415289,0.9689389383466764,0.9643509717918568,0.9666275701361119
scda,5%,10, 1%~10%,158673.0,0.9860840161269345,0.906231630732694,0.9366476004552995,0.9716869288448402,0.9536104697948596,2.308325172794198e-05,0.00028400841211961153,0.0001429095677773492,0.00010771015275724846,8.934098427591379e-05,0.9784763139705532,0.9285897528415289,0.9689389383466764,0.9643509717918568,0.9666275701361119
scda,5%,10, 10%~20%,84925.0,0.9769748708753713,0.9271417972115078,0.9675835595504015,0.9615557042486887,0.9645398472961743,4.362794391583227e-05,0.00021204960811202787,8.528447816570381e-05,4.575469301318505e-05,6.399986266114218e-05,0.9784763139705532,0.9285897528415289,0.9689389383466764,0.9643509717918568,0.9666275701361119
scda,5%,10, 20%~30%,57715.0,0.9700847161732545,0.9205217002113034,0.9717424865272156,0.9600864978116389,0.9657373880060384,4.212083216712133e-05,0.00023158939945973952,4.827013129237525e-05,5.6082569404987193e-05,4.2081074636721356e-05,0.9784763139705532,0.9285897528415289,0.9689389383466764,0.9643509717918568,0.9666275701361119
scda,5%,10, 30%~40%,50759.0,0.9692316096205061,0.9164325434510626,0.972364736953117,0.9650205236748516,0.9684663532256952,9.012547097302364e-05,0.0005091889463623763,7.12167840555871e-05,8.35219239322288e-05,7.838538811839632e-05,0.9784763139705532,0.9285897528415289,0.9689389383466764,0.9643509717918568,0.9666275701361119
scda,5%,10, 40%~50%,47287.0,0.96945121056399,0.9155210796781458,0.971682799942748,0.9675200393107214,0.9693226260612492,4.8948996622176793e-05,0.00018742105625271097,5.129445941088406e-05,4.159198098181696e-05,4.5370477648513245e-05,0.9784763139705532,0.9285897528415289,0.9689389383466764,0.9643509717918568,0.9666275701361119
scda,5%,10, Overall,432149.0,0.9784763139705532,0.9285897528415289,0.9689389383466764,0.9643509717918568,0.9666275701361119,1.9050923552341505e-05,8.682439329364993e-05,3.283989258428309e-05,2.467433023249494e-05,2.8592682765586164e-05,0.9784763139705532,0.9285897528415289,0.9689389383466764,0.9643509717918568,0.9666275701361119
scda,15%,10, 0.1%~0.5%,15629.0,0.9618308622083657,0.47211474506833606,0.6435222156688131,0.9438418328876628,0.7498275643836833,6.530840562376131e-05,0.0005498016381503484,0.0005616145858057741,0.00040399436409289117,0.0005504282565977687,0.9393873304220198,0.7850373353927784,0.9257300524099016,0.9042339252077009,0.9146875299902114
scda,15%,10, 0.5%~1%,17161.0,0.9626196114163017,0.5133401917208295,0.6767712692392233,0.9403166581390031,0.7753810454410687,0.00014430214041851123,0.002099672962372729,0.0007768082771159281,0.00036895610802990635,0.0006901309035521164,0.9393873304220198,0.7850373353927784,0.9257300524099016,0.9042339252077009,0.9146875299902114
scda,15%,10, 1%~10%,158673.0,0.9556525054672188,0.712754897476826,0.840416978875775,0.9036934039416566,0.8699803068858505,2.0578307733826643e-05,0.00019845448302818728,6.1022304396129084e-05,0.00018021125554947966,9.206375891421542e-05,0.9393873304220198,0.7850373353927784,0.9257300524099016,0.9042339252077009,0.9146875299902114
scda,15%,10, 10%~20%,84925.0,0.9366159980731662,0.7825457564383144,0.9254927250567607,0.8989208376945134,0.9117533169282211,2.976316162443203e-05,0.0003765580317979354,0.00010541449431435673,5.806967202364789e-05,5.761626783201758e-05,0.9393873304220198,0.7850373353927784,0.9257300524099016,0.9042339252077009,0.9146875299902114
scda,15%,10, 20%~30%,57715.0,0.9241473909151289,0.7804088230806192,0.9373513380534549,0.9031580337156404,0.9188170187750919,6.168271128618265e-05,0.0005402931428199031,8.204094768304449e-05,5.204307925055684e-05,5.132252187652889e-05,0.9393873304220198,0.7850373353927784,0.9257300524099016,0.9042339252077009,0.9146875299902114
scda,15%,10, 30%~40%,50759.0,0.9179969278473977,0.7662653540830892,0.9359494304633896,0.9080562419117294,0.919541527301767,8.701696375986671e-05,0.00044132400523478574,4.140980445333047e-05,0.00010296743037570216,7.565193858638098e-05,0.9393873304220198,0.7850373353927784,0.9257300524099016,0.9042339252077009,0.9146875299902114
scda,15%,10, 40%~50%,47287.0,0.9154987500568739,0.7567237649736399,0.9315156216630881,0.9110219347003494,0.9179365575980475,6.30796650707062e-05,0.0003666287567103985,0.00010871759596556505,5.224154094910192e-05,6.984806906591412e-05,0.9393873304220198,0.7850373353927784,0.9257300524099016,0.9042339252077009,0.9146875299902114
scda,15%,10, Overall,432149.0,0.9393873304220198,0.7850373353927784,0.9257300524099016,0.9042339252077009,0.9146875299902114,1.5627667518182195e-06,0.00013506243645408764,3.847883641229574e-05,3.952778294064733e-05,3.527960951909394e-06,0.9393873304220198,0.7850373353927784,0.9257300524099016,0.9042339252077009,0.9146875299902114
scda,25%,10, 0.1%~0.5%,15629.0,0.942320220568989,0.33731442606522527,0.5614993463140925,0.9156427319437864,0.6701710117756056,0.00014614983113273697,0.001386024429226911,0.0004958751452325578,0.0006935284690282325,0.0005022637055468404,0.9083959502744459,0.6781043079592995,0.8909222518475577,0.8553201714029365,0.8722695146891404
scda,25%,10, 0.5%~1%,17161.0,0.943325510804096,0.37378937341028046,0.5927298452848374,0.9026316794976794,0.695862014956413,4.01915307581564e-05,0.0007895053570342846,0.0002016594791698634,0.0001229929942932733,0.00022361905674690932,0.9083959502744459,0.6781043079592995,0.8909222518475577,0.8553201714029365,0.8722695146891404
scda,25%,10, 1%~10%,158673.0,0.932288989992569,0.5811447006041245,0.7741080879655516,0.8484747280715984,0.8080890944499709,9.17310105572659e-05,0.0006610586442915733,0.00027337231470290634,0.0001784803074108316,0.00022090670124263074,0.9083959502744459,0.6781043079592995,0.8909222518475577,0.8553201714029365,0.8722695146891404
scda,25%,10, 10%~20%,84925.0,0.9052419692955459,0.6779284267024946,0.8915384019870056,0.8495668935117479,0.8693582107391283,8.569989822145675e-05,0.0007485038899219134,6.871079983497696e-05,9.804266458884452e-05,8.461538973777135e-05,0.9083959502744459,0.6781043079592995,0.8909222518475577,0.8553201714029365,0.8722695146891404
scda,25%,10, 20%~30%,57715.0,0.8862844856780576,0.675870209085046,0.9096113972762846,0.8553536975584087,0.878926877833483,7.757854585853648e-05,0.0007992642508762802,0.00019204465658294347,2.6515858107989602e-05,6.469926488758825e-05,0.9083959502744459,0.6781043079592995,0.8909222518475577,0.8553201714029365,0.8722695146891404
scda,25%,10, 30%~40%,50759.0,0.8757984104326625,0.6577859681917628,0.908418027431161,0.860979505604896,0.8787484585304499,0.00011131694928742181,0.0004232964819890961,5.8886195334658765e-05,0.00010841266721032692,9.634300156826095e-05,0.9083959502744459,0.6781043079592995,0.8909222518475577,0.8553201714029365,0.8722695146891404
scda,25%,10, 40%~50%,47287.0,0.8719763135617388,0.647284456103462,0.9033094356835436,0.8655089003578516,0.8767362836621365,0.00031589487178034664,0.0005615490270318598,0.00031022107978310315,0.00033276533571154434,0.0003333944447861438,0.9083959502744459,0.6781043079592995,0.8909222518475577,0.8553201714029365,0.8722695146891404
scda,25%,10, Overall,432149.0,0.9083959502744459,0.6781043079592995,0.8909222518475577,0.8553201714029365,0.8722695146891404,3.794531014234835e-05,0.00017813885438705212,8.915958631159687e-05,6.938717775619936e-05,7.20658774708851e-05,0.9083959502744459,0.6781043079592995,0.8909222518475577,0.8553201714029365,0.8722695146891404
scda,5%,11, 0.1%~0.5%,15327.0,0.9874078423696745,0.7407218222634433,0.8192177291577311,0.9705160093159333,0.8856424324494636,0.0001359032395285163,0.0027205500865601583,0.0014857498073772612,0.00023354016737959376,0.0010078439710029614,0.977351504647865,0.9267424317039694,0.967756046283507,0.9630971358612931,0.9654072674420182
scda,5%,11, 0.5%~1%,17417.0,0.9869189106428585,0.8151733347803304,0.8554573835902968,0.9676560993463085,0.9062442059620408,4.910850462264827e-05,0.002104245112634525,0.0006221334114042967,0.00039668905993851475,0.00036579347947589144,0.977351504647865,0.9267424317039694,0.967756046283507,0.9630971358612931,0.9654072674420182
scda,5%,11, 1%~10%,150166.0,0.9852185298774406,0.9059748508901659,0.9344294780354251,0.970467977718136,0.9518399101467948,1.210055855988899e-05,0.00011908087094829026,1.8990943213104652e-05,1.7950595157084276e-05,1.2143422589088052e-05,0.977351504647865,0.9267424317039694,0.967756046283507,0.9630971358612931,0.9654072674420182
scda,5%,11, 10%~20%,79896.0,0.9760368403166542,0.9253566574346284,0.9659088782892192,0.9600554522952688,0.9629505140103758,6.349551278107242e-05,9.161234093727418e-05,4.8377629561554806e-05,0.00010394344411618917,7.524688206072262e-05,0.977351504647865,0.9267424317039694,0.967756046283507,0.9630971358612931,0.9654072674420182
scda,5%,11, 20%~30%,58219.0,0.9690135522767481,0.9178808647164921,0.9705164756791764,0.9591365165750609,0.9646481379124107,2.428813497361395e-05,0.00027962601848259013,2.768370506166026e-05,0.00010792409803839581,6.885047554697703e-05,0.977351504647865,0.9267424317039694,0.967756046283507,0.9630971358612931,0.9654072674420182
scda,5%,11, 30%~40%,50671.0,0.9682667690502548,0.9141378183028598,0.9710384038328462,0.9641559052691759,0.9673692332186397,1.9442461082824463e-05,0.00015940831187286826,3.012484680843779e-05,8.052259321521869e-06,1.8691284059030334e-05,0.977351504647865,0.9267424317039694,0.967756046283507,0.9630971358612931,0.9654072674420182
scda,5%,11, 40%~50%,47783.0,0.9679060449418108,0.9118198106850804,0.9698746654527511,0.9660041739240639,0.9676409698913403,6.324874084923893e-05,0.0004026718918213954,5.280956322437337e-05,5.851089503284585e-05,5.703359339836687e-05,0.977351504647865,0.9267424317039694,0.967756046283507,0.9630971358612931,0.9654072674420182
scda,5%,11, Overall,419479.0,0.977351504647865,0.9267424317039694,0.967756046283507,0.9630971358612931,0.9654072674420182,1.7315838634760892e-05,7.702982073961735e-05,2.4394777526958583e-05,4.092065617543117e-05,3.2640285267052336e-05,0.977351504647865,0.9267424317039694,0.967756046283507,0.9630971358612931,0.9654072674420182
scda,15%,11, 0.1%~0.5%,15327.0,0.9606171323728576,0.4318560101295316,0.6219989478889092,0.9445814878545328,0.7319660053046761,0.00012482482179710036,0.0006418259401662069,0.0009103034181912013,0.0006055314518718177,0.0009066343265879914,0.9372266585816013,0.7817487116908328,0.9236888653158893,0.903468254016805,0.9133087994820901
scda,15%,11, 0.5%~1%,17417.0,0.9595701517674303,0.5355961958631286,0.6796587170477704,0.9388460381359564,0.7757113563489283,0.0001318477319750534,0.0003147532728247604,0.0007389443103193675,0.00024468910679580243,0.0005756978417151147,0.9372266585816013,0.7817487116908328,0.9236888653158893,0.903468254016805,0.9133087994820901
scda,15%,11, 1%~10%,150166.0,0.9537749436078619,0.7151225145616241,0.8370693468978211,0.9043730448464414,0.8682887900753626,8.2892106198936e-05,0.0002853539504681609,0.00022794571930632293,0.0003778714703057254,0.0002849856249702655,0.9372266585816013,0.7817487116908328,0.9236888653158893,0.903468254016805,0.9133087994820901
scda,15%,11, 10%~20%,79896.0,0.9347270770183056,0.7783001770579624,0.9217580088507707,0.897448040339157,0.909219165404121,4.7629970475162364e-05,0.00014626140151630454,6.93448731736965e-05,0.00012904466436147488,8.434346402791618e-05,0.9372266585816013,0.7817487116908328,0.9236888653158893,0.903468254016805,0.9133087994820901
scda,15%,11, 20%~30%,58219.0,0.922129581772482,0.7749445772883213,0.9351990738498043,0.9019183879728857,0.9171049774837403,0.00010324405621756479,0.0005810933843148472,9.235644570621307e-05,0.00010789159078271812,9.998345227696959e-05,0.9372266585816013,0.7817487116908328,0.9236888653158893,0.903468254016805,0.9133087994820901
scda,15%,11, 30%~40%,50671.0,0.9166774312962467,0.7631972905752823,0.933585160320332,0.9074574082033742,0.9180874262219705,0.00010780440976764131,0.0005218247845203886,0.00011375797415525863,9.841373424158364e-05,0.000105162077503397,0.9372266585816013,0.7817487116908328,0.9236888653158893,0.903468254016805,0.9133087994820901
scda,15%,11, 40%~50%,47783.0,0.9139388992788736,0.7518439796535731,0.9287759982558023,0.9100667710439811,0.9161029671939556,5.2229702620348856e-05,8.761546482152846e-05,6.054757365224047e-05,7.11401022184848e-05,6.66162938329228e-05,0.9372266585816013,0.7817487116908328,0.9236888653158893,0.903468254016805,0.9133087994820901
scda,15%,11, Overall,419479.0,0.9372266585816013,0.7817487116908328,0.9236888653158893,0.903468254016805,0.9133087994820901,3.414293849161902e-05,0.0001528577644850814,4.5331122521337846e-05,8.360924733523989e-05,5.6978585246375466e-05,0.9372266585816013,0.7817487116908328,0.9236888653158893,0.903468254016805,0.9133087994820901
scda,25%,11, 0.1%~0.5%,15327.0,0.9404225263003889,0.30447721247620574,0.5405614503415218,0.913655438498152,0.6496216046950606,0.000243573433246454,0.001550647934571521,0.0005154357897813598,0.0005108561261882648,0.00045040650522574485,0.9052976574765509,0.6734852698538494,0.888225349078022,0.8547364179597842,0.8707012560485983
scda,25%,11, 0.5%~1%,17417.0,0.9384866057369933,0.38947085618408456,0.5954361887034461,0.9019433531055867,0.6961736807755273,0.0002732813130192758,0.001633734118330129,0.0008977162747601393,0.0001670808790092204,0.0007344595719499672,0.9052976574765509,0.6734852698538494,0.888225349078022,0.8547364179597842,0.8707012560485983
scda,25%,11, 1%~10%,150166.0,0.9293501555248556,0.5840042824895093,0.770011336611136,0.8489930466547756,0.8057605223597869,2.7275771001456193e-05,0.0004724539903286384,6.78817781497741e-05,0.00011427888650861166,9.149945261905327e-05,0.9052976574765509,0.6734852698538494,0.888225349078022,0.8547364179597842,0.8707012560485983
scda,25%,11, 10%~20%,79896.0,0.902731505502608,0.6715951316643265,0.8866881487818651,0.8482588152177816,0.8664589609938123,0.0001497747083979616,0.0006123298526621736,0.00021945427022348506,0.00020500489486024214,0.00020495899115419795,0.9052976574765509,0.6734852698538494,0.888225349078022,0.8547364179597842,0.8707012560485983
scda,25%,11, 20%~30%,58219.0,0.8836824071283612,0.6691184679116998,0.90665233003573,0.8543444189468216,0.8769840384339106,8.624148452263723e-05,0.0006202373577683944,6.122011865620495e-05,7.452112390009255e-05,6.486369801345665e-05,0.9052976574765509,0.6734852698538494,0.888225349078022,0.8547364179597842,0.8707012560485983
scda,25%,11, 30%~40%,50671.0,0.8738575289314371,0.6524874460175624,0.9050467938301163,0.8603799581089101,0.8768560187430565,0.00010066325041513627,0.0002517021041525459,0.000137870772203419,0.00010133808005010885,0.00010834093782678763,0.9052976574765509,0.6734852698538494,0.888225349078022,0.8547364179597842,0.8707012560485983
scda,25%,11, 40%~50%,47783.0,0.8703117439383475,0.6418386950594454,0.9000485717791803,0.8648127430120583,0.8748027072211678,6.83994607566131e-05,0.0003780712533219761,2.770235369055944e-05,9.000680693851777e-05,7.260319642219198e-05,0.9052976574765509,0.6734852698538494,0.888225349078022,0.8547364179597842,0.8707012560485983
scda,25%,11, Overall,419479.0,0.9052976574765509,0.6734852698538494,0.888225349078022,0.8547364179597842,0.8707012560485983,2.8420698528980832e-05,5.822743904401838e-05,7.192194073714402e-05,4.633210289255062e-05,4.109360604827109e-05,0.9052976574765509,0.6734852698538494,0.888225349078022,0.8547364179597842,0.8707012560485983
scda,5%,12, 0.1%~0.5%,15119.0,0.9876645280772539,0.7179693201899876,0.8102026551327349,0.9695120486316074,0.8793233638883775,5.735944545492647e-05,0.0027243385036741807,0.0006439180762719346,0.0004888057546025718,0.0005456664193785592,0.977706821145333,0.926559915432937,0.967796355801838,0.9630994882987199,0.9654293767683376
scda,5%,12, 0.5%~1%,16179.0,0.987006163994853,0.8188572442238663,0.8563369748299682,0.9675822412435323,0.9066456196300993,6.664742828398311e-05,0.001286318769167438,0.0004621530288751405,0.0003071040303614316,0.0003623382112605553,0.977706821145333,0.926559915432937,0.967796355801838,0.9630994882987199,0.9654293767683376
scda,5%,12, 1%~10%,150995.0,0.985394760211807,0.9047114715686274,0.9346242564332164,0.9703049224387309,0.9518579775648243,2.3240581534909984e-05,8.703488066208504e-05,0.00014137554549771255,8.781470449798616e-05,9.047793527855341e-05,0.977706821145333,0.926559915432937,0.967796355801838,0.9630994882987199,0.9654293767683376
scda,5%,12, 10%~20%,80598.0,0.9763069352047986,0.9250950674723271,0.9670060302733479,0.9604494434727014,0.9636941785194115,4.898071358089615e-05,0.0001586469230361143,5.7176204140010956e-05,5.2884395650514145e-05,4.7348016516565725e-05,0.977706821145333,0.926559915432937,0.967796355801838,0.9630994882987199,0.9654293767683376
scda,5%,12, 20%~30%,55885.0,0.969411616387549,0.9195300327719226,0.9710229456306765,0.9595355038531247,0.9650994472997017,4.477906612930255e-05,0.0002645676009431275,7.634636109442657e-05,1.476924595514386e-05,4.338801057167287e-05,0.977706821145333,0.926559915432937,0.967796355801838,0.9630994882987199,0.9654293767683376
scda,5%,12, 30%~40%,48039.0,0.9677695584458839,0.9130751559371225,0.9707592812194187,0.9635017775424677,0.9668904984325691,6.042179999924845e-05,0.00019358491484450783,8.817702989636413e-05,5.683773157273038e-05,6.958646356743225e-05,0.977706821145333,0.926559915432937,0.967796355801838,0.9630994882987199,0.9654293767683376
scda,5%,12, 40%~50%,42711.0,0.9681527645635253,0.9118119349927785,0.9702593762931655,0.9663017946198925,0.9679747077972972,7.309017613809449e-05,0.00031232355256264883,6.509281533995948e-05,7.204995630721872e-05,6.929005787753418e-05,0.977706821145333,0.926559915432937,0.967796355801838,0.9630994882987199,0.9654293767683376
scda,5%,12, Overall,409526.0,0.977706821145333,0.926559915432937,0.967796355801838,0.9630994882987199,0.9654293767683376,1.93608939877741e-05,8.9435281727842e-05,4.622215873029106e-05,4.92880695288919e-06,2.0447015076666968e-05,0.977706821145333,0.926559915432937,0.967796355801838,0.9630994882987199,0.9654293767683376
scda,15%,12, 0.1%~0.5%,15119.0,0.9619463368388561,0.4090923315654382,0.6136745192758473,0.9420836869842844,0.7238957929393441,0.00022848209875129472,0.0002218030563565298,0.0013965822041639426,0.0001725057686936027,0.00120434644956548,0.9378382606114178,0.7804888213710018,0.9238177561980465,0.9021375472755128,0.9126731586888953
scda,15%,12, 0.5%~1%,16179.0,0.9608583517354146,0.5491870948909062,0.6864993966829562,0.9391423133986322,0.7809737930978544,0.000248392658300326,0.001276651533769799,0.0012236339766824476,0.0009395182109079671,0.0009909327456472698,0.9378382606114178,0.7804888213710018,0.9238177561980465,0.9021375472755128,0.9126731586888953
scda,15%,12, 1%~10%,150995.0,0.9542896764592846,0.7109076121150979,0.8383514927284708,0.9017683258870651,0.8678624222397112,3.938316413307068e-05,0.0005418414822921756,5.193757785109744e-05,0.00014033338144283077,9.327804041821947e-05,0.9378382606114178,0.7804888213710018,0.9238177561980465,0.9021375472755128,0.9126731586888953
scda,15%,12, 10%~20%,80598.0,0.9347033387549281,0.7766116495458982,0.9241091249567552,0.89589592083608,0.9094816894076029,6.650398355008533e-05,0.00016155904185721594,0.0001129947216906123,0.00014523748022021745,0.00012021160612680104,0.9378382606114178,0.7804888213710018,0.9238177561980465,0.9021375472755128,0.9126731586888953
scda,15%,12, 20%~30%,55885.0,0.9228435830073121,0.7781686905877819,0.9362040489091529,0.9023315206699971,0.9178053703997692,7.402903854814409e-05,0.0003970175770804291,6.25984403924911e-05,8.93447320201919e-05,7.708738169186883e-05,0.9378382606114178,0.7804888213710018,0.9238177561980465,0.9021375472755128,0.9126731586888953
scda,15%,12, 30%~40%,48039.0,0.9154776075246943,0.7604853236364845,0.9332060106629649,0.9057968675812935,0.9169652320272433,7.470843906486998e-05,0.00014141379176213378,7.695066591806724e-05,7.156378564550116e-05,7.434659030612285e-05,0.9378382606114178,0.7804888213710018,0.9238177561980465,0.9021375472755128,0.9126731586888953
scda,15%,12, 40%~50%,42711.0,0.9131096382097296,0.7493474573527857,0.9288941033074712,0.9090720918582637,0.9154792711076661,0.00019215731676058327,4.463134813500644e-05,0.00019736347317784244,0.00021555604151520544,0.00021102813140942974,0.9378382606114178,0.7804888213710018,0.9238177561980465,0.9021375472755128,0.9126731586888953
scda,15%,12, Overall,409526.0,0.9378382606114178,0.7804888213710018,0.9238177561980465,0.9021375472755128,0.9126731586888953,1.266602216275298e-05,0.00011783164241600767,3.311605902714846e-05,5.199906776734391e-05,3.758629464366353e-05,0.9378382606114178,0.7804888213710018,0.9238177561980465,0.9021375472755128,0.9126731586888953
scda,25%,12, 0.1%~0.5%,15119.0,0.9426223676008715,0.28601585022799925,0.5343908580828262,0.9139238341098013,0.6432430973308567,6.763403060395067e-05,0.0009994523433006362,7.729949586486704e-05,0.0003638508018918843,6.564120809890312e-05,0.9061319450024928,0.6716087780591852,0.8883352635953928,0.8523482183674685,0.8694595270233694
scda,25%,12, 0.5%~1%,16179.0,0.9405097704281831,0.40577521572587855,0.6028124104602327,0.9013699616130689,0.7023207289659132,9.108444554613992e-05,0.0012134119581278058,0.00021282523983492496,0.0004983693296401702,0.00011225367647873982,0.9061319450024928,0.6716087780591852,0.8883352635953928,0.8523482183674685,0.8694595270233694
scda,25%,12, 1%~10%,150995.0,0.9301515603065322,0.5777110081485892,0.7713183731624357,0.8448046041363662,0.8047390587660385,2.7731591608863958e-05,0.0003112330023805017,4.2825714432572825e-05,8.092848242453442e-05,6.132946283534112e-05,0.9061319450024928,0.6716087780591852,0.8883352635953928,0.8523482183674685,0.8694595270233694
scda,25%,12, 10%~20%,80598.0,0.9025724940915145,0.66961634205003,0.8898201683363456,0.845323534854597,0.866208664630435,7.051456774852586e-06,0.0004997806570401028,0.00014518699313730032,8.54256153502993e-05,2.509550303468349e-05,0.9061319450024928,0.6716087780591852,0.8883352635953928,0.8523482183674685,0.8694595270233694
scda,25%,12, 20%~30%,55885.0,0.884479084483558,0.6730414439059937,0.9080930287526545,0.8544084203440633,0.8776586046482969,5.9798454074267e-05,0.0005709208573217721,7.421736265994125e-05,6.472062579570263e-05,6.60899873777709e-05,0.9061319450024928,0.6716087780591852,0.8883352635953928,0.8523482183674685,0.8694595270233694
scda,25%,12, 30%~40%,48039.0,0.8721690457311516,0.6493498447646256,0.904740993918451,0.8579484721369736,0.8752397795738799,9.895191285871337e-05,0.0003211767670838972,6.87701982935275e-05,0.00010416779717329941,9.41919928839675e-05,0.9061319450024928,0.6716087780591852,0.8883352635953928,0.8523482183674685,0.8694595270233694
scda,25%,12, 40%~50%,42711.0,0.8685247502062842,0.6378522798107301,0.9000426982176633,0.8627056996652653,0.8733020477174184,8.324933313186613e-05,7.829479291493116e-05,7.923847608334082e-05,9.934009745415777e-05,8.806687965843307e-05,0.9061319450024928,0.6716087780591852,0.8883352635953928,0.8523482183674685,0.8694595270233694
scda,25%,12, Overall,409526.0,0.9061319450024928,0.6716087780591852,0.8883352635953928,0.8523482183674685,0.8694595270233694,2.2207698462053083e-05,0.00013990574389786844,4.2588471306300485e-05,3.77296382072265e-05,2.814993971495215e-05,0.9061319450024928,0.6716087780591852,0.8883352635953928,0.8523482183674685,0.8694595270233694
scda,5%,13, 0.1%~0.5%,11604.0,0.9866125056145738,0.8165098810638435,0.8469298541238159,0.9700748174349209,0.9019730290717289,8.154186642008716e-05,0.0006366673292307614,0.0011419843491541452,0.0008525071376297572,0.0010590463824782944,0.9767265905099212,0.9259086006033148,0.9672946585197538,0.9626322382725934,0.9649448330152435
scda,5%,13, 0.5%~1%,11916.0,0.9866368875054675,0.8566232910546029,0.8721053913978958,0.9713518985566959,0.9170833288782573,0.00010850342622186902,0.002079839427543401,0.000713230038637912,4.979613020806712e-05,0.00043608320160747494,0.9767265905099212,0.9259086006033148,0.9672946585197538,0.9626322382725934,0.9649448330152435
scda,5%,13, 1%~10%,115086.0,0.9843587983479022,0.9129892948041513,0.936213493895702,0.9699757703613018,0.9524876629690208,2.9723535853852894e-05,0.00018247181252264245,0.00014889045951020955,0.00010853301590834853,0.00011214016907343347,0.9767265905099212,0.9259086006033148,0.9672946585197538,0.9626322382725934,0.9649448330152435
scda,5%,13, 10%~20%,58607.0,0.9754119763333681,0.9242814981798081,0.9663411311167387,0.9601915432854807,0.9632354963908741,6.480212375249819e-05,0.0001466727954288041,0.00013273021890388106,8.488784509252472e-05,0.00010836969258884637,0.9767265905099212,0.9259086006033148,0.9672946585197538,0.9626322382725934,0.9649448330152435
scda,5%,13, 20%~30%,41245.0,0.967925772453594,0.9152289413801457,0.9690819395416562,0.9576567901197303,0.9631927072032788,8.248242330052216e-05,0.00035306694010759157,8.998578407908425e-05,0.00010601817307775608,9.833393054756843e-05,0.9767265905099212,0.9259086006033148,0.9672946585197538,0.9626322382725934,0.9649448330152435
scda,5%,13, 30%~40%,38544.0,0.9677981165955948,0.9128945408831833,0.9706411507092918,0.9636157723717936,0.9669026705595103,3.4226503124376885e-05,0.00027768205170219425,1.5592950041461366e-05,3.28348856624709e-05,2.2733420517021785e-05,0.9767265905099212,0.9259086006033148,0.9672946585197538,0.9626322382725934,0.9649448330152435
scda,5%,13, 40%~50%,36148.0,0.9676806378491118,0.9117264184939725,0.9696502595054332,0.9656234938623603,0.9673591402352867,2.689115610957506e-05,0.00022229848916435508,3.1991528921146775e-05,1.5171987677684243e-05,2.290810327654433e-05,0.9767265905099212,0.9259086006033148,0.9672946585197538,0.9626322382725934,0.9649448330152435
scda,5%,13, Overall,313150.0,0.9767265905099212,0.9259086006033148,0.9672946585197538,0.9626322382725934,0.9649448330152435,9.03800971120261e-06,3.147141469033209e-05,6.530787648428611e-06,9.966192622881254e-06,4.4175433645758086e-06,0.9767265905099212,0.9259086006033148,0.9672946585197538,0.9626322382725934,0.9649448330152435
scda,15%,13, 0.1%~0.5%,11604.0,0.958851702129882,0.5453840922284576,0.6695434129159453,0.9442919966969017,0.7683934883308475,0.00011437682015696187,0.0013838611618653069,0.0003391112988966168,0.00023826287488028412,0.0003398130969078811,0.9356312445870166,0.7795382950069513,0.9229612658162827,0.9023033557158547,0.9123441696899907
scda,15%,13, 0.5%~1%,11916.0,0.9591954286063046,0.6152282879919787,0.714251597859139,0.9420250035789769,0.8000954539165063,0.00017643209657991428,0.0018493928560476458,0.0007531389379383706,0.00028064809690299527,0.0006384346417671646,0.9356312445870166,0.7795382950069513,0.9229612658162827,0.9023033557158547,0.9123441696899907
scda,15%,13, 1%~10%,115086.0,0.9515066861725013,0.733992295986783,0.8433675926558294,0.9030935253416209,0.8710077749590135,0.0001161330257927276,0.0007814452207616591,0.00027106170932183755,6.167277220606843e-05,0.00016484336961852943,0.9356312445870166,0.7795382950069513,0.9229612658162827,0.9023033557158547,0.9123441696899907
scda,15%,13, 10%~20%,58607.0,0.9332072495218536,0.7768740236724007,0.9226315212318222,0.8975642990781235,0.9096754781139254,9.828572771544389e-05,0.000359594014291023,0.00021184159948982943,8.079602608431135e-05,0.0001153579211949235,0.9356312445870166,0.7795382950069513,0.9229612658162827,0.9023033557158547,0.9123441696899907
scda,15%,13, 20%~30%,41245.0,0.9193136358126054,0.7663220735954664,0.9319865121370777,0.8983820956750997,0.9137465288767969,8.900301771055575e-05,0.0006874528329493715,0.00013962493876872742,9.116348327845388e-05,0.0001111382174485522,0.9356312445870166,0.7795382950069513,0.9229612658162827,0.9023033557158547,0.9123441696899907
scda,15%,13, 30%~40%,38544.0,0.9154926836861769,0.7583025599410377,0.9325495810000141,0.9061663676975539,0.9169731945488682,0.00018859513277265315,0.0005827024104593557,0.00015058820008150058,0.00017431574304368753,0.00016642805702192956,0.9356312445870166,0.7795382950069513,0.9229612658162827,0.9023033557158547,0.9123441696899907
scda,15%,13, 40%~50%,36148.0,0.9138878968952554,0.7520133219449313,0.9286802109377043,0.9096504375451202,0.9159883491074936,0.00014261512508607378,0.00014953258798501866,0.00013836533693606373,0.00014868894734625722,0.00014617237224145066,0.9356312445870166,0.7795382950069513,0.9229612658162827,0.9023033557158547,0.9123441696899907
scda,15%,13, Overall,313150.0,0.9356312445870166,0.7795382950069513,0.9229612658162827,0.9023033557158547,0.9123441696899907,4.190673097182832e-05,0.00037622410552992555,8.78231502373956e-05,3.3061552124531506e-05,4.193907108148752e-05,0.9356312445870166,0.7795382950069513,0.9229612658162827,0.9023033557158547,0.9123441696899907
scda,25%,13, 0.1%~0.5%,11604.0,0.9378022729884158,0.40425241564507375,0.5885337712363629,0.9167456284738119,0.6920216939536307,0.0005221214767484202,0.0026347638041530606,0.001555973021665359,0.00030234625906850097,0.001493770714367273,0.9029786286947391,0.6704228347290327,0.8872122135489106,0.8532736806696258,0.8694224846505118
scda,25%,13, 0.5%~1%,11916.0,0.9374243441463985,0.470450677668878,0.6315931774040697,0.9017096326638914,0.7230316645087945,0.00021881811448599912,0.0009135786502386144,0.0008771111571676996,0.0006914086061353194,0.0007962776081291225,0.9029786286947391,0.6704228347290327,0.8872122135489106,0.8532736806696258,0.8694224846505118
scda,25%,13, 1%~10%,115086.0,0.9260847224131203,0.6079069051011624,0.7790659387112289,0.8488726201029744,0.8105235951329671,2.480801910643585e-05,0.0002833152161734563,5.546616857292044e-05,0.00021301025262752062,0.00010323719932308373,0.9029786286947391,0.6704228347290327,0.8872122135489106,0.8532736806696258,0.8694224846505118
scda,25%,13, 10%~20%,58607.0,0.9001598216367782,0.669081872648957,0.8874020836921156,0.8478279663185896,0.8665011166768798,0.00022344384723340828,0.0005975986521651198,0.0004413314568645219,0.0002979414421043634,0.0003391199983699754,0.9029786286947391,0.6704228347290327,0.8872122135489106,0.8532736806696258,0.8694224846505118
scda,25%,13, 20%~30%,41245.0,0.8798936142856618,0.6570291266126717,0.9022044389113971,0.8496525987331109,0.8724701988445469,0.00013927174004694278,0.00022400796427609056,9.8296618554627e-05,0.00018132684369358195,0.000145336140842999,0.9029786286947391,0.6704228347290327,0.8872122135489106,0.8532736806696258,0.8694224846505118
scda,25%,13, 30%~40%,38544.0,0.8724242345623106,0.6473339880761085,0.9036064953843379,0.8587180770193705,0.8754310222436574,4.6773126562243285e-05,0.0001091888233589396,0.00014795215525580143,5.248663188497535e-05,6.996215443133055e-05,0.9029786286947391,0.6704228347290327,0.8872122135489106,0.8532736806696258,0.8694224846505118
scda,25%,13, 40%~50%,36148.0,0.8703708826675519,0.6415504290349754,0.8998250795434443,0.8643803498073378,0.8747627887047305,0.00032239258732467496,0.0005288303079935329,0.00024447089399611964,0.0003874772630779292,0.00034410639324672674,0.9029786286947391,0.6704228347290327,0.8872122135489106,0.8532736806696258,0.8694224846505118
scda,25%,13, Overall,313150.0,0.9029786286947391,0.6704228347290327,0.8872122135489106,0.8532736806696258,0.8694224846505118,6.113150504680256e-05,0.00019752459661091413,0.00011899438398611696,0.00013886241024135232,0.00012495597560530943,0.9029786286947391,0.6704228347290327,0.8872122135489106,0.8532736806696258,0.8694224846505118
scda,5%,14, 0.1%~0.5%,10844.0,0.9879293674479953,0.7685834261144264,0.8298614571862775,0.9720797503053782,0.8928837067746986,8.415602829008033e-05,0.0007419142231693737,0.001087279969198539,0.000608174248415059,0.0009076469967229946,0.9780080073033979,0.9266493943564725,0.9682966215172687,0.9635391318367675,0.9658985384847122
scda,5%,14, 0.5%~1%,11629.0,0.988062107010426,0.7886328615239985,0.8481676859805137,0.9713265812289987,0.9037221029747228,0.0001807053781176713,0.0036206574893678707,0.001890260419618556,0.0002468641482370528,0.0012362357021056616,0.9780080073033979,0.9266493943564725,0.9682966215172687,0.9635391318367675,0.9658985384847122
scda,5%,14, 1%~10%,104263.0,0.9858333195279189,0.9036557779690924,0.9339579879034478,0.9708420988328658,0.9517730062013022,2.004272603441954e-05,0.00029342562334295727,0.00013611139738567188,6.33125990552205e-05,4.5176212520851566e-05,0.9780080073033979,0.9266493943564725,0.9682966215172687,0.9635391318367675,0.9658985384847122
scda,5%,14, 10%~20%,52152.0,0.9757821833149721,0.9246153369144796,0.9667159526979833,0.9604788858045058,0.9635650884052877,3.9443928498021106e-05,0.00021574265603322307,1.921320723493509e-05,8.325104988552816e-05,5.176236863148474e-05,0.9780080073033979,0.9266493943564725,0.9682966215172687,0.9635391318367675,0.9658985384847122
scda,5%,14, 20%~30%,38399.0,0.9697524083250274,0.9188395953407777,0.9716952405465148,0.9596219393250808,0.9654683325632556,8.742284283417576e-05,0.0006112662397008884,9.917401265675234e-05,7.841873805710706e-05,8.764800659796516e-05,0.9780080073033979,0.9266493943564725,0.9682966215172687,0.9635391318367675,0.9658985384847122
scda,5%,14, 30%~40%,34585.0,0.9688071987768386,0.9152189329896689,0.9718847348870469,0.9644927585114235,0.9679639702810082,1.6020445457819532e-05,0.0004452053908866631,5.0381290487766936e-05,3.2409166813993555e-05,3.4284672759230844e-05,0.9780080073033979,0.9266493943564725,0.9682966215172687,0.9635391318367675,0.9658985384847122
scda,5%,14, 40%~50%,29674.0,0.9682655053602685,0.9111187693329538,0.9706702229729006,0.9664292388105196,0.9682392855910122,8.600373136429395e-05,0.0003727528061284409,4.0630934293344305e-05,0.0001107595615534856,7.932551361530171e-05,0.9780080073033979,0.9266493943564725,0.9682966215172687,0.9635391318367675,0.9658985384847122
scda,5%,14, Overall,281546.0,0.9780080073033979,0.9266493943564725,0.9682966215172687,0.9635391318367675,0.9658985384847122,3.0379827220121106e-05,0.00022606312077482193,4.311928362399433e-05,2.601662690907834e-05,1.7902369987786487e-05,0.9780080073033979,0.9266493943564725,0.9682966215172687,0.9635391318367675,0.9658985384847122
scda,15%,14, 0.1%~0.5%,10844.0,0.9624656282485496,0.47316298092151715,0.6386909795905833,0.9504020708283266,0.7475275126191873,9.012105563183426e-05,0.0017875210440880822,0.0007095238072149968,0.0006224516911760182,0.000770592713330914,0.9380816235637472,0.7799980901393937,0.924032702984985,0.9021659426535188,0.912793866584042
scda,15%,14, 0.5%~1%,11629.0,0.9628749443006903,0.5025033086263817,0.665044458484038,0.944314783615957,0.7673745365476238,0.00021632586405500074,0.0017652302613786035,0.0009680212210664866,0.0006476673392254507,0.0007789066404268926,0.9380816235637472,0.7799980901393937,0.924032702984985,0.9021659426535188,0.912793866584042
scda,15%,14, 1%~10%,104263.0,0.9550798694094973,0.7065411292852412,0.8348815158887347,0.901695190874773,0.8659338497036521,6.831875060725946e-05,6.512007188301244e-05,0.0002410047248921819,7.702431846886293e-05,0.00015584289916355454,0.9380816235637472,0.7799980901393937,0.924032702984985,0.9021659426535188,0.912793866584042
scda,15%,14, 10%~20%,52152.0,0.9330545154722558,0.775541601095299,0.923291241552307,0.89564682421767,0.9089510127228465,0.00013749612022399246,0.00033979788230773737,0.0002953032529704721,0.0001147046393334775,0.0001968605811132737,0.9380816235637472,0.7799980901393937,0.924032702984985,0.9021659426535188,0.912793866584042
scda,15%,14, 20%~30%,38399.0,0.9229367557709441,0.7758254380594384,0.9366909982027707,0.9015039372289279,0.9175930869593651,8.857596048668313e-05,0.0005344751022448145,0.0001942075176111003,1.74491429098104e-05,8.650539553290206e-05,0.9380816235637472,0.7799980901393937,0.924032702984985,0.9021659426535188,0.912793866584042
scda,15%,14, 30%~40%,34585.0,0.9169181331896382,0.7637540974671043,0.9349997753809202,0.9066579140200814,0.9183597168430988,7.075505313298886e-05,0.00023947679020700535,7.404468588397605e-05,0.00011091458190314831,9.566937269643159e-05,0.9380816235637472,0.7799980901393937,0.924032702984985,0.9021659426535188,0.912793866584042
scda,15%,14, 40%~50%,29674.0,0.9128282385763683,0.7481470204959293,0.9295023560266884,0.9085015782481013,0.9154567268114162,8.527423932497376e-05,0.00021471399927865424,4.4533990440015e-05,0.00010528022531267169,8.629135131096364e-05,0.9380816235637472,0.7799980901393937,0.924032702984985,0.9021659426535188,0.912793866584042
scda,15%,14, Overall,281546.0,0.9380816235637472,0.7799980901393937,0.924032702984985,0.9021659426535188,0.912793866584042,6.007044431812988e-05,5.8811708503778524e-05,8.740455140240088e-05,8.827483007059311e-05,8.054510979408141e-05,0.9380816235637472,0.7799980901393937,0.924032702984985,0.9021659426535188,0.912793866584042
scda,25%,14, 0.1%~0.5%,10844.0,0.9433732380984319,0.3453174845705866,0.5572795414362932,0.9220343676616433,0.6674586476618942,0.00029550827419013847,0.0016281502017625026,0.000907892602300875,0.0006218201156406655,0.0008409163574361032,0.9064914361375687,0.6708112644659628,0.8885674209165098,0.8523096480109748,0.8695526667288712
scda,25%,14, 0.5%~1%,11629.0,0.9437163361189502,0.362679311459616,0.5811909407334551,0.9050962460739486,0.6863542533889584,4.595867703898602e-05,0.00159442441202562,9.296065959935466e-05,0.0007979816562056798,0.00010570404007555543,0.9064914361375687,0.6708112644659628,0.8885674209165098,0.8523096480109748,0.8695526667288712
scda,25%,14, 1%~10%,104263.0,0.9315217287052932,0.5732153203589521,0.7672959754420678,0.8449795458205073,0.8025508752816766,3.62981265551045e-05,0.00040046023329857176,0.00010274552417062988,6.262696601349543e-05,8.890709473649799e-05,0.9064914361375687,0.6708112644659628,0.8885674209165098,0.8523096480109748,0.8695526667288712
scda,25%,14, 10%~20%,52152.0,0.8998611866478871,0.6667382755454027,0.8882184896544979,0.8449691627108548,0.8652569033027465,5.354061108580981e-05,0.0005200129418575037,0.00010927404836825367,0.00010643618527222171,8.030650458204441e-05,0.9064914361375687,0.6708112644659628,0.8885674209165098,0.8523096480109748,0.8695526667288712
scda,25%,14, 20%~30%,38399.0,0.88461524802966,0.669650399068161,0.9086541003913551,0.8531453698376016,0.8772220990871702,0.00015581290563253833,0.0006460537535977901,0.00010718865860933316,0.0001820462147816566,0.00015117314681470042,0.9064914361375687,0.6708112644659628,0.8885674209165098,0.8523096480109748,0.8695526667288712
scda,25%,14, 30%~40%,34585.0,0.874242862337412,0.6536277046992583,0.9071742466383491,0.8590289423567298,0.8771263611804666,9.596155455210634e-05,0.0010174363841657596,7.212254617487506e-05,6.417962762938764e-05,7.153287202853549e-05,0.9064914361375687,0.6708112644659628,0.8885674209165098,0.8523096480109748,0.8695526667288712
scda,25%,14, 40%~50%,29674.0,0.8680252174641202,0.6359946149498114,0.9008065809888798,0.8617051743885514,0.873085471243125,0.00014307618516408495,0.0006698986518091035,0.00012513184178208504,0.000124980616620614,0.00011758400249710978,0.9064914361375687,0.6708112644659628,0.8885674209165098,0.8523096480109748,0.8695526667288712
scda,25%,14, Overall,281546.0,0.9064914361375687,0.6708112644659628,0.8885674209165098,0.8523096480109748,0.8695526667288712,4.6513076980038975e-05,0.00037573913957438296,3.219614948250604e-05,6.168321707711564e-05,4.750449039487196e-05,0.9064914361375687,0.6708112644659628,0.8885674209165098,0.8523096480109748,0.8695526667288712
scda,5%,15, 0.1%~0.5%,9720.0,0.9878639792991647,0.7492246174121276,0.8257339404118453,0.9687627030795746,0.8890463275667123,1.8161834701568685e-05,0.0013503510875241672,0.00032108121090822884,0.0007574576397848538,0.00032991044951850276,0.978061919334543,0.926865332618256,0.9682075521088612,0.9631292038213641,0.9656482772985348
scda,5%,15, 0.5%~1%,10467.0,0.9874244016548402,0.8287832763943195,0.8609721465017053,0.9686880206320029,0.9098171214027572,3.163983340777293e-05,0.00095859660753025,0.0006028537261990989,0.000867513785806459,0.0006497771059358412,0.978061919334543,0.926865332618256,0.9682075521088612,0.9631292038213641,0.9656482772985348
scda,5%,15, 1%~10%,92630.0,0.9858792229757359,0.9087280129994996,0.9369669158605571,0.9709531852172472,0.9534076716696508,4.161385156784438e-05,0.00035092953859299885,0.00019618903139363364,6.950193109918263e-05,0.00013444640729844487,0.978061919334543,0.926865332618256,0.9682075521088612,0.9631292038213641,0.9656482772985348
scda,5%,15, 10%~20%,47062.0,0.9762094941167229,0.9246071715843979,0.9670697472891785,0.9598356602789115,0.9634160042293409,2.7591429006684683e-05,0.00017996712392377622,2.4985284461387817e-05,0.00011951306580550927,7.248253499525296e-05,0.978061919334543,0.926865332618256,0.9682075521088612,0.9631292038213641,0.9656482772985348
scda,5%,15, 20%~30%,32185.0,0.9694345191859561,0.9183860243359169,0.9713097422636144,0.9591104486006126,0.965017470958768,0.00010078594782974556,0.00024407448376184365,7.385344225784361e-05,0.00017235980319714404,0.0001127932384478983,0.978061919334543,0.926865332618256,0.9682075521088612,0.9631292038213641,0.9656482772985348
scda,5%,15, 30%~40%,30542.0,0.9685128079961425,0.9143175961107293,0.9717628989239645,0.9636666276715125,0.967486294061985,7.016969320405184e-05,0.00012698655014801145,7.402664667146726e-05,0.00010386829531166121,8.877334974955992e-05,0.978061919334543,0.926865332618256,0.9682075521088612,0.9631292038213641,0.9656482772985348
scda,5%,15, 40%~50%,26690.0,0.9682871237667041,0.9120813132927363,0.9706566821444879,0.9659826985864582,0.9680352676694272,3.57066703719274e-05,0.00024531621165017767,2.0106476896130493e-05,4.132989370185514e-05,3.205162806945791e-05,0.978061919334543,0.926865332618256,0.9682075521088612,0.9631292038213641,0.9656482772985348
scda,5%,15, Overall,249296.0,0.978061919334543,0.926865332618256,0.9682075521088612,0.9631292038213641,0.9656482772985348,1.8674607303381555e-05,0.00012104624952155982,2.202147244572559e-05,3.672730659945119e-05,2.8364100341366206e-05,0.978061919334543,0.926865332618256,0.9682075521088612,0.9631292038213641,0.9656482772985348
scda,15%,15, 0.1%~0.5%,9720.0,0.9630674024192544,0.4525370458281795,0.636308846334906,0.944305363986428,0.7442510198902715,0.00011158205616772155,0.001972298787433712,0.0005338963128850435,0.00023525165317135347,0.0005089066015438428,0.9383892313482037,0.779946507957053,0.9242528449729428,0.9014228306320305,0.9125036979537255
scda,15%,15, 0.5%~1%,10467.0,0.9622869566979628,0.5637572312654965,0.6958738858989107,0.9403693710844406,0.7883144848836606,0.000155144773900727,0.0025053846411638605,0.0008086572321417832,0.0007021352538348363,0.0007407759483713323,0.9383892313482037,0.779946507957053,0.9242528449729428,0.9014228306320305,0.9125036979537255
scda,15%,15, 1%~10%,92630.0,0.9556228919880004,0.7196227312528792,0.8433947788469399,0.9038880870932539,0.8716113917204628,7.885890186172165e-05,0.0005238623458010408,0.00021463188444201454,0.00014084781166168718,0.00013584153023044827,0.9383892313482037,0.779946507957053,0.9242528449729428,0.9014228306320305,0.9125036979537255
scda,15%,15, 10%~20%,47062.0,0.9346131730805141,0.7750381602231703,0.9238826140611293,0.8951879975211114,0.909001309447146,0.00013164325938064877,0.0007772508028854691,0.00011645830544609057,0.00014876390823139864,0.00012450251228726303,0.9383892313482037,0.779946507957053,0.9242528449729428,0.9014228306320305,0.9125036979537255
scda,15%,15, 20%~30%,32185.0,0.9219126169258217,0.7741020366299781,0.9357351357611083,0.9002160173685066,0.9164189847234722,0.00016161361284742218,0.0003024342743995719,0.00021836264441088007,0.0002219180960129908,0.00021722722718172697,0.9383892313482037,0.779946507957053,0.9242528449729428,0.9014228306320305,0.9125036979537255
scda,15%,15, 30%~40%,30542.0,0.9156829244577264,0.7592997812506388,0.9347161496043018,0.9040532500665202,0.9168397036568982,6.501827003510996e-05,0.0007055270915934048,0.00014815322656096515,7.183150710362199e-05,9.266264708856639e-05,0.9383892313482037,0.779946507957053,0.9242528449729428,0.9014228306320305,0.9125036979537255
scda,15%,15, 40%~50%,26690.0,0.9127294866991383,0.7488363251278344,0.9296176810334559,0.907472838219701,0.9151665593599839,0.00015391465158127014,0.00018201152772885927,8.358045260208707e-05,0.00020280649220943368,0.00015135868491497707,0.9383892313482037,0.779946507957053,0.9242528449729428,0.9014228306320305,0.9125036979537255
scda,15%,15, Overall,249296.0,0.9383892313482037,0.779946507957053,0.9242528449729428,0.9014228306320305,0.9125036979537255,7.478197843456656e-05,0.00024088488581777926,0.00012238984790060247,8.948879390910796e-05,0.00010413376510925377,0.9383892313482037,0.779946507957053,0.9242528449729428,0.9014228306320305,0.9125036979537255
scda,25%,15, 0.1%~0.5%,9720.0,0.9436299725651578,0.3199311274466819,0.5529722379295064,0.9143380981973394,0.6621100222052312,6.103246025213636e-05,0.0008680630671401796,0.0003494542368957607,0.0005885042365986006,0.0004301067251362608,0.9068423954583379,0.6702582738113342,0.8888687480198874,0.8509731876123107,0.8689517780228408
scda,25%,15, 0.5%~1%,10467.0,0.9429107642779182,0.4214095962591562,0.6135961991381385,0.9041716456485375,0.7120094014002466,0.00021420696449840884,0.0006873685898383602,0.0009515596449919785,0.0004919330938542894,0.0009257135281115933,0.9068423954583379,0.6702582738113342,0.8888687480198874,0.8509731876123107,0.8689517780228408
scda,25%,15, 1%~10%,92630.0,0.9322163118827267,0.5894489249633104,0.7785331242407874,0.847748059290928,0.810131883348542,3.267958609787214e-05,0.00035644968729800524,8.336670962095195e-05,9.566674072852012e-05,9.18357121067089e-05,0.9068423954583379,0.6702582738113342,0.8888687480198874,0.8509731876123107,0.8689517780228408
scda,25%,15, 10%~20%,47062.0,0.9020928871392092,0.6653059897358475,0.8890664667889124,0.8440474567051214,0.8651652144225127,0.00012157841787681355,0.00038472446866982053,0.0002694442933504654,0.00011031193840413387,0.00017466416640835234,0.9068423954583379,0.6702582738113342,0.8888687480198874,0.8509731876123107,0.8689517780228408
scda,25%,15, 20%~30%,32185.0,0.8826660264286487,0.6657528433104357,0.9070547827176315,0.8506194701546761,0.8749754831949982,0.00011535116593549965,0.0006843249737477855,0.00011237520146631028,0.0002496490420519505,0.00018579523695113451,0.9068423954583379,0.6702582738113342,0.8888687480198874,0.8509731876123107,0.8689517780228408
scda,25%,15, 30%~40%,30542.0,0.8724245599204673,0.6477213762566641,0.9067494626056186,0.8551456021338216,0.8747810420111845,8.119906483232672e-05,0.0005025217026887104,4.58148589564747e-05,6.884990388113417e-05,5.957061004325363e-05,0.9068423954583379,0.6702582738113342,0.8888687480198874,0.8509731876123107,0.8689517780228408
scda,25%,15, 40%~50%,26690.0,0.8681514470293039,0.6373457149198227,0.9009870878084291,0.860474576098031,0.8728886192517544,7.536059709843387e-05,0.0006887282181659731,3.390711017431139e-05,6.569379133049161e-05,6.437292337173667e-05,0.9068423954583379,0.6702582738113342,0.8888687480198874,0.8509731876123107,0.8689517780228408
scda,25%,15, Overall,249296.0,0.9068423954583379,0.6702582738113342,0.8888687480198874,0.8509731876123107,0.8689517780228408,4.21612074274554e-05,0.00017506145774685904,3.397844210683801e-05,8.381445530225932e-05,6.147108602512329e-05,0.9068423954583379,0.6702582738113342,0.8888687480198874,0.8509731876123107,0.8689517780228408
scda,5%,16, 0.1%~0.5%,10055.0,0.9878750207193768,0.746450609793047,0.8213835646741708,0.9683375150869543,0.886159086145085,8.464296678462582e-05,0.002396478532924099,0.0007761142901373175,0.000533636329199709,0.0005037757546023753,0.9782660540004638,0.9274022667978888,0.9685512968267581,0.9637871972009702,0.9661510335925586
scda,5%,16, 0.5%~1%,10323.0,0.9879967944484074,0.7976667909290883,0.8508651379395049,0.9688161699623935,0.9042824930312264,0.00011693457438283672,0.002499655238062254,0.0010694779143062402,0.00048132551464473693,0.0004463809663913583,0.9782660540004638,0.9274022667978888,0.9685512968267581,0.9637871972009702,0.9661510335925586
scda,5%,16, 1%~10%,94391.0,0.9863165883496211,0.9029064804526127,0.9341905956820655,0.9714921150865815,0.9522315748073158,6.747842692259459e-05,0.0004669264626429337,0.000370344792222147,3.9847982213290824e-05,0.00021471057277745118,0.9782660540004638,0.9274022667978888,0.9685512968267581,0.9637871972009702,0.9661510335925586
scda,5%,16, 10%~20%,51188.0,0.9771638002277996,0.9254988577295561,0.9669863309540045,0.9615893962821911,0.9642629565729041,9.209610945295189e-05,0.0004365222212990351,0.0002460032733860102,0.00013058078549228833,0.0001867535396699505,0.9782660540004638,0.9274022667978888,0.9685512968267581,0.9637871972009702,0.9661510335925586
scda,5%,16, 20%~30%,36015.0,0.9694340321162477,0.9187250160413306,0.9710220860890262,0.9593644335864119,0.96501471335683,2.1726219014314356e-05,0.00019357973049173997,1.033622238780238e-05,1.754959556745993e-05,1.4365165763378142e-05,0.9782660540004638,0.9274022667978888,0.9685512968267581,0.9637871972009702,0.9661510335925586
scda,5%,16, 30%~40%,30726.0,0.9685914012217468,0.9141390129592625,0.9717212073903315,0.9643837522122052,0.9678152540594492,6.757548323157578e-05,0.00029201024425972626,8.028426510667798e-05,9.565838661594812e-05,8.791332284349912e-05,0.9782660540004638,0.9274022667978888,0.9685512968267581,0.9637871972009702,0.9661510335925586
scda,5%,16, 40%~50%,29247.0,0.9685147712637711,0.9121467966128948,0.9707617155343412,0.9664847059024183,0.9683330949505619,5.201410877877172e-05,0.0003687892767600448,4.7231411570154865e-05,7.41711247918989e-05,6.130242467518767e-05,0.9782660540004638,0.9274022667978888,0.9685512968267581,0.9637871972009702,0.9661510335925586
scda,5%,16, Overall,261945.0,0.9782660540004638,0.9274022667978888,0.9685512968267581,0.9637871972009702,0.9661510335925586,2.9581443996230407e-05,0.0001780489783012904,6.541043471831973e-05,4.7253276426858606e-05,5.460963053198228e-05,0.9782660540004638,0.9274022667978888,0.9685512968267581,0.9637871972009702,0.9661510335925586
scda,15%,16, 0.1%~0.5%,10055.0,0.9624723113783281,0.44322169311211895,0.6271918314344246,0.9440545690693041,0.7364188287931536,0.00034087026972261664,0.0028629357253450844,0.0016432629408674945,0.00025245259991607896,0.0013643987375202712,0.9386110431463464,0.7810415815735349,0.9244895884831298,0.9024913128786326,0.9131818072648797
scda,15%,16, 0.5%~1%,10323.0,0.9633093504061246,0.5149737486586181,0.6728743242506319,0.9411982146853949,0.7725132598611602,0.00011938222802587116,0.0021491293827254677,0.0006986067376166369,0.0003518313106979764,0.0005413235585728478,0.9386110431463464,0.7810415815735349,0.9244895884831298,0.9024913128786326,0.9131818072648797
scda,15%,16, 1%~10%,94391.0,0.9561979939664252,0.702447746332442,0.8335614220654236,0.9033798746527134,0.8660217002122464,4.937905402617519e-05,0.00016069688798253293,0.00027136876733165993,0.00016490504199284377,0.00017405912174343208,0.9386110431463464,0.7810415815735349,0.9244895884831298,0.9024913128786326,0.9131818072648797
scda,15%,16, 10%~20%,51188.0,0.9367124989048096,0.7771622064854041,0.9236638546079856,0.8978570931088204,0.9103433400745464,8.036738363256838e-05,0.00040644974914183827,0.0002007446316167022,0.00015350000018076127,0.0001743137886022455,0.9386110431463464,0.7810415815735349,0.9244895884831298,0.9024913128786326,0.9131818072648797
scda,15%,16, 20%~30%,36015.0,0.922180993609565,0.7751013268633044,0.9355232743937375,0.9010714334429415,0.9168094332725768,0.00015423121493834155,0.0006142945562293611,0.0002441896883008535,8.555401947368167e-05,0.00014825324125123323,0.9386110431463464,0.7810415815735349,0.9244895884831298,0.9024913128786326,0.9131818072648797
scda,15%,16, 30%~40%,30726.0,0.915487870306265,0.7604072518446671,0.9339601363258353,0.905381694972926,0.9170155725568234,4.3649217980300356e-05,0.00015876662124119446,4.881623087576943e-05,7.151539858435161e-05,4.856628925990563e-05,0.9386110431463464,0.7810415815735349,0.9244895884831298,0.9024913128786326,0.9131818072648797
scda,15%,16, 40%~50%,29247.0,0.9127778969301176,0.7480041065734349,0.9292439691461428,0.9081792156501857,0.9152570479746114,7.5398166334247e-05,0.0006584624439683616,2.8601394357726277e-05,5.3326311344930174e-05,4.727658670252243e-05,0.9386110431463464,0.7810415815735349,0.9244895884831298,0.9024913128786326,0.9131818072648797
scda,15%,16, Overall,261945.0,0.9386110431463464,0.7810415815735349,0.9244895884831298,0.9024913128786326,0.9131818072648797,1.5033226426922828e-05,6.160072402646317e-05,1.5171059549859489e-05,3.829236593712346e-05,2.6580340091105034e-05,0.9386110431463464,0.7810415815735349,0.9244895884831298,0.9024913128786326,0.9131818072648797
scda,25%,16, 0.1%~0.5%,10055.0,0.943454183807242,0.31374826598112965,0.5468787988756898,0.9148839149359809,0.6562317609308198,0.00028245557346979604,0.0018242499614048488,0.0009827847348973131,0.0006901172705386523,0.0010459953083494517,0.9072382763672922,0.6718524461840634,0.8891743572007398,0.8527349488656545,0.8700628339554953
scda,25%,16, 0.5%~1%,10323.0,0.9444708638257024,0.37506010968537185,0.5896221966852438,0.9051044630749051,0.6935565931503554,0.0002650272769573252,0.000880368244368369,0.0012144535384272718,0.0002836915765251701,0.0011675505095255544,0.9072382763672922,0.6718524461840634,0.8891743572007398,0.8527349488656545,0.8700628339554953
scda,25%,16, 1%~10%,94391.0,0.9331327492380982,0.5677798842766203,0.7655104454553866,0.8474601291340131,0.8027150780868194,6.564295010419293e-05,0.0005030592257906061,0.00016037729936455258,0.000180881394433691,0.00017457199140428028,0.9072382763672922,0.6718524461840634,0.8891743572007398,0.8527349488656545,0.8700628339554953
scda,25%,16, 10%~20%,51188.0,0.9052817184898924,0.669266706274073,0.8887841614839466,0.8477704370678354,0.8671615407929267,5.2448576880973184e-05,0.0001779305733804948,6.827582218193016e-05,0.0001243457421715876,7.473443945916903e-05,0.9072382763672922,0.6718524461840634,0.8891743572007398,0.8527349488656545,0.8700628339554953
scda,25%,16, 20%~30%,36015.0,0.8835121308882242,0.6683506206680218,0.9070351213647513,0.852540332250284,0.8761375863982174,0.00011772821630674421,0.0002674895056382875,0.00023245044697147878,0.0001677553678762977,0.00018837112019827413,0.9072382763672922,0.6718524461840634,0.8891743572007398,0.8527349488656545,0.8700628339554953
scda,25%,16, 30%~40%,30726.0,0.8718312296959047,0.648444293324783,0.9054750372679544,0.8569661988265965,0.8748676447589702,0.0001772090486390867,0.00042948641034902226,0.0003029265578190616,0.00020375637871669183,0.00023062285917587792,0.9072382763672922,0.6718524461840634,0.8891743572007398,0.8527349488656545,0.8700628339554953
scda,25%,16, 40%~50%,29247.0,0.8679131555580422,0.6353535875356048,0.9003236377459437,0.8612462170657965,0.872796484788469,0.00022041204325630283,0.0007073289180151902,0.0001902292043948818,0.0002089400937920185,0.00020398029900572912,0.9072382763672922,0.6718524461840634,0.8891743572007398,0.8527349488656545,0.8700628339554953
scda,25%,16, Overall,261945.0,0.9072382763672922,0.6718524461840634,0.8891743572007398,0.8527349488656545,0.8700628339554953,7.208469076046307e-05,0.00024190218660571322,0.00012868241708045917,7.816198139268711e-05,9.967401358808462e-05,0.9072382763672922,0.6718524461840634,0.8891743572007398,0.8527349488656545,0.8700628339554953
scda,5%,17, 0.1%~0.5%,8535.0,0.9874003656956205,0.7252612911279925,0.8101751364126398,0.9670765299660119,0.8785160437607781,7.24531797310561e-05,0.0020613035505432985,0.0005636427953668253,0.00030550376092147355,0.0004457123769934701,0.9787177033637479,0.9280995015127477,0.9697006098846496,0.9648926933934381,0.9672795835551868
scda,5%,17, 0.5%~1%,8670.0,0.987657719059103,0.7653891037521975,0.8369174148114222,0.9680552455711501,0.8955897142618551,0.00012042142315279975,0.003333121451887604,0.0012426459867004077,0.0003919017552615795,0.0006817312836687308,0.9787177033637479,0.9280995015127477,0.9697006098846496,0.9648926933934381,0.9672795835551868
scda,5%,17, 1%~10%,81847.0,0.986341755181786,0.8982122624402707,0.9325098893231084,0.9718466661095683,0.9515152133784218,2.1503620276547062e-05,0.0002821100061075102,9.298481339219701e-05,0.0002309875196768469,0.00013299949070058877,0.9787177033637479,0.9280995015127477,0.9697006098846496,0.9648926933934381,0.9672795835551868
scda,5%,17, 10%~20%,40198.0,0.9771498506634583,0.9262419026024863,0.9687246811373674,0.9617861463209881,0.9652185067357705,1.2130510821282405e-05,0.00029433269752857127,7.537734494771872e-05,4.766485680641665e-05,4.9861635853505756e-05,0.9787177033637479,0.9280995015127477,0.9697006098846496,0.9648926933934381,0.9672795835551868
scda,5%,17, 20%~30%,29448.0,0.9708062697060252,0.9214699843931117,0.9731465132992144,0.9614540697933829,0.9671194405519933,5.1485838452352435e-05,0.00040629554665935,9.294669099414497e-05,2.846912958871529e-05,5.9115215353758486e-05,0.9787177033637479,0.9280995015127477,0.9697006098846496,0.9648926933934381,0.9672795835551868
scda,5%,17, 30%~40%,26977.0,0.9699168539754965,0.9174101586053497,0.9730416801493874,0.9661223921817741,0.9693557031933184,7.203146731729643e-05,0.00047923518677174336,5.826975256878113e-05,5.21833807873537e-05,5.572996797828719e-05,0.9787177033637479,0.9280995015127477,0.9697006098846496,0.9648926933934381,0.9672795835551868
scda,5%,17, 40%~50%,24833.0,0.9689645010488244,0.9117066128250372,0.9713259283999157,0.9673227033433438,0.9689982153889124,0.0001653534145353787,0.000676103315530057,0.000151313049738586,0.000167916184571184,0.00016432187271130179,0.9787177033637479,0.9280995015127477,0.9697006098846496,0.9648926933934381,0.9672795835551868
scda,5%,17, Overall,220508.0,0.9787177033637479,0.9280995015127477,0.9697006098846496,0.9648926933934381,0.9672795835551868,3.2325571730445443e-05,0.000216525280337465,4.092910011614129e-05,6.284259386356762e-05,5.0497505779433676e-05,0.9787177033637479,0.9280995015127477,0.9697006098846496,0.9648926933934381,0.9672795835551868
scda,15%,17, 0.1%~0.5%,8535.0,0.9608750066570805,0.4161970496116891,0.6119207824026237,0.9423563708291859,0.7225802449851763,8.959154199957615e-05,0.0011806144174860067,0.00035211756563141556,0.000512421190326362,0.00020353564585206844,0.9392357303328787,0.7824341138135426,0.9256954451083086,0.9041494098012155,0.914626606357551
scda,15%,17, 0.5%~1%,8670.0,0.9619359686833735,0.4675590730078411,0.6500618191950392,0.9415303970844637,0.7547912406537041,0.00041532232080617316,0.0034592750434277553,0.0021266106107723686,0.00018414267061142459,0.001710884175802167,0.9392357303328787,0.7824341138135426,0.9256954451083086,0.9041494098012155,0.914626606357551
scda,15%,17, 1%~10%,81847.0,0.9563054827725495,0.6913958838283984,0.8292402175889414,0.9042395782607243,0.864010061201599,8.75754973366001e-05,0.00018925979746124268,0.0005175369192485803,9.099507472672925e-05,0.0003284232922806853,0.9392357303328787,0.7824341138135426,0.9256954451083086,0.9041494098012155,0.914626606357551
scda,15%,17, 10%~20%,40198.0,0.93634294333956,0.7794460986838253,0.9262771416941394,0.8981705909943093,0.9117166445936947,0.00013143061180435233,0.0006588744174094417,0.00015255823707669095,0.0002653004461607091,0.0001740205864543765,0.9392357303328787,0.7824341138135426,0.9256954451083086,0.9041494098012155,0.914626606357551
scda,15%,17, 20%~30%,29448.0,0.9237433421418751,0.7800821162091358,0.9380738900275903,0.9034266507540106,0.9192252625056977,3.8990626660648325e-05,0.0008488109805599261,7.332609091101007e-05,5.454670247315812e-05,1.8946728597920926e-05,0.9392357303328787,0.7824341138135426,0.9256954451083086,0.9041494098012155,0.914626606357551
scda,15%,17, 30%~40%,26977.0,0.9186029401027361,0.7676305464069828,0.9363340960246976,0.9094444717877611,0.9203873644790478,0.00022650394034021324,0.0008825332209372369,0.00022168183284520133,0.00020434130967564055,0.00021083201347344536,0.9392357303328787,0.7824341138135426,0.9256954451083086,0.9041494098012155,0.914626606357551
scda,15%,17, 40%~50%,24833.0,0.9130812006018384,0.7482166381150915,0.9299545271192443,0.9091172687524433,0.9157778972473669,0.00021004889786564076,0.0005141677748896147,0.00016723306019826315,0.00021463612557832048,0.00019788977013874184,0.9392357303328787,0.7824341138135426,0.9256954451083086,0.9041494098012155,0.914626606357551
scda,15%,17, Overall,220508.0,0.9392357303328787,0.7824341138135426,0.9256954451083086,0.9041494098012155,0.914626606357551,5.60319531301391e-05,0.0003230743935410766,0.00010263638091852182,8.462441186725495e-05,8.086323466310495e-05,0.9392357303328787,0.7824341138135426,0.9256954451083086,0.9041494098012155,0.914626606357551
scda,25%,17, 0.1%~0.5%,8535.0,0.941018267028812,0.29163317193811955,0.5322422216211756,0.9125474051831385,0.6409895627319956,0.0003338325075701637,0.002506836534764209,0.001035062134280859,0.000748124140554068,0.0012047570746821167,0.907806787467616,0.6737143292049538,0.8903669171196654,0.8542978034428345,0.8714623087634444
scda,25%,17, 0.5%~1%,8670.0,0.9420712313445877,0.33061051152706666,0.5657218782492769,0.9031837896855968,0.6718608443524438,3.568658532844458e-05,0.0009183474399607174,0.00019859080724071704,8.09996435142298e-05,0.00018774926936113785,0.907806787467616,0.6737143292049538,0.8903669171196654,0.8542978034428345,0.8714623087634444
scda,25%,17, 1%~10%,81847.0,0.9331122630510512,0.5546539727592003,0.7594301969468362,0.8469383053845109,0.7990255420687079,0.00013445570897327203,0.0009683997135561635,0.00041511503535820885,0.0002848636472602085,0.00036710625754702794,0.907806787467616,0.6737143292049538,0.8903669171196654,0.8542978034428345,0.8714623087634444
scda,25%,17, 10%~20%,40198.0,0.9042934444198188,0.6714326303731187,0.8917632310573773,0.8476005669006813,0.86835966278001,0.0001472183666030949,0.00037687856163428967,0.0003597823279648914,9.861770276935314e-05,0.00020593212234149848,0.907806787467616,0.6737143292049538,0.8903669171196654,0.8542978034428345,0.8714623087634444
scda,25%,17, 20%~30%,29448.0,0.8852535645781368,0.6754804943539404,0.910136457422911,0.8550139779671518,0.8788093429924736,0.0001916312259527019,0.0010402112145938855,8.583654483334005e-05,0.0002682213093495907,0.0001796003847455782,0.907806787467616,0.6737143292049538,0.8903669171196654,0.8542978034428345,0.8714623087634444
scda,25%,17, 30%~40%,26977.0,0.87644806294026,0.6597025119746599,0.9088868586642693,0.8628097208771971,0.8798192926131057,5.797954479704742e-05,0.0004356847716963165,7.492884565409148e-05,0.00011051963891768208,5.0925344377566466e-05,0.907806787467616,0.6737143292049538,0.8903669171196654,0.8542978034428345,0.8714623087634444
scda,25%,17, 40%~50%,24833.0,0.8675229319734615,0.6349709985619091,0.901175069892795,0.8616885121262069,0.872756075934683,0.00020458522129994267,0.0010106829198271879,0.00023186677605063167,0.00016548833178974063,0.00018373359086794387,0.907806787467616,0.6737143292049538,0.8903669171196654,0.8542978034428345,0.8714623087634444
scda,25%,17, Overall,220508.0,0.907806787467616,0.6737143292049538,0.8903669171196654,0.8542978034428345,0.8714623087634444,3.103624347428741e-05,6.558466041742303e-05,8.400025056258194e-05,9.17450725902872e-05,4.308330580577928e-05,0.907806787467616,0.6737143292049538,0.8903669171196654,0.8542978034428345,0.8714623087634444
scda,5%,18, 0.1%~0.5%,9335.0,0.9876207170797423,0.7178766852036182,0.807762849523268,0.9699235175533345,0.8778493564893539,0.00020209385922960725,0.0030200561800946975,0.0025869682257175742,0.0010247055986707806,0.002014615990909834,0.9777857478829165,0.9268405449178392,0.9683655097842574,0.9634058593329242,0.9658665611560912
scda,5%,18, 0.5%~1%,10132.0,0.9872030111617557,0.7932535807691549,0.8476153842718408,0.9661196411099473,0.9011552433949063,0.0001002149261730655,0.0005208404316773939,0.0010817221381978779,0.00011112086057399753,0.000677920915706863,0.9777857478829165,0.9268405449178392,0.9683655097842574,0.9634058593329242,0.9658665611560912
scda,5%,18, 1%~10%,90120.0,0.9854939205638272,0.9101325740029081,0.9366140777749372,0.9715882866620996,0.9535007979137644,5.1822436291232627e-05,0.0002826829528153954,0.00021450939705071456,4.031197380653832e-05,0.0001250743169971508,0.9777857478829165,0.9268405449178392,0.9683655097842574,0.9634058593329242,0.9658665611560912
scda,5%,18, 10%~20%,47158.0,0.9768187408672587,0.9258813960946242,0.9674543708383078,0.9610369416819355,0.9642150315791279,3.0362148136485268e-05,0.0003340995678855474,4.517072035615775e-05,8.20823110015959e-05,5.484796085985755e-05,0.9777857478829165,0.9268405449178392,0.9683655097842574,0.9634058593329242,0.9658665611560912
scda,5%,18, 20%~30%,34083.0,0.9690539316232476,0.9176154204118895,0.970666223008247,0.9588690458663628,0.964584889869763,0.0001265140158177249,0.0005744237301612663,0.00011707429729792265,0.00014004786272481983,0.00012926382689488556,0.9777857478829165,0.9268405449178392,0.9683655097842574,0.9634058593329242,0.9658665611560912
scda,5%,18, 30%~40%,29152.0,0.9679594726075242,0.9129259925638779,0.971126282565081,0.9636712024691109,0.967154605815082,3.0802106615358375e-05,0.000133784474220822,1.6750396542214193e-05,6.470643682175071e-05,3.3239569397554515e-05,0.9777857478829165,0.9268405449178392,0.9683655097842574,0.9634058593329242,0.9658665611560912
scda,5%,18, 40%~50%,27219.0,0.9685193720518309,0.9124774023951768,0.970759618598026,0.9666603625994855,0.9684070989177097,8.44663481809931e-05,0.00044189876104165865,6.546208146561165e-05,8.874496421388299e-05,7.97821402784267e-05,0.9777857478829165,0.9268405449178392,0.9683655097842574,0.9634058593329242,0.9658665611560912
scda,5%,18, Overall,247199.0,0.9777857478829165,0.9268405449178392,0.9683655097842574,0.9634058593329242,0.9658665611560912,2.3413282268306538e-05,3.8133607732776195e-05,3.784991230730472e-05,3.379345920069476e-05,3.134938194195755e-05,0.9777857478829165,0.9268405449178392,0.9683655097842574,0.9634058593329242,0.9658665611560912
scda,15%,18, 0.1%~0.5%,9335.0,0.9617543945074744,0.4103075826098683,0.611046229212095,0.9466651968473453,0.7225865317864111,0.00025930811619406444,0.002760815762237008,0.0014935798640566455,0.0010207655913125006,0.0015540117984523462,0.937642222245922,0.7800460221071761,0.9242759398916389,0.9022989102995891,0.9129745967172344
scda,15%,18, 0.5%~1%,10132.0,0.9614161253274952,0.5093712986069363,0.6702993520800175,0.9390588038279503,0.7696265247589782,0.00024527037527966034,0.0029292722150846165,0.0012580688126749627,0.0008332422530227991,0.0011399132293836154,0.937642222245922,0.7800460221071761,0.9242759398916389,0.9022989102995891,0.9129745967172344
scda,15%,18, 1%~10%,90120.0,0.9541577559886482,0.7237893640498315,0.8413317482258957,0.9040194753915382,0.8704405774349001,3.293392666058529e-05,0.0005261663495290513,0.00020135050701119316,0.00020582844147598491,9.124503474898384e-05,0.937642222245922,0.7800460221071761,0.9242759398916389,0.9022989102995891,0.9129745967172344
scda,15%,18, 10%~20%,47158.0,0.9357222078711539,0.7774708410492491,0.9241206211353804,0.8971489944920568,0.9101702287752444,0.00010876916257496806,0.000324668114352468,0.0002459235664144569,0.00010902056649483114,0.0001719001927023191,0.937642222245922,0.7800460221071761,0.9242759398916389,0.9022989102995891,0.9129745967172344
scda,15%,18, 20%~30%,34083.0,0.9215284612696814,0.7717316883349272,0.9349190069766872,0.9001665418674186,0.9160598147922622,0.0001691190984176877,0.0004852990640172707,0.00027805259407345735,0.00018406583440890186,0.00022224647934316607,0.937642222245922,0.7800460221071761,0.9242759398916389,0.9022989102995891,0.9129745967172344
scda,15%,18, 30%~40%,29152.0,0.914939564414729,0.7582193139166137,0.933384438105512,0.9049370075443007,0.9165228023549424,0.00010755549219347732,0.0008166075581556992,0.0001023529168723034,7.284863869884383e-05,8.128626829349616e-05,0.937642222245922,0.7800460221071761,0.9242759398916389,0.9022989102995891,0.9129745967172344
scda,15%,18, 40%~50%,27219.0,0.9136601883488251,0.7501133204413422,0.929750085940858,0.9095324025144728,0.9161691467362075,8.765415821309329e-05,0.0004568268217071334,0.00017165188021123874,8.770266710982079e-05,0.00011408497068636342,0.937642222245922,0.7800460221071761,0.9242759398916389,0.9022989102995891,0.9129745967172344
scda,15%,18, Overall,247199.0,0.937642222245922,0.7800460221071761,0.9242759398916389,0.9022989102995891,0.9129745967172344,5.9670178877231606e-05,0.0001498958335463296,0.00011075934273536551,8.612149279606167e-05,9.702054204086634e-05,0.937642222245922,0.7800460221071761,0.9242759398916389,0.9022989102995891,0.9129745967172344
scda,25%,18, 0.1%~0.5%,9335.0,0.94234308808492,0.28717607199525125,0.5322971644199042,0.9199427828995583,0.6420480810178326,0.0001695348917422549,0.002877267721509389,0.0002216009355287772,0.00011605546904068245,0.00028306637511456295,0.9058522596259398,0.6711714828124887,0.8889278477997776,0.8524620965617512,0.8697872257604278
scda,25%,18, 0.5%~1%,10132.0,0.941791832657407,0.36945155428677046,0.587253256776778,0.9023267649488105,0.6904924991995762,0.0002819228565585061,0.0018012737070012472,0.0010434977119545214,0.0004990233963482907,0.0009860877707078106,0.9058522596259398,0.6711714828124887,0.8889278477997776,0.8524620965617512,0.8697872257604278
scda,25%,18, 1%~10%,90120.0,0.9301614682107359,0.5954606255645909,0.7762578122883124,0.8489696373079174,0.8092277656482537,5.765447246650756e-05,0.00028452119360517625,0.0002333039732910781,0.00030112999185435426,3.574924073826658e-05,0.9058522596259398,0.6711714828124887,0.8889278477997776,0.8524620965617512,0.8697872257604278
scda,25%,18, 10%~20%,47158.0,0.9039971366405904,0.6708846774330386,0.8899036732297279,0.8467592672184084,0.8670722577477635,5.1556947304620705e-05,0.00013806894459629767,0.0002149337518916055,0.0002084391263571395,7.141245546666075e-05,0.9058522596259398,0.6711714828124887,0.8889278477997776,0.8524620965617512,0.8697872257604278
scda,25%,18, 20%~30%,34083.0,0.8823340348294137,0.66354412607933,0.9056672015553144,0.8509429380833232,0.8746862214648671,5.319546314793744e-05,0.0002562820670102479,0.00020214207681128763,8.270241901966143e-05,0.0001007703696636687,0.9058522596259398,0.6711714828124887,0.8889278477997776,0.8524620965617512,0.8697872257604278
scda,25%,18, 30%~40%,29152.0,0.8712243351461929,0.6465944264992164,0.9049108566265729,0.856389817207733,0.8742990013525026,0.00019336755321000882,0.00035449733064000914,0.000147262061098265,0.0002212047873200813,0.0001948709231289205,0.9058522596259398,0.6711714828124887,0.8889278477997776,0.8524620965617512,0.8697872257604278
scda,25%,18, 40%~50%,27219.0,0.8692234813694087,0.6391054607770564,0.9010418333166698,0.8631980326313348,0.8741090956022143,0.00032471243481660623,0.0008484955420068594,0.0003991007888128138,0.00035818029116626107,0.0003612256121268898,0.9058522596259398,0.6711714828124887,0.8889278477997776,0.8524620965617512,0.8697872257604278
scda,25%,18, Overall,247199.0,0.9058522596259398,0.6711714828124887,0.8889278477997776,0.8524620965617512,0.8697872257604278,9.181594233303696e-05,0.00013955990676616168,0.0001895385806579094,0.0001199409788306632,0.00012252969408132734,0.9058522596259398,0.6711714828124887,0.8889278477997776,0.8524620965617512,0.8697872257604278
scda,5%,19, 0.1%~0.5%,6837.0,0.9879488168211292,0.6483328408077909,0.7618556452368573,0.9700551670033944,0.843192971270965,0.00016454865153416477,0.0006837324302283915,0.0017477980009895308,0.00033542929714825293,0.0009506372017946795,0.9795146452382903,0.9301963748302243,0.9702013013952033,0.9658393445814449,0.9680058082977938
scda,5%,19, 0.5%~1%,7548.0,0.9887196688667278,0.7040225741455718,0.800259381433642,0.9726201459720318,0.8722668911123087,0.00013362110164164955,0.003044920403292504,0.0017309288169342675,0.00043769747647221614,0.0011103550867657146,0.9795146452382903,0.9301963748302243,0.9702013013952033,0.9658393445814449,0.9680058082977938
scda,5%,19, 1%~10%,68923.0,0.9872791727615228,0.8879704345634806,0.9271966710585394,0.9729215257478101,0.9492258238381903,2.8603367386425983e-05,0.0004729661828088805,0.000137850827351144,0.00014003809769420108,0.00013624190122460143,0.9795146452382903,0.9301963748302243,0.9702013013952033,0.9658393445814449,0.9680058082977938
scda,5%,19, 10%~20%,40538.0,0.9787860847360577,0.9293131314400322,0.9690730862273033,0.9636414255841963,0.9663361539871271,4.6947911936980855e-05,9.910581795688534e-05,0.00010529520992029542,9.502238232811784e-05,0.00010017320102364888,0.9795146452382903,0.9301963748302243,0.9702013013952033,0.9658393445814449,0.9680058082977938
scda,5%,19, 20%~30%,26936.0,0.9706973769473771,0.9213427253808476,0.9727241833031858,0.9612815962613538,0.9668283469633242,7.470411968119744e-05,0.00017139078925182692,0.00011930441420531203,4.4160821760552066e-05,7.877979710329782e-05,0.9795146452382903,0.9301963748302243,0.9702013013952033,0.9658393445814449,0.9680058082977938
scda,5%,19, 30%~40%,23633.0,0.9704140589237699,0.9190887591644831,0.9734994165982753,0.9663946405099301,0.9697412101517968,5.151026007863383e-05,0.00015997813591695468,4.68550325299343e-05,6.329348232660092e-05,5.633517892550496e-05,0.9795146452382903,0.9301963748302243,0.9702013013952033,0.9658393445814449,0.9680058082977938
scda,5%,19, 40%~50%,22028.0,0.9713346924850467,0.9198973009024222,0.9736174390877407,0.9696012091405127,0.9713441989934125,4.295495814141359e-05,0.000445385353237972,1.740672744137225e-05,4.64343019565388e-05,3.3072491148732414e-05,0.9795146452382903,0.9301963748302243,0.9702013013952033,0.9658393445814449,0.9680058082977938
scda,5%,19, Overall,196443.0,0.9795146452382903,0.9301963748302243,0.9702013013952033,0.9658393445814449,0.9680058082977938,3.159674428428021e-05,3.75628539051558e-05,6.992315443562418e-05,5.6619938248687966e-05,6.232838320198549e-05,0.9795146452382903,0.9301963748302243,0.9702013013952033,0.9658393445814449,0.9680058082977938
scda,15%,19, 0.1%~0.5%,6837.0,0.9631251080351563,0.34455850624175355,0.5708759605339342,0.9462955813773918,0.6789738697363914,6.539389808432327e-05,0.0029930739430658235,0.00016922325875663602,0.0006072601545187966,0.00017423155799544974,0.9417272556045636,0.7898001596928759,0.9277005636787149,0.9067934703475652,0.9169761478201724
scda,15%,19, 0.5%~1%,7548.0,0.9647699169757993,0.3983376075969091,0.6069773626329957,0.9466779766540453,0.7156092497016177,0.00026180980303263166,0.0019994749236189927,0.001388285498370573,0.0004950755866838986,0.001403792638733932,0.9417272556045636,0.7898001596928759,0.9277005636787149,0.9067934703475652,0.9169761478201724
scda,15%,19, 1%~10%,68923.0,0.9590881831679533,0.6678511836162565,0.8179457660630529,0.9054689830210734,0.8582074352213801,6.388990070018553e-05,0.0004885082404949868,0.0003701139188892334,0.00012907929773218566,0.00017232299107000808,0.9417272556045636,0.7898001596928759,0.9277005636787149,0.9067934703475652,0.9169761478201724
scda,15%,19, 10%~20%,40538.0,0.9402524679425365,0.7865256350530357,0.9270659327340102,0.9016165975274052,0.9139451003269684,6.460523203359448e-05,0.00020892279504303851,0.00019564344617128333,0.00013728153363875732,0.0001162609712066555,0.9417272556045636,0.7898001596928759,0.9277005636787149,0.9067934703475652,0.9169761478201724
scda,15%,19, 20%~30%,26936.0,0.9249880187380187,0.7837380673411914,0.9385969734888097,0.9048420099696667,0.9202709582396075,1.984160436911167e-05,0.0003945357154604796,5.768981613306763e-05,6.593058864603499e-05,5.9862496489052416e-05,0.9417272556045636,0.7898001596928759,0.9277005636787149,0.9067934703475652,0.9169761478201724
scda,15%,19, 30%~40%,23633.0,0.9199209759337547,0.7738285470508298,0.9376819427974129,0.9097932955055622,0.9213801853813246,0.00011718767735455919,0.0003092221033004938,7.803832332277848e-05,0.00014950586145264904,0.00011827544103556041,0.9417272556045636,0.7898001596928759,0.9277005636787149,0.9067934703475652,0.9169761478201724
scda,15%,19, 40%~50%,22028.0,0.9194479065211768,0.7677041086056713,0.9351734523275033,0.9151126844694882,0.9219619199989381,2.8015874911901352e-05,0.0007460622016286446,8.81826909084958e-05,6.586439669305456e-05,5.75228799798361e-05,0.9417272556045636,0.7898001596928759,0.9277005636787149,0.9067934703475652,0.9169761478201724
scda,15%,19, Overall,196443.0,0.9417272556045636,0.7898001596928759,0.9277005636787149,0.9067934703475652,0.9169761478201724,4.414600957178856e-06,5.382408979738819e-05,3.892560161143061e-05,2.7276817441361536e-05,3.2062699196171e-05,0.9417272556045636,0.7898001596928759,0.9277005636787149,0.9067934703475652,0.9169761478201724
scda,25%,19, 0.1%~0.5%,6837.0,0.9445596819444999,0.23759212940322968,0.5011816342621732,0.9192945739517019,0.6031925243952458,0.0004435354526271888,0.0006671539441533813,0.0012971006065349497,0.00036541276474321327,0.0014546349756644878,0.911799922222793,0.6847508922664688,0.8937098288912377,0.8586657632669169,0.8753863490017905
scda,25%,19, 0.5%~1%,7548.0,0.9466746157922629,0.2808644483161447,0.5298947231097748,0.9141807766356956,0.6356115307500799,0.00019334017146837445,0.001415451770323195,0.0006188522894192316,0.0009926881434154902,0.0008023366244810696,0.911799922222793,0.6847508922664688,0.8937098288912377,0.8586657632669169,0.8753863490017905
scda,25%,19, 1%~10%,68923.0,0.9374009379812959,0.5267450174962719,0.7453265449244465,0.8493375196926248,0.7917457535962695,6.101094408121113e-06,0.00010027120177484503,0.00015692527993581393,0.0002517347227632096,1.8045726804790025e-05,0.911799922222793,0.6847508922664688,0.8937098288912377,0.8586657632669169,0.8753863490017905
scda,25%,19, 10%~20%,40538.0,0.9106322986139453,0.6834050137940916,0.893612198698451,0.853289441736901,0.872396184078287,1.599875218146833e-05,0.0005412009750216898,8.294467205242307e-05,7.009050918852286e-05,7.318341285109135e-05,0.911799922222793,0.6847508922664688,0.8937098288912377,0.8586657632669169,0.8753863490017905
scda,25%,19, 20%~30%,26936.0,0.887283606033606,0.6798917719485543,0.9113581679696435,0.8573562841309813,0.8807399086163712,0.0002159084605800935,0.0005469836460838521,2.8942901170248496e-05,0.0003501306659811022,0.00022844224368345471,0.911799922222793,0.6847508922664688,0.8937098288912377,0.8586657632669169,0.8753863490017905
scda,25%,19, 30%~40%,23633.0,0.8783830134801235,0.6673122145351577,0.9106594121936918,0.863166250949925,0.8811577987706487,0.00019503840732671082,0.000363726879105663,0.00025285298528761346,0.00023242036385224166,0.00023539782181120284,0.911799922222793,0.6847508922664688,0.8937098288912377,0.8586657632669169,0.8753863490017905
scda,25%,19, 40%~50%,22028.0,0.8775587269095532,0.6627608194686915,0.9084097273622534,0.8710844574877189,0.8823260392404566,0.00015233178860810478,0.0006904591106810905,0.0002761963122107043,0.00019809012305944116,0.00021538841544347937,0.911799922222793,0.6847508922664688,0.8937098288912377,0.8586657632669169,0.8753863490017905
scda,25%,19, Overall,196443.0,0.911799922222793,0.6847508922664688,0.8937098288912377,0.8586657632669169,0.8753863490017905,6.907389297547085e-05,0.00013186053427716095,0.00014826989793066155,0.00011706566085651826,0.00011951443192174519,0.911799922222793,0.6847508922664688,0.8937098288912377,0.8586657632669169,0.8753863490017905
scda,5%,20, 0.1%~0.5%,7397.0,0.9881278651050179,0.6938269888079391,0.7903076143026935,0.9716163094777097,0.8659155151837923,1.2289994715170005e-05,0.001700864818245626,0.0005050550532347226,0.0006289785308750274,0.0007220453910824299,0.9789208833995563,0.9287246657148683,0.9697940159866834,0.9651228412266725,0.9674420367535838
scda,5%,20, 0.5%~1%,8029.0,0.9879829557248913,0.7680872069509631,0.8387597855364155,0.9702005473732901,0.8976017583492335,1.4525757309985474e-05,0.0019044177846208733,0.00026716992567971803,0.000350720873559893,0.00010182011774614496,0.9789208833995563,0.9287246657148683,0.9697940159866834,0.9651228412266725,0.9674420367535838
scda,5%,20, 1%~10%,68182.0,0.9866124801444975,0.8979822251864388,0.9316371538539211,0.9720679239511915,0.9511588292700454,3.6657982048017896e-05,0.00034956852992716066,0.00020817550485479507,0.00010343999329686204,0.00015474025017700785,0.9789208833995563,0.9287246657148683,0.9697940159866834,0.9651228412266725,0.9674420367535838
scda,5%,20, 10%~20%,35762.0,0.9773866962223318,0.9251411903945307,0.9677034952907926,0.9614717525030344,0.9645592059454481,5.940050302000326e-05,0.0003471496756105174,0.00010248387586918632,0.0001435300548152632,0.00011013174156582319,0.9789208833995563,0.9287246657148683,0.9697940159866834,0.9651228412266725,0.9674420367535838
scda,5%,20, 20%~30%,26302.0,0.9710095211102739,0.9215691632759668,0.9731862262064007,0.9615590074735653,0.9671981381437552,5.721505671577872e-05,0.0003717880985893512,0.0001361775329828861,8.42804004239225e-05,9.668437497810995e-05,0.9789208833995563,0.9287246657148683,0.9697940159866834,0.9651228412266725,0.9674420367535838
scda,5%,20, 30%~40%,21761.0,0.9693484869372925,0.9158395827048639,0.972585546119148,0.9656585107081832,0.9688854893256704,0.00010751443378385351,0.0005494973201962992,9.359974503032558e-05,0.00012704978572499834,0.00011146596174049489,0.9789208833995563,0.9287246657148683,0.9697940159866834,0.9651228412266725,0.9674420367535838
scda,5%,20, 40%~50%,22467.0,0.9702843631939638,0.9158911784203659,0.972435364818026,0.9687418604263832,0.9702947503070241,0.00011518895258469539,0.0007172698710390165,0.00010080688612269436,0.00013216300177267717,0.0001171364683523395,0.9789208833995563,0.9287246657148683,0.9697940159866834,0.9651228412266725,0.9674420367535838
scda,5%,20, Overall,189900.0,0.9789208833995563,0.9287246657148683,0.9697940159866834,0.9651228412266725,0.9674420367535838,1.4869433839325737e-05,5.920654959847724e-05,1.6504336325269036e-05,6.301816210711636e-05,2.357656936243402e-05,0.9789208833995563,0.9287246657148683,0.9697940159866834,0.9651228412266725,0.9674420367535838
scda,15%,20, 0.1%~0.5%,7397.0,0.9624479211473939,0.3811866861346771,0.5898681645696409,0.9476303920464226,0.7012842725850797,0.00022179525020303236,0.00226203366616502,0.0007661318740345735,0.0013634621763622178,0.0006617798860455578,0.9398617294588858,0.7844979433783781,0.9261194148810601,0.9047368355157906,0.9151389246973176
scda,15%,20, 0.5%~1%,8029.0,0.9626920594662529,0.47140793979675294,0.6517816313490603,0.9436286432004755,0.756740381775516,0.00011137080114643227,0.001985639051052685,0.000593407520506193,0.0005787675097423705,0.0005297831938918919,0.9398617294588858,0.7844979433783781,0.9261194148810601,0.9047368355157906,0.9151389246973176
scda,15%,20, 1%~10%,68182.0,0.957160336461325,0.6913034134148196,0.8278270205262941,0.9045750551774985,0.8633466683965899,4.215612256904833e-05,0.0005239132995743292,0.00018691637037289923,4.5296599874242756e-05,9.179688754054323e-05,0.9398617294588858,0.7844979433783781,0.9261194148810601,0.9047368355157906,0.9151389246973176
scda,15%,20, 10%~20%,35762.0,0.9369851272639148,0.7759903736469892,0.9239615679652271,0.8971523620689474,0.9101121428849904,0.000100454199818264,0.0006087302965421721,9.468366780079004e-05,0.00013401966864679294,7.67272111651229e-05,0.9398617294588858,0.7844979433783781,0.9261194148810601,0.9047368355157906,0.9151389246973176
scda,15%,20, 20%~30%,26302.0,0.9250437229108054,0.7817910597495392,0.9389897675469321,0.904576740396236,0.9203174721744921,8.680548561731404e-05,0.000604920322840266,0.00010379523401354874,0.00011841439482145442,9.871894446762779e-05,0.9398617294588858,0.7844979433783781,0.9261194148810601,0.9047368355157906,0.9151389246973176
scda,15%,20, 30%~40%,21761.0,0.9163564787157453,0.7633892736859241,0.934860090167266,0.9070861359927836,0.9182860384666561,0.00016079863115479369,0.0011729518198801327,4.770449249264123e-05,0.00015189936386234663,0.00012041132319503658,0.9398617294588858,0.7844979433783781,0.9261194148810601,0.9047368355157906,0.9151389246973176
scda,15%,20, 40%~50%,22467.0,0.9164623265638087,0.7582271257270873,0.931914520032206,0.9127698557945046,0.9189410812176132,0.00012783244590590292,0.00039454227163987813,6.4148671031625e-05,0.00016588915092035546,0.00013414314863645734,0.9398617294588858,0.7844979433783781,0.9261194148810601,0.9047368355157906,0.9151389246973176
scda,15%,20, Overall,189900.0,0.9398617294588858,0.7844979433783781,0.9261194148810601,0.9047368355157906,0.9151389246973176,3.187682755707098e-05,0.0002353905827969223,3.619553643202226e-05,5.6894746629182695e-05,3.806830027225877e-05,0.9398617294588858,0.7844979433783781,0.9261194148810601,0.9047368355157906,0.9151389246973176
scda,25%,20, 0.1%~0.5%,7397.0,0.9433636076869821,0.26565870699865307,0.5146297059819879,0.9178447702319089,0.6209789447428159,0.0004264062918858307,0.0019313804255630747,0.0016437922602161375,0.0004952202159890645,0.001622474612941759,0.9089694735666298,0.6769832090159045,0.8912308115629756,0.8555993206298753,0.8725672240597747
scda,25%,20, 0.5%~1%,8029.0,0.9438701374185244,0.338164774612304,0.570103538763778,0.9067005892859138,0.6766507248521544,0.00036334245845770995,0.0008300787658931709,0.0012083063903746527,0.0009222902200302978,0.0010307138825895992,0.9089694735666298,0.6769832090159045,0.8912308115629756,0.8555993206298753,0.8725672240597747
scda,25%,20, 1%~10%,68182.0,0.9346415076226465,0.5557051247670902,0.75794727939279,0.848986733259717,0.7989587011963565,8.669143188469999e-05,0.001133626394519305,0.0003501985273792694,0.0002910088091017681,0.00025816877638970586,0.9089694735666298,0.6769832090159045,0.8912308115629756,0.8555993206298753,0.8725672240597747
scda,25%,20, 10%~20%,35762.0,0.9053043013322081,0.6667730231472854,0.8884752964503311,0.8460304257789169,0.8660662988428557,0.00017027798786699698,0.00040279331519128874,0.0002645508325340613,0.00025923559418633535,0.0002623533354424804,0.9089694735666298,0.6769832090159045,0.8912308115629756,0.8555993206298753,0.8725672240597747
scda,25%,20, 20%~30%,26302.0,0.8875730731388095,0.6782542944116229,0.9116888147917578,0.8573670859315833,0.8809456307406313,0.0003007555754836227,0.00024127683069606536,0.0003679714560462771,0.0003400059788396922,0.00034438103987830286,0.9089694735666298,0.6769832090159045,0.8912308115629756,0.8555993206298753,0.8725672240597747
scda,25%,20, 30%~40%,21761.0,0.8725990895583285,0.6521507152658498,0.9067118313972434,0.8587091030038408,0.8761763072050824,6.73323325439187e-05,0.0008784590517987274,3.421583402629961e-05,4.985240519066787e-05,3.656348623694001e-05,0.9089694735666298,0.6769832090159045,0.8912308115629756,0.8555993206298753,0.8725672240597747
scda,25%,20, 40%~50%,22467.0,0.8733748892314789,0.6497580569216463,0.9041820164569808,0.8680140790361408,0.8782617095343329,0.00024635981053361703,0.0008262009227552414,0.00025058306493162423,0.00021516325306683137,0.00023202372205669204,0.9089694735666298,0.6769832090159045,0.8912308115629756,0.8555993206298753,0.8725672240597747
scda,25%,20, Overall,189900.0,0.9089694735666298,0.6769832090159045,0.8912308115629756,0.8555993206298753,0.8725672240597747,8.878096865098915e-05,0.00038620801525519633,0.00015485714388092676,0.00012618619820596862,0.000136998400158214,0.9089694735666298,0.6769832090159045,0.8912308115629756,0.8555993206298753,0.8725672240597747
scda,5%,21, 0.1%~0.5%,4535.0,0.987462831178377,0.6961154837113175,0.7951309115248488,0.9688997911921047,0.8687307889830218,9.824807692710099e-05,0.0006915844941385576,0.001102585784664328,0.00011403134821611497,0.0006913740076215264,0.9782178954551423,0.9284357908392193,0.9692828498953125,0.964949019816627,0.9671008756482392
scda,5%,21, 0.5%~1%,4593.0,0.9880071122722985,0.7537145331115878,0.8287321466312397,0.968943030270483,0.8907858718101705,0.00012383791767906272,0.0031490156628810597,0.001620023598683918,0.0006920442357033265,0.0009830016371668027,0.9782178954551423,0.9284357908392193,0.9692828498953125,0.964949019816627,0.9671008756482392
scda,5%,21, 1%~10%,41652.0,0.9859532373577317,0.8920430010791911,0.9289616791611118,0.9706638106351518,0.949094722222742,5.106486625607371e-05,0.0004120410850464377,0.00023440888538261146,0.00011377851921912884,0.00013415965791523782,0.9782178954551423,0.9284357908392193,0.9692828498953125,0.964949019816627,0.9671008756482392
scda,5%,21, 10%~20%,23496.0,0.9768158474427627,0.9277893440632946,0.9680932116019862,0.962630705428694,0.9653392418199225,0.0001582367169652049,0.0002313096388673814,0.00033015853033427394,0.00024402320018021442,0.000284275409813203,0.9782178954551423,0.9284357908392193,0.9692828498953125,0.964949019816627,0.9671008756482392
scda,5%,21, 20%~30%,16815.0,0.970520098396994,0.9211127485627691,0.9725613180360888,0.9618174964913077,0.9670183448405103,0.00020620315062839853,0.0005548089080917992,0.00020118579617719277,0.0002281634228549623,0.0002150081728141915,0.9782178954551423,0.9284357908392193,0.9692828498953125,0.964949019816627,0.9671008756482392
scda,5%,21, 30%~40%,14563.0,0.9693447903466442,0.9159448690758097,0.9723381695291557,0.9656935349224951,0.9687982512993174,7.00889288947158e-05,7.453956157189737e-05,7.61032411295911e-05,7.979622153912344e-05,7.767284491904288e-05,0.9782178954551423,0.9284357908392193,0.9692828498953125,0.964949019816627,0.9671008756482392
scda,5%,21, 40%~50%,13669.0,0.9696232572265934,0.9147322959799729,0.9715857292604743,0.968010379087069,0.9695180484633905,0.00015277131884684842,0.0006544189054037272,0.0001844301909549147,0.00012928539750908723,0.00015419269213338117,0.9782178954551423,0.9284357908392193,0.9692828498953125,0.964949019816627,0.9671008756482392
scda,5%,21, Overall,119323.0,0.9782178954551423,0.9284357908392193,0.9692828498953125,0.964949019816627,0.9671008756482392,1.7542069498236836e-05,0.00010060023483179732,4.402416929637672e-05,1.8909417517967466e-05,2.3602010089883412e-05,0.9782178954551423,0.9284357908392193,0.9692828498953125,0.964949019816627,0.9671008756482392
scda,15%,21, 0.1%~0.5%,4535.0,0.961566603187331,0.3871408254053003,0.5984755016943017,0.9437642446573403,0.7093952634791584,0.00014942419079761585,0.0006445350400976162,0.0008999214186328737,0.0009951750284758277,0.001030991421633785,0.9386577151551213,0.7859773710948342,0.9259392855069796,0.9057313197711707,0.9155683040911367
scda,15%,21, 0.5%~1%,4593.0,0.9629706602273552,0.4567604046785751,0.6402122669543927,0.9447620902202876,0.7470493123258413,0.0003283907898277611,0.004177797164819903,0.001489423403009708,0.00022236851246510992,0.0012070551857604394,0.9386577151551213,0.7859773710948342,0.9259392855069796,0.9057313197711707,0.9155683040911367
scda,15%,21, 1%~10%,41652.0,0.9556216515486179,0.679713023102019,0.8226723395508923,0.9036176321361244,0.8600833331492285,6.554652095723839e-05,0.00022523431314522844,0.00021312713397942588,0.00017023528706780982,0.00017078624499830005,0.9386577151551213,0.7859773710948342,0.9259392855069796,0.9057313197711707,0.9155683040911367
scda,15%,21, 10%~20%,23496.0,0.9356776395208469,0.7849353758975895,0.9257389861324447,0.9003870399939083,0.9126304890241163,0.00017187989100579475,7.251730299657187e-05,0.00040657646290016223,0.0003093132605501101,0.0003444482654548787,0.9386577151551213,0.7859773710948342,0.9259392855069796,0.9057313197711707,0.9155683040911367
scda,15%,21, 20%~30%,16815.0,0.9242437758494849,0.7819363073773223,0.9378304995197602,0.9060271017232576,0.9204830566105814,0.0002421867146511115,0.0008931643537305154,0.00020540964560907267,0.00030118378417404455,0.00024812380648743483,0.9386577151551213,0.7859773710948342,0.9259392855069796,0.9057313197711707,0.9155683040911367
scda,15%,21, 30%~40%,14563.0,0.9176857498975194,0.7667626718372782,0.9349662946076203,0.9087287694878258,0.9194149922679725,9.587747770075782e-05,0.00043585722866382155,4.872413928526406e-05,0.00012495004129325934,7.86302278220501e-05,0.9386577151551213,0.7859773710948342,0.9259392855069796,0.9057313197711707,0.9155683040911367
scda,15%,21, 40%~50%,13669.0,0.9163928774909827,0.7580269516319628,0.9312145653554341,0.9127545347552081,0.9186939028737041,0.0002924171770571278,0.00020483577062826823,0.00018011747047243638,0.00037590593036057173,0.0003090650905656105,0.9386577151551213,0.7859773710948342,0.9259392855069796,0.9057313197711707,0.9155683040911367
scda,15%,21, Overall,119323.0,0.9386577151551213,0.7859773710948342,0.9259392855069796,0.9057313197711707,0.9155683040911367,4.900373606052194e-05,0.0003018330149124427,0.0001414096509568863,2.5428878235753934e-05,7.4217880024326e-05,0.9386577151551213,0.7859773710948342,0.9259392855069796,0.9057313197711707,0.9155683040911367
scda,25%,21, 0.1%~0.5%,4535.0,0.9419147372289599,0.26586044436241724,0.5207789276116798,0.9120303244539821,0.6276100467495755,0.00024903471522607344,0.0010228559391977981,0.0008419928409076809,0.0003800202042223151,0.0007607173844945578,0.907370915053843,0.6795287305858398,0.8912269405839989,0.8578050940406582,0.8737461115876753
scda,25%,21, 0.5%~1%,4593.0,0.9441491993745422,0.3250145646551813,0.5592083343932758,0.9063386267325804,0.6658410794708763,0.00024301860851115337,0.00128661533479292,0.0011233653816275216,0.0014606399489193941,0.0012795709771463047,0.907370915053843,0.6795287305858398,0.8912269405839989,0.8578050940406582,0.8737461115876753
scda,25%,21, 1%~10%,41652.0,0.9324653187012736,0.5430387680667295,0.7517135223738499,0.8501529297190814,0.7958511511942706,8.838127753324787e-05,0.00020083356089931065,0.00028556121740960755,0.0001502371030040567,0.00022538809244277704,0.907370915053843,0.6795287305858398,0.8912269405839989,0.8578050940406582,0.8737461115876753
scda,25%,21, 10%~20%,23496.0,0.904150029405392,0.6819162958298305,0.8922244839864725,0.8521502504676978,0.8710508255770787,7.959390216192596e-05,0.0011189628668690284,0.00022759128317589072,0.00016718065746820497,3.740343748613318e-05,0.907370915053843,0.6795287305858398,0.8912269405839989,0.8578050940406582,0.8737461115876753
scda,25%,21, 20%~30%,16815.0,0.8861131385217024,0.6770474939757207,0.9099777559173218,0.8594458451722145,0.8811784598690239,0.0002377804261788589,0.00025515205169595153,0.00020096858063603238,0.0002772606032133843,0.0002372868329266779,0.907370915053843,0.6795287305858398,0.8912269405839989,0.8578050940406582,0.8737461115876753
scda,25%,21, 30%~40%,14563.0,0.8749581234302789,0.6570855432303576,0.906737902155582,0.8616328852577878,0.8782895867899064,0.0001139820724767714,0.0003809191821388213,0.0003491118374943763,8.294016796709184e-05,0.0001449571116817635,0.907370915053843,0.6795287305858398,0.8912269405839989,0.8578050940406582,0.8737461115876753
scda,25%,21, 40%~50%,13669.0,0.8733043360667913,0.6496263568156483,0.9029704607860985,0.8680346582716872,0.8779052896968486,0.00013004439930259455,0.0009682719502934969,0.00016477671945164151,0.00016042155725681432,0.00011122178893863148,0.907370915053843,0.6795287305858398,0.8912269405839989,0.8578050940406582,0.8737461115876753
scda,25%,21, Overall,119323.0,0.907370915053843,0.6795287305858398,0.8912269405839989,0.8578050940406582,0.8737461115876753,6.617412211833196e-05,0.0003648490111789299,6.629811643990296e-05,7.304385579831305e-05,5.3305169648719876e-05,0.907370915053843,0.6795287305858398,0.8912269405839989,0.8578050940406582,0.8737461115876753
scda,5%,22, 0.1%~0.5%,2442.0,0.9875815898543171,0.6722692157283339,0.7800336029505784,0.9708946621062124,0.8579992095992565,0.00028326003855916484,0.004440931866944067,0.003136136247758957,0.0006158835747640175,0.0020732084458522943,0.9786561145965748,0.9294240177387308,0.9699195402430137,0.9656116731624458,0.9677508265215676
scda,5%,22, 0.5%~1%,3189.0,0.9884688845178027,0.6931532526503185,0.7879666760936216,0.9722904380534629,0.8615708013629712,8.402339093595767e-05,0.0029339373703053248,0.0012434704127792216,0.0011151404243798888,0.0008283789814851072,0.9786561145965748,0.9294240177387308,0.9699195402430137,0.9656116731624458,0.9677508265215676
scda,5%,22, 1%~10%,40929.0,0.9861800590379349,0.8903883976100054,0.9297927359834826,0.9716260032731037,0.9499982695836614,4.720905005520025e-05,4.622508616893702e-05,0.0002267279686070062,0.00011847269735607354,0.00017682147413384345,0.9786561145965748,0.9294240177387308,0.9699195402430137,0.9656116731624458,0.9677508265215676
scda,5%,22, 10%~20%,21997.0,0.9778867917250423,0.9291084404269417,0.9693381349314464,0.9638312796397569,0.9665612736679524,4.0628933991797705e-05,0.00023390879026116056,0.00014350057185783156,3.945817239934075e-05,8.60602661893509e-05,0.9786561145965748,0.9294240177387308,0.9699195402430137,0.9656116731624458,0.9677508265215676
scda,5%,22, 20%~30%,15128.0,0.9706194013108344,0.9220048958924156,0.9721981003895762,0.9609961942516408,0.9664332476601807,4.223485011780982e-05,0.00048464412046992576,8.305365258292575e-05,4.381644463704606e-05,1.636177242565183e-05,0.9786561145965748,0.9294240177387308,0.9699195402430137,0.9656116731624458,0.9677508265215676
scda,5%,22, 30%~40%,14964.0,0.9704077665184321,0.9197253249387874,0.9732536410904832,0.9663727575948006,0.969616142604988,7.225067369112485e-05,0.00016637740382081077,0.00010087624850368131,7.931930771688518e-05,8.719479412697557e-05,0.9786561145965748,0.9294240177387308,0.9699195402430137,0.9656116731624458,0.9677508265215676
scda,5%,22, 40%~50%,12201.0,0.9705333392940965,0.9166174045341621,0.9726643468107464,0.968801714782511,0.9704611255135829,5.330817899150623e-05,0.00042435077443000584,4.182964177844929e-05,8.479978696705588e-05,6.646114958969346e-05,0.9786561145965748,0.9294240177387308,0.9699195402430137,0.9656116731624458,0.9677508265215676
scda,5%,22, Overall,110850.0,0.9786561145965748,0.9294240177387308,0.9699195402430137,0.9656116731624458,0.9677508265215676,2.2788790899334146e-05,5.603345136168531e-05,5.6523397730341684e-05,2.4454986120903606e-05,3.6717139635479985e-05,0.9786561145965748,0.9294240177387308,0.9699195402430137,0.9656116731624458,0.9677508265215676
scda,15%,22, 0.1%~0.5%,2442.0,0.9615597001960637,0.36143537297673967,0.5845888964595716,0.9446779974801243,0.6941736302560084,0.000559674978362118,0.0005883330562635444,0.0025060367071798395,0.002335438582233406,0.0017222760328219795,0.9393118601440659,0.7874611648710313,0.9268678610273889,0.9060830328015722,0.9161979253931568
scda,15%,22, 0.5%~1%,3189.0,0.9640121820272337,0.38456507764945114,0.6021213117376208,0.9473629326696305,0.7060554269816247,0.000314736583334511,0.0029778107522293006,0.0011588766459983443,0.0003634727741829572,0.0012644464980062877,0.9393118601440659,0.7874611648710313,0.9268678610273889,0.9060830328015722,0.9161979253931568
scda,15%,22, 1%~10%,40929.0,0.9559614321030431,0.6742468686737256,0.8239497106891488,0.9032972484139438,0.8607092744202364,8.977608737511633e-05,0.0011338553714749084,0.0003369380166163194,0.000235631182435272,0.00020227457665701246,0.9393118601440659,0.7874611648710313,0.9268678610273889,0.9060830328015722,0.9161979253931568
scda,15%,22, 10%~20%,21997.0,0.9372986123452097,0.7857737380630295,0.9267433086488402,0.9010593125888652,0.9134624172886169,0.00013881952075318405,0.000631822726397267,0.0004180808289325072,0.0001525195964143535,0.00025816079602726766,0.9393118601440659,0.7874611648710313,0.9268678610273889,0.9060830328015722,0.9161979253931568
scda,15%,22, 20%~30%,15128.0,0.9247011361633254,0.7826132911402671,0.937354522301051,0.9044023256150249,0.9195368740295611,9.803601164228232e-05,0.0007954071073185996,0.00018487836800442644,0.00017623645486836224,7.995407995847234e-05,0.9393118601440659,0.7874611648710313,0.9268678610273889,0.9060830328015722,0.9161979253931568
scda,15%,22, 30%~40%,14964.0,0.920333041724381,0.7749060437384817,0.9371552618804877,0.9105367617178023,0.9216031128129054,0.00010532391951342011,0.0002073404115997728,0.0001644629756190503,0.00015969758808623722,0.00014088517551839655,0.9393118601440659,0.7874611648710313,0.9268678610273889,0.9060830328015722,0.9161979253931568
scda,15%,22, 40%~50%,12201.0,0.9175731994148518,0.7626879876046314,0.9325238769225277,0.9134147418974008,0.9197964083880154,0.0002868939860442366,0.0004082340396087052,0.0003515966574626813,0.00025128762075978043,0.0002820564235122354,0.9393118601440659,0.7874611648710313,0.9268678610273889,0.9060830328015722,0.9161979253931568
scda,15%,22, Overall,110850.0,0.9393118601440659,0.7874611648710313,0.9268678610273889,0.9060830328015722,0.9161979253931568,8.861693465188805e-05,0.0004520131664362785,0.00010932351101256413,9.371916220232804e-05,0.0001009666782526458,0.9393118601440659,0.7874611648710313,0.9268678610273889,0.9060830328015722,0.9161979253931568
scda,25%,22, 0.1%~0.5%,2442.0,0.9394280644280645,0.23244305485146918,0.49850188224092196,0.8800904553229253,0.5962896808557562,0.0034551944358509655,0.02077907153587753,0.01764222152301437,0.04766849423057498,0.026017781265344538,0.9080048796489933,0.6815257324539042,0.8926060348333854,0.8569028556670965,0.8738962245163823
scda,25%,22, 0.5%~1%,3189.0,0.9440144625939547,0.24640922398919604,0.5182743798297066,0.8734974525759239,0.611903673551168,0.0011623921536989608,0.029564460397779952,0.013041531253387367,0.06378410510189836,0.02364326146994328,0.9080048796489933,0.6815257324539042,0.8926060348333854,0.8569028556670965,0.8738962245163823
scda,25%,22, 1%~10%,40929.0,0.9328737792052313,0.535665523233028,0.753696990632997,0.844350998898923,0.7947279611238288,0.0002372023928726497,0.00038950465521357615,0.00015295042122504468,0.004660339651677882,0.0019063735013418457,0.9080048796489933,0.6815257324539042,0.8926060348333854,0.8569028556670965,0.8738962245163823
scda,25%,22, 10%~20%,21997.0,0.9060719023668516,0.682020453019038,0.8930003907059714,0.8521027588630347,0.8713947366237346,0.0008248090981216137,0.0031630967862735634,0.0009209405069194338,0.0011225979008048334,0.0010304692873507593,0.9080048796489933,0.6815257324539042,0.8926060348333854,0.8569028556670965,0.8738962245163823
scda,25%,22, 20%~30%,15128.0,0.8870797477685368,0.6792801058793879,0.9093673483487293,0.857170399330253,0.8799606430178469,0.00031729561512728336,0.002105157446905422,0.0003564504028553372,0.0004602836238124857,0.00038454139725595645,0.9080048796489933,0.6815257324539042,0.8926060348333854,0.8569028556670965,0.8738962245163823
scda,25%,22, 30%~40%,14964.0,0.8787706657594389,0.6684105643726527,0.9097680333969228,0.8640695517165972,0.8813808221330324,0.00031349939306677115,0.0020709177228516516,0.0003609867304488604,0.0005765810051236982,0.0003952757267945062,0.9080048796489933,0.6815257324539042,0.8926060348333854,0.8569028556670965,0.8738962245163823
scda,25%,22, 40%~50%,12201.0,0.8741639408592937,0.6533077535704526,0.9042279544468582,0.8680628414533583,0.878655616204833,0.00022841407864811002,0.0006679285205492057,0.00015447233925217963,0.0002915393910250699,0.0002656861324432251,0.9080048796489933,0.6815257324539042,0.8926060348333854,0.8569028556670965,0.8738962245163823
scda,25%,22, Overall,110850.0,0.9080048796489933,0.6815257324539042,0.8926060348333854,0.8569028556670965,0.8738962245163823,5.973194224695526e-05,0.0008136251631617826,0.00031336742109567504,0.0008603544558304459,0.00032496228303442677,0.9080048796489933,0.6815257324539042,0.8926060348333854,0.8569028556670965,0.8738962245163823
